Split group,AGFV feature,Feature index,Baseline AUC,Ablated AUC,Delta AUC,Baseline balanced accuracy,Ablated balanced accuracy,Delta balanced accuracy,Baseline accuracy,Ablated accuracy,Delta accuracy,Baseline F1,Ablated F1,Delta F1,Mean absolute probability change,Mean signed probability change,Feature ablation score
Train,AGFV001,0,0.9990490054791915,0.9990307171230222,1.8288356169349207e-05,0.9972476023965062,0.9972476023965062,0.0,0.9971671388101983,0.9971671388101983,0.0,0.9966405375139977,0.9966405375139977,0.0,0.0004322883323766291,-0.00040359608829021454,6.151718940701213e-05
Validation,AGFV001,0,0.9247654018767849,0.9272133822929417,-0.002447980416156792,0.850999592003264,0.8457364341085272,0.0052631578947368585,0.8571428571428571,0.8526785714285714,0.004464285714285698,0.8279569892473119,0.8216216216216217,0.0063353676256902025,0.0018311107996851206,-0.0015373906353488564,0.0029982885585485785
Test,AGFV001,0,0.8859514170040484,0.8901214574898786,-0.00417004048583014,0.8283400809716599,0.8336032388663968,-0.0052631578947368585,0.8311111111111111,0.8355555555555556,-0.004444444444444473,0.8020833333333334,0.8082901554404145,-0.0062068221070811225,0.002243220107629895,-0.0020942550618201494,-0.009208876369804008
Heldout,AGFV001,0,0.9048465758992075,0.908230034545824,-0.0033834586466164884,0.8396260922576713,0.8396260922576713,0.0,0.844097995545657,0.844097995545657,0.0,0.8148148148148148,0.8148148148148148,0.0,0.0020376243628561497,-0.001816443051211536,-0.0031796962103308735
All,AGFV001,0,0.9774329597253476,0.978513934568115,-0.0010809748427673682,0.9502697478506722,0.9502697478506722,0.0,0.9515915119363395,0.9515915119363395,0.0,0.9425649095200629,0.9425649095200629,0.0,0.0009102696203626692,-0.0008242646581493318,-0.0009899478807311012
Train,AGFV002,1,0.9990490054791915,0.9990782668490625,-2.9261369871025344e-05,0.9972476023965062,0.9972476023965062,0.0,0.9971671388101983,0.9971671388101983,0.0,0.9966405375139977,0.9966405375139977,0.0,0.00033728612470440567,0.00032585160806775093,4.467242599415223e-06
Validation,AGFV002,1,0.9247654018767849,0.9220726234190127,0.0026927784577721603,0.850999592003264,0.850999592003264,0.0,0.8571428571428571,0.8571428571428571,0.0,0.8279569892473119,0.8279569892473119,0.0,0.0015699967043474317,0.0014097084058448672,0.0028497781282069033
Test,AGFV002,1,0.8859514170040484,0.8851821862348178,0.0007692307692306333,0.8283400809716599,0.8283400809716599,0.0,0.8311111111111111,0.8311111111111111,0.0,0.8020833333333334,0.8020833333333334,0.0,0.0017351983115077019,0.001490195980295539,0.0009427506003814035
Heldout,AGFV002,1,0.9048465758992075,0.9029262345051818,0.0019203413940256375,0.8396260922576713,0.8396260922576713,0.0,0.844097995545657,0.844097995545657,0.0,0.8148148148148148,0.8148148148148148,0.0,0.001652781618759036,0.0014500418910756707,0.0020856195559015413
All,AGFV002,1,0.9774329597253476,0.9769199699959609,0.0005129897293867369,0.9502697478506722,0.9502697478506722,0.0,0.9515915119363395,0.9515915119363395,0.0,0.9425649095200629,0.9425649095200629,0.0,0.0007289687637239695,0.0006605740054510534,0.0005858866057591339
Train,AGFV003,2,0.9990490054791915,0.9990672938353609,-1.8288356169349207e-05,0.9972476023965062,0.9972476023965062,0.0,0.9971671388101983,0.9971671388101983,0.0,0.9966405375139977,0.9966405375139977,0.0,0.00012140586477471516,3.401969661354087e-05,-6.147769691877691e-06
Validation,AGFV003,2,0.9247654018767849,0.9253365973072215,-0.0005711954304365996,0.850999592003264,0.8457364341085272,0.0052631578947368585,0.8571428571428571,0.8526785714285714,0.004464285714285698,0.8279569892473119,0.8216216216216217,0.0063353676256902025,0.0006822434370405972,0.00048735857126303017,0.004760186808004318
Test,AGFV003,2,0.8859514170040484,0.8896356275303644,-0.0036842105263159564,0.8283400809716599,0.8283400809716599,0.0,0.8311111111111111,0.8311111111111111,0.0,0.8020833333333334,0.8020833333333334,0.0,0.0006764717982150614,0.0005733522702939808,-0.00361656334649445
Heldout,AGFV003,2,0.9048465758992075,0.9070920544604756,-0.0022454785612681105,0.8396260922576713,0.8369945133103027,0.0026315789473685403,0.844097995545657,0.8418708240534521,0.00222717149220486,0.8148148148148148,0.8116710875331565,0.0031437272816582373,0.0006793511565774679,0.0005304511869326234,0.00045403550175817655
All,AGFV003,2,0.9774329597253476,0.9781740450637587,-0.0007410853384111071,0.9502697478506722,0.9494835843286596,0.0007861635220125507,0.9515915119363395,0.9509283819628647,0.0006631299734748408,0.9425649095200629,0.9417322834645669,0.0008326260554959442,0.0002875314967241138,0.0001818298624129966,7.383133327385494e-05
Train,AGFV004,3,0.9990490054791915,0.9989795097257478,6.949575344372683e-05,0.9972476023965062,0.9972476023965062,0.0,0.9971671388101983,0.9971671388101983,0.0,0.9966405375139977,0.9966405375139977,0.0,0.00020622914598789066,0.00014858778740745038,9.01186680425159e-05
Validation,AGFV004,3,0.9247654018767849,0.9264789881680947,-0.0017135862913097988,0.850999592003264,0.8457364341085272,0.0052631578947368585,0.8571428571428571,0.8526785714285714,0.004464285714285698,0.8279569892473119,0.8216216216216217,0.0063353676256902025,0.00048079295083880424,0.00011725085641955957,0.00359765089851094
Test,AGFV004,3,0.8859514170040484,0.8897165991902833,-0.0037651821862348944,0.8283400809716599,0.8283400809716599,0.0,0.8311111111111111,0.8311111111111111,0.0,0.8020833333333334,0.8020833333333334,0.0,0.0006055309204384685,0.00016637997759971768,-0.0037046290941910474
Heldout,AGFV004,3,0.9048465758992075,0.9076204023572444,-0.002773826458036921,0.8396260922576713,0.8369945133103027,0.0026315789473685403,0.844097995545657,0.8418708240534521,0.00222717149220486,0.8148148148148148,0.8116710875331565,0.0031437272816582373,0.0005433008773252368,0.00014187012857291847,-8.791742293585702e-05
All,AGFV004,3,0.9774329597253476,0.978266906121978,-0.0008339463966303695,0.9502697478506722,0.9494835843286596,0.0007861635220125507,0.9515915119363395,0.9509283819628647,0.0006631299734748408,0.9425649095200629,0.9417322834645669,0.0008326260554959442,0.00030659069307148457,0.00014658764121122658,-1.7123805310670368e-05
Train,AGFV005,4,0.9990490054791915,0.9990819245202964,-3.291904110491739e-05,0.9972476023965062,0.9972476023965062,0.0,0.9971671388101983,0.9971671388101983,0.0,0.9966405375139977,0.9966405375139977,0.0,0.00020494370255619287,8.376198820769787e-05,-1.24246708492981e-05
Validation,AGFV005,4,0.9247654018767849,0.9237862097103223,0.0009791921664625836,0.850999592003264,0.850999592003264,0.0,0.8571428571428571,0.8571428571428571,0.0,0.8279569892473119,0.8279569892473119,0.0,0.0007835550350137055,-0.0004072917508892715,0.0010575476699639542
Test,AGFV005,4,0.8859514170040484,0.8881376518218623,-0.0021862348178138813,0.8283400809716599,0.8283400809716599,0.0,0.8311111111111111,0.8311111111111111,0.0,0.8020833333333334,0.8020833333333334,0.0,0.0007175352657213807,-0.00042607824434526265,-0.002114481291241743
Heldout,AGFV005,4,0.9048465758992075,0.9058016663279822,-0.0009550904287747297,0.8396260922576713,0.8396260922576713,0.0,0.844097995545657,0.844097995545657,0.0,0.8148148148148148,0.8148148148148148,0.0,0.0007504716049879789,-0.0004167059378232807,-0.0008800432682759318
All,AGFV005,4,0.9774329597253476,0.9777430976285271,-0.00031013790317946377,0.9502697478506722,0.9502697478506722,0.0,0.9515915119363395,0.9515915119363395,0.0,0.9425649095200629,0.9425649095200629,0.0,0.00036737212212756276,-6.525000935653225e-05,-0.0002734006909667075
Train,AGFV006,5,0.9990490054791915,0.9990709515065948,-2.1946027403241253e-05,0.9972476023965062,0.9972476023965062,0.0,0.9971671388101983,0.9971671388101983,0.0,0.9966405375139977,0.9966405375139977,0.0,0.0002647570217959583,8.165554027073085e-05,4.529674776354577e-06
Validation,AGFV006,5,0.9247654018767849,0.9257445940432477,-0.0009791921664628056,0.850999592003264,0.8457364341085272,0.0052631578947368585,0.8571428571428571,0.8526785714285714,0.004464285714285698,0.8279569892473119,0.8216216216216217,0.0063353676256902025,0.0010530713479965925,0.000496425258461386,0.004389272863073712
Test,AGFV006,5,0.8859514170040484,0.8875303643724697,-0.0015789473684212352,0.8283400809716599,0.8283400809716599,0.0,0.8311111111111111,0.8311111111111111,0.0,0.8020833333333334,0.8020833333333334,0.0,0.0012614785227924585,-0.00013256804959382862,-0.0014527995161419892
Heldout,AGFV006,5,0.9048465758992075,0.9062385693964642,-0.001391993497256716,0.8396260922576713,0.8369945133103027,0.0026315789473685403,0.844097995545657,0.8418708240534521,0.00222717149220486,0.8148148148148148,0.8116710875331565,0.0031437272816582373,0.0011575070675462484,0.00018122816982213408,0.001355336156866449
All,AGFV006,5,0.9774329597253476,0.9778900525070683,-0.00045709278172068046,0.9502697478506722,0.9494835843286596,0.0007861635220125507,0.9515915119363395,0.9509283819628647,0.0006631299734748408,0.9425649095200629,0.9417322834645669,0.0008326260554959442,0.000530569173861295,0.00011130284110549837,0.00038212765767799974
Train,AGFV007,6,0.9990490054791915,0.9990416901367237,7.315342467784092e-06,0.9972476023965062,0.9972476023965062,0.0,0.9971671388101983,0.9971671388101983,0.0,0.9966405375139977,0.9966405375139977,0.0,0.00018763025582302362,4.639761391445063e-05,2.6078368050086454e-05
Validation,AGFV007,6,0.9247654018767849,0.9243574051407589,0.00040799673602598396,0.850999592003264,0.850999592003264,0.0,0.8571428571428571,0.8571428571428571,0.0,0.8279569892473119,0.8279569892473119,0.0,0.0009900722652673721,-0.0007447871612384915,0.0005070039625527211
Test,AGFV007,6,0.8859514170040484,0.8866396761133604,-0.0006882591093119172,0.8283400809716599,0.8336032388663968,-0.0052631578947368585,0.8311111111111111,0.8355555555555556,-0.004444444444444473,0.8020833333333334,0.8082901554404145,-0.0062068221070811225,0.0011595628457143903,-0.0009152028360404074,-0.005835460719477337
Heldout,AGFV007,6,0.9048465758992075,0.9049786628733997,-0.0001320869741922026,0.8396260922576713,0.8422576712050396,-0.002631578947368318,0.844097995545657,0.8463251670378619,-0.00222717149220486,0.8148148148148148,0.8179419525065963,-0.003127137691781523,0.0010750063229352236,-0.0008301848429255188,-0.0026561652892669986
All,AGFV007,6,0.9774329597253476,0.9774789394726213,-4.5979747273716676e-05,0.9502697478506722,0.9510559113726849,-0.0007861635220126617,0.9515915119363395,0.9522546419098143,-0.0006631299734748408,0.9425649095200629,0.9433962264150944,-0.0008313168950314642,0.00045184235204942524,-0.00021460073185153306,-0.0007869590340814359
Train,AGFV008,7,0.9990490054791915,0.9990599784928932,-1.0973013701676138e-05,0.9972476023965062,0.9972476023965062,0.0,0.9971671388101983,0.9971671388101983,0.0,0.9966405375139977,0.9966405375139977,0.0,0.000276464648777619,-0.00016670521290507168,1.6673451176085764e-05
Validation,AGFV008,7,0.9247654018767849,0.926234190126479,-0.0014687882496940974,0.850999592003264,0.850999592003264,0.0,0.8571428571428571,0.8571428571428571,0.0,0.8279569892473119,0.8279569892473119,0.0,0.0011648695217445493,-0.00041455196333117783,-0.0013523012975196424
Test,AGFV008,7,0.8859514170040484,0.8895546558704452,-0.0036032388663967962,0.8283400809716599,0.8336032388663968,-0.0052631578947368585,0.8311111111111111,0.8355555555555556,-0.004444444444444473,0.8020833333333334,0.8082901554404145,-0.0062068221070811225,0.0013776809209957719,-0.000493087456561625,-0.008728628669034077
Heldout,AGFV008,7,0.9048465758992075,0.907295265190002,-0.002448689290794559,0.8396260922576713,0.8422576712050396,-0.002631578947368318,0.844097995545657,0.8463251670378619,-0.00222717149220486,0.8148148148148148,0.8179419525065963,-0.003127137691781523,0.0012715121265500784,-0.0004539071524050087,-0.004953117025507869
All,AGFV008,7,0.9774329597253476,0.9783931250360626,-0.0009601653107149666,0.9502697478506722,0.9510559113726849,-0.0007861635220126617,0.9515915119363395,0.9522546419098143,-0.0006631299734748408,0.9425649095200629,0.9433962264150944,-0.0008313168950314642,0.0005727354437112808,-0.0002522182767279446,-0.0016890552883565002
Train,AGFV009,8,0.9990490054791915,0.999096555205232,-4.7549726040485574e-05,0.9972476023965062,0.9972476023965062,0.0,0.9971671388101983,0.9971671388101983,0.0,0.9966405375139977,0.9966405375139977,0.0,0.00014989718329161406,0.0001354399573756382,-3.256000771132417e-05
Validation,AGFV009,8,0.9247654018767849,0.9252549979600164,-0.0004895960832315138,0.850999592003264,0.850999592003264,0.0,0.8571428571428571,0.8571428571428571,0.0,0.8279569892473119,0.8279569892473119,0.0,0.00034309204784221947,9.297834367316682e-06,-0.00045528687844729185
Test,AGFV009,8,0.8859514170040484,0.8878542510121458,-0.0019028340080973205,0.8283400809716599,0.8283400809716599,0.0,0.8311111111111111,0.8311111111111111,0.0,0.8020833333333334,0.8020833333333334,0.0,0.0002885813300963491,9.93672147160396e-05,-0.0018739758750876856
Heldout,AGFV009,8,0.9048465758992075,0.9059743954480797,-0.0011278195488721998,0.8396260922576713,0.8396260922576713,0.0,0.844097995545657,0.844097995545657,0.0,0.8148148148148148,0.8148148148148148,0.0,0.00031577597837895155,5.443282498163171e-05,-0.0010962419510343047
All,AGFV009,8,0.9774329597253476,0.9778512852691709,-0.00041832554382326137,0.9502697478506722,0.9502697478506722,0.0,0.9515915119363395,0.9515915119363395,0.0,0.9425649095200629,0.9425649095200629,0.0,0.000199286820134148,0.00011132045619888231,-0.00039839686180984655
Train,AGFV010,9,0.9990490054791915,0.9990526631504254,-3.657671233892046e-06,0.9972476023965062,0.9972476023965062,0.0,0.9971671388101983,0.9971671388101983,0.0,0.9966405375139977,0.9966405375139977,0.0,0.0004036508034914732,-0.000400054530473426,3.670740911525528e-05
Validation,AGFV010,9,0.9247654018767849,0.9262341901264789,-0.0014687882496939864,0.850999592003264,0.850999592003264,0.0,0.8571428571428571,0.8571428571428571,0.0,0.8279569892473119,0.8279569892473119,0.0,0.0011954046785831451,-0.0011035080533474684,-0.0013492477818356718
Test,AGFV010,9,0.8859514170040484,0.8880971659919029,-0.0021457489878544678,0.8283400809716599,0.8336032388663968,-0.0052631578947368585,0.8311111111111111,0.8355555555555556,-0.004444444444444473,0.8020833333333334,0.8082901554404145,-0.0062068221070811225,0.001231814967468381,-0.0010977934580296278,-0.007285725385844488
Heldout,AGFV010,9,0.9048465758992075,0.9063198536882746,-0.00147327778906714,0.8396260922576713,0.8422576712050396,-0.002631578947368318,0.844097995545657,0.8463251670378619,-0.00222717149220486,0.8148148148148148,0.8179419525065963,-0.003127137691781523,0.0012136504519730806,-0.0011006443528458476,-0.0039834916912381505
All,AGFV010,9,0.9774329597253476,0.9779802088742714,-0.0005472491489237896,0.9502697478506722,0.9510559113726849,-0.0007861635220126617,0.9515915119363395,0.9522546419098143,-0.0006631299734748408,0.9425649095200629,0.9433962264150944,-0.0008313168950314642,0.000644824409391731,-0.0006086518988013268,-0.0012689302299972783
Train,AGFV011,10,0.9990490054791915,0.9990636361641271,-1.4630684935568183e-05,0.9972476023965062,0.9972476023965062,0.0,0.9971671388101983,0.9971671388101983,0.0,0.9966405375139977,0.9966405375139977,0.0,9.300702367909253e-05,-2.3897375285741873e-05,-5.32998256765893e-06
Validation,AGFV011,10,0.9247654018767849,0.9243574051407589,0.00040799673602598396,0.850999592003264,0.850999592003264,0.0,0.8571428571428571,0.8571428571428571,0.0,0.8279569892473119,0.8279569892473119,0.0,0.00046468907385133207,-0.000331871269736439,0.00045446564341111717
Test,AGFV011,10,0.8859514170040484,0.8866396761133603,-0.0006882591093118062,0.8283400809716599,0.8283400809716599,0.0,0.8311111111111111,0.8311111111111111,0.0,0.8020833333333334,0.8020833333333334,0.0,0.0004465998790692538,-0.000268925738055259,-0.0006435991214048808
Heldout,AGFV011,10,0.9048465758992075,0.9047144889250153,0.0001320869741922026,0.8396260922576713,0.8396260922576713,0.0,0.844097995545657,0.844097995545657,0.0,0.8148148148148148,0.8148148148148148,0.0,0.0004556243366096169,-0.0003003283927682787,0.0001776494078531643
All,AGFV011,10,0.9774329597253476,0.9774329597253475,1.1102230246251565e-16,0.9502697478506722,0.9502697478506722,0.0,0.9515915119363395,0.9515915119363395,0.0,0.9425649095200629,0.9425649095200629,0.0,0.0002009746531257406,-0.00010620342072797939,2.0097465312685082e-05
Train,AGFV012,11,0.9990490054791915,0.9989868250682157,6.218041097583171e-05,0.9972476023965062,0.9972476023965062,0.0,0.9971671388101983,0.9971671388101983,0.0,0.9966405375139977,0.9966405375139977,0.0,0.00015639774210285395,-7.12541223037988e-05,7.78201851861171e-05
Validation,AGFV012,11,0.9247654018767849,0.9208486332109344,0.003916768665850556,0.850999592003264,0.850999592003264,0.0,0.8571428571428571,0.8571428571428571,0.0,0.8279569892473119,0.8279569892473119,0.0,0.000852519937325269,-0.0007714336970821023,0.004002020659583083
Test,AGFV012,11,0.8859514170040484,0.8807287449392712,0.005222672064777223,0.8283400809716599,0.8336032388663968,-0.0052631578947368585,0.8311111111111111,0.8355555555555556,-0.004444444444444473,0.8020833333333334,0.8082901554404145,-0.0062068221070811225,0.000856533064506948,-0.000641202088445425,4.516747649105924e-05
Heldout,AGFV012,11,0.9048465758992075,0.9001016053647632,0.004744970534444226,0.8396260922576713,0.8422576712050396,-0.002631578947368318,0.844097995545657,0.8463251670378619,-0.00222717149220486,0.8148148148148148,0.8179419525065963,-0.003127137691781523,0.0008545309538021684,-0.0007061728392727673,0.0021988446824561247
All,AGFV012,11,0.9774329597253476,0.9759697218856384,0.0014632378397092527,0.9502697478506722,0.9510559113726849,-0.0007861635220126617,0.9515915119363395,0.9522546419098143,-0.0006631299734748408,0.9425649095200629,0.9433962264150944,-0.0008313168950314642,0.00036426365841180086,-0.0002602982276584953,0.000713500683537771
Train,AGFV013,12,0.9990490054791915,0.9990563208216593,-7.315342467784092e-06,0.9972476023965062,0.9972476023965062,0.0,0.9971671388101983,0.9971671388101983,0.0,0.9966405375139977,0.9966405375139977,0.0,0.0002531508798711002,0.00017489297897554934,1.799974551932593e-05
Validation,AGFV013,12,0.9247654018767849,0.9235414116687067,0.001223990208078174,0.850999592003264,0.850999592003264,0.0,0.8571428571428571,0.8571428571428571,0.0,0.8279569892473119,0.8279569892473119,0.0,0.0005911068292334676,4.7789111704332754e-05,0.0012831008910015207
Test,AGFV013,12,0.8859514170040484,0.8852631578947368,0.0006882591093116952,0.8283400809716599,0.8283400809716599,0.0,0.8311111111111111,0.8311111111111111,0.0,0.8020833333333334,0.8020833333333334,0.0,0.0006310825701802969,-1.8624539734446444e-05,0.0007513673663297249
Heldout,AGFV013,12,0.9048465758992075,0.9037797195691931,0.001066856330014354,0.8396260922576713,0.8396260922576713,0.0,0.844097995545657,0.844097995545657,0.0,0.8148148148148148,0.8148148148148148,0.0,0.000611139228567481,1.4508327694784384e-05,0.0011279702528711022
All,AGFV013,12,0.9774329597253476,0.9770461889100455,0.00038677081530213986,0.9502697478506722,0.9502697478506722,0.0,0.9515915119363395,0.9515915119363395,0.0,0.9425649095200629,0.9425649095200629,0.0,0.0003597402246668935,0.00012713918113149703,0.0004227448377688292
Train,AGFV014,13,0.9990490054791915,0.999005113424385,4.3892054806482506e-05,0.9972476023965062,0.9972476023965062,0.0,0.9971671388101983,0.9971671388101983,0.0,0.9966405375139977,0.9966405375139977,0.0,0.0001738925202516839,-5.314812369761057e-05,6.128130683165089e-05
Validation,AGFV014,13,0.9247654018767849,0.9203590371277031,0.004406364749081848,0.850999592003264,0.8457364341085272,0.0052631578947368585,0.8571428571428571,0.8526785714285714,0.004464285714285698,0.8279569892473119,0.8216216216216217,0.0063353676256902025,0.0009341393015347421,0.0003212673182133585,0.00976293657397218
Test,AGFV014,13,0.8859514170040484,0.8807287449392712,0.005222672064777223,0.8283400809716599,0.8283400809716599,0.0,0.8311111111111111,0.8311111111111111,0.0,0.8020833333333334,0.8020833333333334,0.0,0.0010411316761747003,0.0005999804707244039,0.005326785232394693
Heldout,AGFV014,13,0.9048465758992075,0.8996138996138996,0.00523267628530788,0.8396260922576713,0.8369945133103027,0.0026315789473685403,0.844097995545657,0.8418708240534521,0.00222717149220486,0.8148148148148148,0.8116710875331565,0.0031437272816582373,0.0009877546690404415,0.0004609343013726175,0.007963030699580464
All,AGFV014,13,0.9774329597253476,0.9757894091512318,0.001643550574115804,0.9502697478506722,0.9494835843286596,0.0007861635220125507,0.9515915119363395,0.9509283819628647,0.0006631299734748408,0.9425649095200629,0.9417322834645669,0.0008326260554959442,0.0004162161494605243,9.991752449423075e-05,0.002471335711074407
Train,AGFV015,14,0.9990490054791915,0.9989904827394493,5.852273974216171e-05,0.9972476023965062,0.9972476023965062,0.0,0.9971671388101983,0.9971671388101983,0.0,0.9966405375139977,0.9966405375139977,0.0,0.00021604998619295657,0.0001594529312569648,8.012773836145737e-05
Validation,AGFV015,14,0.9247654018767849,0.9219910240718076,0.002774377804977357,0.850999592003264,0.850999592003264,0.0,0.8571428571428571,0.8571428571428571,0.0,0.8279569892473119,0.8279569892473119,0.0,0.0006069787195883691,-2.581065746198874e-05,0.002835075676936194
Test,AGFV015,14,0.8859514170040484,0.8838866396761134,0.0020647773279350856,0.8283400809716599,0.8283400809716599,0.0,0.8311111111111111,0.8311111111111111,0.0,0.8020833333333334,0.8020833333333334,0.0,0.0006326207658275962,-2.9767512387479655e-05,0.0021280394045178454
Heldout,AGFV015,14,0.9048465758992075,0.902275960170697,0.0025706157285104725,0.8396260922576713,0.8396260922576713,0.0,0.844097995545657,0.844097995545657,0.0,0.8148148148148148,0.8148148148148148,0.0,0.0006198282353579998,-2.779348687909078e-05,0.0026325985520462723
All,AGFV015,14,0.9774329597253476,0.9764718928509607,0.0009610668743869066,0.9502697478506722,0.9502697478506722,0.0,0.9515915119363395,0.9515915119363395,0.0,0.9425649095200629,0.9425649095200629,0.0,0.0003362730785738677,0.00010370117524871603,0.0009946941822442934
Train,AGFV016,15,0.9990490054791915,0.9989612213695784,8.778410961307603e-05,0.9972476023965062,0.9972476023965062,0.0,0.9971671388101983,0.9971671388101983,0.0,0.9966405375139977,0.9966405375139977,0.0,0.00017131425556726754,2.0711326214950532e-05,0.00010491553516980278
Validation,AGFV016,15,0.9247654018767849,0.9241126070991432,0.0006527947776416854,0.850999592003264,0.8457364341085272,0.0052631578947368585,0.8571428571428571,0.8526785714285714,0.004464285714285698,0.8279569892473119,0.8216216216216217,0.0063353676256902025,0.0017594039672985673,-0.00019367381173651665,0.0060918930691084006
Test,AGFV016,15,0.8859514170040484,0.8849392712550608,0.0010121457489876695,0.8283400809716599,0.8283400809716599,0.0,0.8311111111111111,0.8311111111111111,0.0,0.8020833333333334,0.8020833333333334,0.0,0.0010692402720451355,0.00038171291816979647,0.001119069776192183
Heldout,AGFV016,15,0.9048465758992075,0.9036781142044299,0.0011684616947775783,0.8396260922576713,0.8369945133103027,0.0026315789473685403,0.844097995545657,0.8418708240534521,0.00222717149220486,0.8148148148148148,0.8116710875331565,0.0031437272816582373,0.001413553487509489,9.466023766435683e-05,0.003941395990897068
All,AGFV016,15,0.9774329597253476,0.9768577621025908,0.0005751976227568179,0.9502697478506722,0.9494835843286596,0.0007861635220125507,0.9515915119363395,0.9509283819628647,0.0006631299734748408,0.9425649095200629,0.9417322834645669,0.0008326260554959442,0.0005411852616816759,4.272928708815016e-05,0.001415479670937536
Train,AGFV017,16,0.9990490054791915,0.999034374794256,1.4630684935457161e-05,0.9972476023965062,0.9972476023965062,0.0,0.9971671388101983,0.9971671388101983,0.0,0.9966405375139977,0.9966405375139977,0.0,9.874261741060764e-05,-8.884463750291616e-05,2.4504946676517926e-05
Validation,AGFV017,16,0.9247654018767849,0.9261525907792737,-0.0013871889024887896,0.850999592003264,0.8457364341085272,0.0052631578947368585,0.8571428571428571,0.8526785714285714,0.004464285714285698,0.8279569892473119,0.8216216216216217,0.0063353676256902025,0.0004110948648303747,-0.0002824142575263977,0.003917078478731106
Test,AGFV017,16,0.8859514170040484,0.8907692307692308,-0.0048178137651823105,0.8283400809716599,0.8336032388663968,-0.0052631578947368585,0.8311111111111111,0.8355555555555556,-0.004444444444444473,0.8020833333333334,0.8082901554404145,-0.0062068221070811225,0.0004882480716332793,-0.00045602713362313807,-0.01003214685275584
Heldout,AGFV017,16,0.9048465758992075,0.9078947368421052,-0.0030481609428977263,0.8396260922576713,0.8396260922576713,0.0,0.844097995545657,0.844097995545657,0.0,0.8148148148148148,0.8148148148148148,0.0,0.00044975741184316576,-0.00036941401776857674,-0.0030031852017134097
All,AGFV017,16,0.9774329597253476,0.9784904939126421,-0.0010575341872944843,0.9502697478506722,0.9502697478506722,0.0,0.9515915119363395,0.9515915119363395,0.0,0.9425649095200629,0.9425649095200629,0.0,0.00020325563673395663,-0.00017238287546206266,-0.0010372086236210888
Train,AGFV018,17,0.9990490054791915,0.9990672938353609,-1.8288356169349207e-05,0.9972476023965062,0.9972476023965062,0.0,0.9971671388101983,0.9971671388101983,0.0,0.9966405375139977,0.9966405375139977,0.0,0.00021194842702243477,8.229480590671301e-05,2.90648653289427e-06
Validation,AGFV018,17,0.9247654018767849,0.9238678090575275,0.0008975928192573868,0.850999592003264,0.850999592003264,0.0,0.8571428571428571,0.8571428571428571,0.0,0.8279569892473119,0.8279569892473119,0.0,0.0009627508698031306,0.0004672988143283874,0.0009938679062376997
Test,AGFV018,17,0.8859514170040484,0.8871255060728745,-0.0011740890688261008,0.8283400809716599,0.8283400809716599,0.0,0.8311111111111111,0.8311111111111111,0.0,0.8020833333333334,0.8020833333333334,0.0,0.000826230039820075,0.000636780634522438,-0.0010914660648440933
Heldout,AGFV018,17,0.9048465758992075,0.9049583418004471,-0.00011176590123962438,0.8396260922576713,0.8396260922576713,0.0,0.844097995545657,0.844097995545657,0.0,0.8148148148148148,0.8148148148148148,0.0,0.0008943384164012969,0.0005522284773178399,-2.233205959949468e-05
All,AGFV018,17,0.9774329597253476,0.977169703133114,0.000263256592233585,0.9502697478506722,0.9502697478506722,0.0,0.9515915119363395,0.9515915119363395,0.0,0.9425649095200629,0.9425649095200629,0.0,0.0004151269095018506,0.00022221538529265672,0.00030476928318377003
Train,AGFV019,18,0.9990490054791915,0.9989904827394495,5.852273974205069e-05,0.9972476023965062,0.9972476023965062,0.0,0.9971671388101983,0.9971671388101983,0.0,0.9966405375139977,0.9966405375139977,0.0,0.00012379736290313303,-7.654922228539363e-05,7.090247603236399e-05
Validation,AGFV019,18,0.9247654018767849,0.9219910240718076,0.002774377804977357,0.850999592003264,0.850999592003264,0.0,0.8571428571428571,0.8571428571428571,0.0,0.8279569892473119,0.8279569892473119,0.0,0.0003149261756334454,-9.907699859468266e-05,0.0028058704225407015
Test,AGFV019,18,0.8859514170040484,0.8826720647773278,0.0032793522267206,0.8283400809716599,0.8283400809716599,0.0,0.8311111111111111,0.8311111111111111,0.0,0.8020833333333334,0.8020833333333334,0.0,0.00032969145104289055,7.679439295316115e-05,0.003312321371824889
Heldout,AGFV019,18,0.9048465758992075,0.9012497459865879,0.003596829912619559,0.8396260922576713,0.8396260922576713,0.0,0.844097995545657,0.844097995545657,0.0,0.8148148148148148,0.8148148148148148,0.0,0.00032232521334663033,-1.0945458598143887e-05,0.003629062433954222
All,AGFV019,18,0.9774329597253476,0.9763492801915641,0.0010836795337835214,0.9502697478506722,0.9502697478506722,0.0,0.9515915119363395,0.9515915119363395,0.0,0.9425649095200629,0.9425649095200629,0.0,0.0001829081156756729,-5.701600821339525e-05,0.0011019703453510887
Train,AGFV020,19,0.9990490054791915,0.9990855821915303,-3.6576712338809436e-05,0.9972476023965062,0.9972476023965062,0.0,0.9971671388101983,0.9971671388101983,0.0,0.9966405375139977,0.9966405375139977,0.0,0.00020172134099993855,0.00018078068387694657,-1.640457823881558e-05
Validation,AGFV020,19,0.9247654018767849,0.9241126070991432,0.0006527947776416854,0.850999592003264,0.850999592003264,0.0,0.8571428571428571,0.8571428571428571,0.0,0.8279569892473119,0.8279569892473119,0.0,0.0003973861748818308,0.00030113596585579216,0.0006925333951298684
Test,AGFV020,19,0.8859514170040484,0.8846963562753036,0.0012550607287448168,0.8283400809716599,0.8283400809716599,0.0,0.8311111111111111,0.8311111111111111,0.0,0.8020833333333334,0.8020833333333334,0.0,0.0003865376638714224,0.00031992970616556704,0.001293714495131959
Heldout,AGFV020,19,0.9048465758992075,0.9038813249339566,0.0009652509652509078,0.8396260922576713,0.8396260922576713,0.0,0.844097995545657,0.844097995545657,0.0,0.8148148148148148,0.8148148148148148,0.0,0.0003919498703908175,0.0003105538198724389,0.0010044459522899896
All,AGFV020,19,0.9774329597253476,0.9771489671686573,0.00028399255669031565,0.9502697478506722,0.9502697478506722,0.0,0.9515915119363395,0.9515915119363395,0.0,0.9425649095200629,0.9425649095200629,0.0,0.00025836098939180374,0.0002194200351368636,0.000309828655629496
Train,AGFV021,20,0.9990490054791915,0.9990160864380866,3.291904110491739e-05,0.9972476023965062,0.9972476023965062,0.0,0.9971671388101983,0.9971671388101983,0.0,0.9966405375139977,0.9966405375139977,0.0,0.00020784258958883584,-0.0001222657592734322,5.370330006380098e-05
Validation,AGFV021,20,0.9247654018767849,0.9259077927376581,-0.0011423908608731992,0.850999592003264,0.850999592003264,0.0,0.8571428571428571,0.8571428571428571,0.0,0.8279569892473119,0.8279569892473119,0.0,0.0011111643398180604,-0.0009583603241480887,-0.001031274426891393
Test,AGFV021,20,0.8859514170040484,0.8865991902834008,-0.0006477732793523927,0.8283400809716599,0.8336032388663968,-0.0052631578947368585,0.8311111111111111,0.8355555555555556,-0.004444444444444473,0.8020833333333334,0.8082901554404145,-0.0062068221070811225,0.0009647950646467507,-0.0007424273644573987,-0.005814451667624576
Heldout,AGFV021,20,0.9048465758992075,0.9054155659418817,-0.000568990042674189,0.8396260922576713,0.8422576712050396,-0.002631578947368318,0.844097995545657,0.8463251670378619,-0.00222717149220486,0.8148148148148148,0.8179419525065963,-0.003127137691781523,0.0010378167498856783,-0.0008501533884555101,-0.0030967873150539393
All,AGFV021,20,0.9774329597253476,0.9774906598003577,-5.770007501004759e-05,0.9502697478506722,0.9510559113726849,-0.0007861635220126617,0.9515915119363395,0.9522546419098143,-0.0006631299734748408,0.9425649095200629,0.9433962264150944,-0.0008313168950314642,0.0004549635050352663,-0.00033899093978106976,-0.0007983672465191827
Train,AGFV022,21,0.9990490054791915,0.9990124287668527,3.6576712338809436e-05,0.9972476023965062,0.9972476023965062,0.0,0.9971671388101983,0.9971671388101983,0.0,0.9966405375139977,0.9966405375139977,0.0,0.0005346674006432295,-0.0005292402929626405,9.004345240313239e-05
Validation,AGFV022,21,0.9247654018767849,0.9251733986128111,-0.000407996736026206,0.850999592003264,0.850999592003264,0.0,0.8571428571428571,0.8571428571428571,0.0,0.8279569892473119,0.8279569892473119,0.0,0.001665623625740409,-0.0016112691955640912,-0.0002414343734521651
Test,AGFV022,21,0.8859514170040484,0.8861538461538462,-0.00020242914979773374,0.8283400809716599,0.8336032388663968,-0.0052631578947368585,0.8311111111111111,0.8355555555555556,-0.004444444444444473,0.8020833333333334,0.8082901554404145,-0.0062068221070811225,0.0019955241587013006,-0.0019470320548862219,-0.005266034628664462
Heldout,AGFV022,21,0.9048465758992075,0.9047348099979678,0.00011176590123962438,0.8396260922576713,0.8422576712050396,-0.002631578947368318,0.844097995545657,0.8463251670378619,-0.00222717149220486,0.8148148148148148,0.8179419525065963,-0.003127137691781523,0.0018309412989765406,-0.0017795244930312037,-0.0023367189162310396
All,AGFV022,21,0.9774329597253476,0.9772093719346835,0.00022358779066411483,0.9502697478506722,0.9510559113726849,-0.0007861635220126617,0.9515915119363395,0.9522546419098143,-0.0006631299734748408,0.9425649095200629,0.9433962264150944,-0.0008313168950314642,0.0009206269169226289,-0.0009015066316351295,-0.000470513039656284
Train,AGFV023,22,0.9990490054791915,0.9990855821915303,-3.6576712338809436e-05,0.9972476023965062,0.9972476023965062,0.0,0.9971671388101983,0.9971671388101983,0.0,0.9966405375139977,0.9966405375139977,0.0,0.00012110612442484125,-7.187740266090259e-05,-2.4466099896325308e-05
Validation,AGFV023,22,0.9247654018767849,0.9219910240718074,0.002774377804977468,0.850999592003264,0.850999592003264,0.0,0.8571428571428571,0.8571428571428571,0.0,0.8279569892473119,0.8279569892473119,0.0,0.0003769226314034313,0.00016317637346219271,0.002812070068117811
Test,AGFV023,22,0.8859514170040484,0.8842914979757085,0.0016599190283399512,0.8283400809716599,0.8283400809716599,0.0,0.8311111111111111,0.8311111111111111,0.0,0.8020833333333334,0.8020833333333334,0.0,0.0002488376630935818,6.737685180269182e-05,0.0016848027946493095
Heldout,AGFV023,22,0.9048465758992075,0.9023978866084129,0.002448689290794559,0.8396260922576713,0.8396260922576713,0.0,0.844097995545657,0.844097995545657,0.0,0.8148148148148148,0.8148148148148148,0.0,0.0003127375093754381,0.00011516993981786072,0.002479963041732103
All,AGFV023,22,0.9774329597253476,0.9767153150424095,0.0007176446829381122,0.9502697478506722,0.9502697478506722,0.0,0.9515915119363395,0.9515915119363395,0.0,0.9425649095200629,0.9425649095200629,0.0,0.00017816350737120956,-1.618492569832597e-05,0.0007354610336752331
Train,AGFV024,23,0.9990490054791915,0.9990709515065948,-2.1946027403241253e-05,0.9972476023965062,0.9972476023965062,0.0,0.9971671388101983,0.9971671388101983,0.0,0.9966405375139977,0.9966405375139977,0.0,0.0002703761856537312,-0.00013481579662766308,5.09159116213187e-06
Validation,AGFV024,23,0.9247654018767849,0.9263157894736843,-0.0015503875968994052,0.850999592003264,0.8457364341085272,0.0052631578947368585,0.8571428571428571,0.8526785714285714,0.004464285714285698,0.8279569892473119,0.8216216216216217,0.0063353676256902025,0.0012623826041817665,0.0007294387905858457,0.0038390085582556297
Test,AGFV024,23,0.8859514170040484,0.8885829959514171,-0.0026315789473686513,0.8283400809716599,0.8283400809716599,0.0,0.8311111111111111,0.8311111111111111,0.0,0.8020833333333334,0.8020833333333334,0.0,0.0013023762730881572,0.0007364506018348038,-0.0025013413200598356
Heldout,AGFV024,23,0.9048465758992075,0.9068482015850436,-0.0020016256858361725,0.8396260922576713,0.8369945133103027,0.0026315789473685403,0.844097995545657,0.8418708240534521,0.00222717149220486,0.8148148148148148,0.8116710875331565,0.0031437272816582373,0.0012824240839108825,0.0007329524960368872,0.000758195669923456
All,AGFV024,23,0.9774329597253476,0.9782146154290001,-0.0007816557036525174,0.9502697478506722,0.9494835843286596,0.0007861635220125507,0.9515915119363395,0.9509283819628647,0.0006631299734748408,0.9425649095200629,0.9417322834645669,0.0008326260554959442,0.0005717087187804282,0.00012355815852060914,6.167869023807616e-05
Train,AGFV025,24,0.9990490054791915,0.9991075282189336,-5.852273974205069e-05,0.9972476023965062,0.9972476023965062,0.0,0.9971671388101983,0.9971671388101983,0.0,0.9966405375139977,0.9966405375139977,0.0,0.0003557302989065647,-0.00032746820943430066,-2.2949709851394218e-05
Validation,AGFV025,24,0.9247654018767849,0.9218278253773969,0.0029375764993879727,0.850999592003264,0.8457364341085272,0.0052631578947368585,0.8571428571428571,0.8526785714285714,0.004464285714285698,0.8279569892473119,0.8216216216216217,0.0063353676256902025,0.0005699514294974506,-0.0003727567382156849,0.008257729537074576
Test,AGFV025,24,0.8859514170040484,0.8849392712550607,0.0010121457489877805,0.8283400809716599,0.8283400809716599,0.0,0.8311111111111111,0.8311111111111111,0.0,0.8020833333333334,0.8020833333333334,0.0,0.0006358528044074774,-0.0004317839629948139,0.0010757310294285283
Heldout,AGFV025,24,0.9048465758992075,0.9027636659215607,0.0020829099776468185,0.8396260922576713,0.8369945133103027,0.0026315789473685403,0.844097995545657,0.8418708240534521,0.00222717149220486,0.8148148148148148,0.8116710875331565,0.0031437272816582373,0.0006029754295013845,-0.00040233609615825117,0.0047747864679654976
All,AGFV025,24,0.9774329597253476,0.9769650481795625,0.0004679115457850713,0.9502697478506722,0.9494835843286596,0.0007861635220125507,0.9515915119363395,0.9509283819628647,0.0006631299734748408,0.9425649095200629,0.9417322834645669,0.0008326260554959442,0.00042934645898640156,-0.0003497597645036876,0.0012970097136962623
Train,AGFV026,25,0.9990490054791915,0.9990160864380866,3.291904110491739e-05,0.9972476023965062,0.9972476023965062,0.0,0.9971671388101983,0.9971671388101983,0.0,0.9966405375139977,0.9966405375139977,0.0,0.0001403075730195269,0.00012005023017991334,4.694979840687008e-05
Validation,AGFV026,25,0.9247654018767849,0.9260709914320685,-0.0013055895552835928,0.850999592003264,0.850999592003264,0.0,0.8571428571428571,0.8571428571428571,0.0,0.8279569892473119,0.8279569892473119,0.0,0.00040516650187782943,0.0003622479853220284,-0.0012650729050958098
Test,AGFV026,25,0.8859514170040484,0.8890688259109312,-0.0031174089068827238,0.8283400809716599,0.8283400809716599,0.0,0.8311111111111111,0.8311111111111111,0.0,0.8020833333333334,0.8020833333333334,0.0,0.0005218689911998808,0.00024358974769711494,-0.0030652220077627356
Heldout,AGFV026,25,0.9048465758992075,0.9069091648039016,-0.0020625889046941293,0.8396260922576713,0.8396260922576713,0.0,0.844097995545657,0.844097995545657,0.0,0.8148148148148148,0.8148148148148148,0.0,0.0004636477096937597,0.00030278670601546764,-0.002016224133724753
All,AGFV026,25,0.9774329597253476,0.9781488012809417,-0.0007158415555941211,0.9502697478506722,0.9502697478506722,0.0,0.9515915119363395,0.9515915119363395,0.0,0.9425649095200629,0.9425649095200629,0.0,0.00023658061400055885,0.0001744591718306765,-0.0006921834941940652
Train,AGFV027,26,0.9990490054791915,0.9990307171230222,1.8288356169349207e-05,0.9972476023965062,0.9972476023965062,0.0,0.9971671388101983,0.9971671388101983,0.0,0.9966405375139977,0.9966405375139977,0.0,0.0003433761012274772,-0.00029255752451717854,5.262596629209693e-05
Validation,AGFV027,26,0.9247654018767849,0.9269685842513259,-0.0022031823745409795,0.850999592003264,0.8457364341085272,0.0052631578947368585,0.8571428571428571,0.8526785714285714,0.004464285714285698,0.8279569892473119,0.8216216216216217,0.0063353676256902025,0.001578075927682221,-0.0014948815805837512,0.003217783112964101
Test,AGFV027,26,0.8859514170040484,0.891578947368421,-0.005627530364372579,0.8283400809716599,0.8336032388663968,-0.0052631578947368585,0.8311111111111111,0.8355555555555556,-0.004444444444444473,0.8020833333333334,0.8082901554404145,-0.0062068221070811225,0.0017585339955985546,-0.001697798608802259,-0.010714834859549582
Heldout,AGFV027,26,0.9048465758992075,0.9090022353180248,-0.004155659418817348,0.8396260922576713,0.8396260922576713,0.0,0.844097995545657,0.844097995545657,0.0,0.8148148148148148,0.8148148148148148,0.0,0.001668505952693522,-0.0015965660568326712,-0.003988808823547995
All,AGFV027,26,0.9774329597253476,0.9789106225838093,-0.0014776628584617368,0.9502697478506722,0.9502697478506722,0.0,0.9515915119363395,0.9515915119363395,0.0,0.9425649095200629,0.9425649095200629,0.0,0.0007379273301921785,-0.0006808199686929584,-0.001403870125442519
Train,AGFV028,27,0.9990490054791915,0.9990051134243849,4.389205480659353e-05,0.9972476023965062,0.9972476023965062,0.0,0.9971671388101983,0.9971671388101983,0.0,0.9966405375139977,0.9966405375139977,0.0,0.00023702681937720627,0.00010802852921187878,6.759473674431416e-05
Validation,AGFV028,27,0.9247654018767849,0.9257445940432477,-0.0009791921664628056,0.850999592003264,0.8457364341085272,0.0052631578947368585,0.8571428571428571,0.8526785714285714,0.004464285714285698,0.8279569892473119,0.8216216216216217,0.0063353676256902025,0.002360479673370719,0.0021725031547248363,0.004520013695611125
Test,AGFV028,27,0.8859514170040484,0.8893117408906882,-0.00336032388663976,0.8283400809716599,0.823076923076923,0.0052631578947368585,0.8311111111111111,0.8266666666666667,0.004444444444444473,0.8020833333333334,0.7958115183246073,0.006271815008726089,0.0027337658684700727,0.0024384360294789076,0.0021762105949441057
Heldout,AGFV028,27,0.9048465758992075,0.9071326966063807,-0.002286120707173267,0.8396260922576713,0.8343629343629344,0.0052631578947368585,0.844097995545657,0.8396436525612472,0.0044543429844098315,0.8148148148148148,0.8085106382978723,0.0063041765169424835,0.002547538373619318,0.002305765636265278,0.0032317910249255234
All,AGFV028,27,0.9774329597253476,0.9781857653914949,-0.000752805666147327,0.9502697478506722,0.948697420806647,0.0015723270440252124,0.9515915119363395,0.9502652519893899,0.0013262599469495706,0.9425649095200629,0.9408983451536643,0.0016665643663985596,0.00092497089644894,0.0007623946294188499,0.0009120184675227794
Train,AGFV029,28,0.9990490054791915,0.9990855821915303,-3.6576712338809436e-05,0.9972476023965062,0.9972476023965062,0.0,0.9971671388101983,0.9971671388101983,0.0,0.9966405375139977,0.9966405375139977,0.0,0.0004180725081823766,9.573820716468617e-05,5.2305384794282316e-06
Validation,AGFV029,28,0.9247654018767849,0.9249286005711954,-0.0001631986944105046,0.850999592003264,0.850999592003264,0.0,0.8571428571428571,0.8571428571428571,0.0,0.8279569892473119,0.8279569892473119,0.0,0.004083164501935244,0.003045117948204279,0.00024511775578301976
Test,AGFV029,28,0.8859514170040484,0.8845344129554654,0.001417004048583026,0.8283400809716599,0.8283400809716599,0.0,0.8311111111111111,0.8311111111111111,0.0,0.8020833333333334,0.8020833333333334,0.0,0.004863118287175894,0.003025767160579562,0.0019033158773006154
Heldout,AGFV029,28,0.9048465758992075,0.904145498882341,0.0007010770168665026,0.8396260922576713,0.8396260922576713,0.0,0.844097995545657,0.844097995545657,0.0,0.8148148148148148,0.8148148148148148,0.0,0.00447400938719511,0.0030354210175573826,0.0011484779555860137
All,AGFV029,28,0.9774329597253476,0.9773364924124401,9.646731290746668e-05,0.9502697478506722,0.9502697478506722,0.0,0.9515915119363395,0.9515915119363395,0.0,0.9425649095200629,0.9425649095200629,0.0,0.001625708886422217,0.0009710151352919638,0.00025903820154968835
Train,AGFV030,29,0.9990490054791915,0.9990160864380866,3.291904110491739e-05,0.9972476023965062,0.9972476023965062,0.0,0.9971671388101983,0.9971671388101983,0.0,0.9966405375139977,0.9966405375139977,0.0,9.493750258116052e-05,-2.4268505512736738e-05,4.241279136303344e-05
Validation,AGFV030,29,0.9247654018767849,0.9253365973072215,-0.0005711954304365996,0.850999592003264,0.850999592003264,0.0,0.8571428571428571,0.8571428571428571,0.0,0.8279569892473119,0.8279569892473119,0.0,0.0005263736238703132,-1.48610808992089e-06,-0.0005185580680495683
Test,AGFV030,29,0.8859514170040484,0.8889068825910931,-0.0029554655870446256,0.8283400809716599,0.8283400809716599,0.0,0.8311111111111111,0.8311111111111111,0.0,0.8020833333333334,0.8020833333333334,0.0,0.000570576055906713,0.00020607994520105422,-0.002898407981453954
Heldout,AGFV030,29,0.9048465758992075,0.9066653119284699,-0.0018187360292624133,0.8396260922576713,0.8396260922576713,0.0,0.844097995545657,0.844097995545657,0.0,0.8148148148148148,0.8148148148148148,0.0,0.0005485240835696459,0.00010252803622279316,-0.0017638836209054487
All,AGFV030,29,0.9774329597253476,0.977915296289885,-0.00048233656453744445,0.9502697478506722,0.9502697478506722,0.0,0.9515915119363395,0.9515915119363395,0.0,0.9425649095200629,0.9425649095200629,0.0,0.00022999080829322338,1.3484584997058846e-05,-0.0004593374837081221
Train,AGFV031,30,0.9990490054791915,0.9990709515065948,-2.1946027403241253e-05,0.9972476023965062,0.9972476023965062,0.0,0.9971671388101983,0.9971671388101983,0.0,0.9966405375139977,0.9966405375139977,0.0,0.00022836154676042497,-9.722251706989482e-05,8.901272728012457e-07
Validation,AGFV031,30,0.9247654018767849,0.9230518155854753,0.0017135862913095767,0.850999592003264,0.850999592003264,0.0,0.8571428571428571,0.8571428571428571,0.0,0.8279569892473119,0.8279569892473119,0.0,0.0009743435075506568,-0.000498971960041672,0.0018110206420646423
Test,AGFV031,30,0.8859514170040484,0.8849797570850203,0.000971659919028145,0.8283400809716599,0.8336032388663968,-0.0052631578947368585,0.8311111111111111,0.8355555555555556,-0.004444444444444473,0.8020833333333334,0.8082901554404145,-0.0062068221070811225,0.0009563333005644381,-0.000690483720973134,-0.00419586464565227
Heldout,AGFV031,30,0.9048465758992075,0.9032107295265189,0.001635846372688543,0.8396260922576713,0.8422576712050396,-0.002631578947368318,0.844097995545657,0.8463251670378619,-0.00222717149220486,0.8148148148148148,0.8179419525065963,-0.003127137691781523,0.0009653183515183628,-0.0005949410260654986,-0.0008992007395279388
All,AGFV031,30,0.9774329597253476,0.976945213778778,0.0004877459465696399,0.9502697478506722,0.9510559113726849,-0.0007861635220126617,0.9515915119363395,0.9522546419098143,-0.0006631299734748408,0.9425649095200629,0.9433962264150944,-0.0008313168950314642,0.0004477869952097535,-0.0002454159257467836,-0.00025363887592204647
Train,AGFV032,31,0.9990490054791915,0.9990892398627642,-4.023438357270148e-05,0.9972476023965062,0.9972476023965062,0.0,0.9971671388101983,0.9971671388101983,0.0,0.9966405375139977,0.9966405375139977,0.0,0.0001555245544295758,-9.526410576654598e-05,-2.46819281297439e-05
Validation,AGFV032,31,0.9247654018767849,0.9251733986128111,-0.000407996736026206,0.850999592003264,0.850999592003264,0.0,0.8571428571428571,0.8571428571428571,0.0,0.8279569892473119,0.8279569892473119,0.0,0.00029997705132700503,-9.516807040199637e-06,-0.0003779990308935055
Test,AGFV032,31,0.8859514170040484,0.8897975708502025,-0.0038461538461540545,0.8283400809716599,0.8283400809716599,0.0,0.8311111111111111,0.8311111111111111,0.0,0.8020833333333334,0.8020833333333334,0.0,0.00043787332833744586,-0.0001473894517403096,-0.00380236651332031
Heldout,AGFV032,31,0.9048465758992075,0.9069091648039017,-0.0020625889046942403,0.8396260922576713,0.8396260922576713,0.0,0.844097995545657,0.844097995545657,0.0,0.8148148148148148,0.8148148148148148,0.0,0.00036907874164171517,-7.860666664782912e-05,-0.0020256810305300686
All,AGFV032,31,0.9774329597253476,0.9781506044082857,-0.0007176446829381122,0.9502697478506722,0.9502697478506722,0.0,0.9515915119363395,0.9515915119363395,0.0,0.9425649095200629,0.9425649095200629,0.0,0.0002191093226429075,-9.0304427430965e-05,-0.0006957337506738215
Train,AGFV033,32,0.9990490054791915,0.9990307171230222,1.8288356169349207e-05,0.9972476023965062,0.9972476023965062,0.0,0.9971671388101983,0.9971671388101983,0.0,0.9966405375139977,0.9966405375139977,0.0,0.00013396720169112086,-1.1259516213613097e-05,3.1685076338461295e-05
Validation,AGFV033,32,0.9247654018767849,0.9227254181966544,0.002039983680130475,0.850999592003264,0.850999592003264,0.0,0.8571428571428571,0.8571428571428571,0.0,0.8279569892473119,0.8279569892473119,0.0,0.0009818632388487458,-0.0007018268806859851,0.0021381700040153497
Test,AGFV033,32,0.8859514170040484,0.8836437246963562,0.002307692307692233,0.8283400809716599,0.8336032388663968,-0.0052631578947368585,0.8311111111111111,0.8355555555555556,-0.004444444444444473,0.8020833333333334,0.8082901554404145,-0.0062068221070811225,0.0011442523682489991,-0.0009020465076901019,-0.0028410403502197256
Heldout,AGFV033,32,0.9048465758992075,0.9022149969518392,0.002631578947368318,0.8396260922576713,0.8422576712050396,-0.002631578947368318,0.844097995545657,0.8463251670378619,-0.00222717149220486,0.8148148148148148,0.8179419525065963,-0.003127137691781523,0.0010632387129589915,-0.0008021597168408334,0.00010632387129589916
All,AGFV033,32,0.9774329597253476,0.9766440915123191,0.0007888682130284819,0.9502697478506722,0.9510559113726849,-0.0007861635220126617,0.9515915119363395,0.9522546419098143,-0.0006631299734748408,0.9425649095200629,0.9433962264150944,-0.0008313168950314642,0.00041065344703383744,-0.0002467463491484523,4.3770035719203904e-05
Train,AGFV034,33,0.9990490054791915,0.9989941404106832,5.4865068508269665e-05,0.9972476023965062,0.9972476023965062,0.0,0.9971671388101983,0.9971671388101983,0.0,0.9966405375139977,0.9966405375139977,0.0,7.509011629736051e-05,4.588175215758383e-05,6.237408013800571e-05
Validation,AGFV034,33,0.9247654018767849,0.9249286005711955,-0.00016319869441061563,0.850999592003264,0.8457364341085272,0.0052631578947368585,0.8571428571428571,0.8526785714285714,0.004464285714285698,0.8279569892473119,0.8216216216216217,0.0063353676256902025,0.0004103672399651259,0.0002978935663122684,0.005140995924322755
Test,AGFV034,33,0.8859514170040484,0.8878542510121457,-0.0019028340080972095,0.8283400809716599,0.8283400809716599,0.0,0.8311111111111111,0.8311111111111111,0.0,0.8020833333333334,0.8020833333333334,0.0,0.0003338120295666158,0.00029608269687741995,-0.001869452805140548
Heldout,AGFV034,33,0.9048465758992075,0.905893111156269,-0.0010465352570615538,0.8396260922576713,0.8369945133103027,0.0026315789473685403,0.844097995545657,0.8418708240534521,0.00222717149220486,0.8148148148148148,0.8116710875331565,0.0031437272816582373,0.0003720044041983783,0.0002969861088786274,0.0016222441307268242
All,AGFV034,33,0.9774329597253476,0.9776538428249958,-0.00022088309964818365,0.9502697478506722,0.9494835843286596,0.0007861635220125507,0.9515915119363395,0.9509283819628647,0.0006631299734748408,0.9425649095200629,0.9417322834645669,0.0008326260554959442,0.00016349497309420258,0.0001206469169119373,0.0005816299196737873
Train,AGFV035,34,0.9990490054791915,0.9991038705476997,-5.486506850815864e-05,0.9972476023965062,0.9972476023965062,0.0,0.9971671388101983,0.9971671388101983,0.0,0.9966405375139977,0.9966405375139977,0.0,0.00038614985533058643,-4.028337571071461e-05,-1.62500829751e-05
Validation,AGFV035,34,0.9247654018767849,0.9198694410444717,0.004895960832313251,0.850999592003264,0.8457364341085272,0.0052631578947368585,0.8571428571428571,0.8526785714285714,0.004464285714285698,0.8279569892473119,0.8216216216216217,0.0063353676256902025,0.0030626265797764063,0.002478455426171422,0.01046538138502775
Test,AGFV035,34,0.8859514170040484,0.8826720647773278,0.0032793522267206,0.8283400809716599,0.823076923076923,0.0052631578947368585,0.8311111111111111,0.8266666666666667,0.004444444444444473,0.8020833333333334,0.7958115183246073,0.006271815008726089,0.0032012308947741985,0.0021530799567699432,0.008862633210934879
Heldout,AGFV035,34,0.9048465758992075,0.9003048160942898,0.004541759804917667,0.8396260922576713,0.8343629343629344,0.0052631578947368585,0.844097995545657,0.8396436525612472,0.0044543429844098315,0.8148148148148148,0.8085106382978723,0.0063041765169424835,0.0031320827547460794,0.002315405523404479,0.010118125975129132
All,AGFV035,34,0.9774329597253476,0.9762221597138077,0.0012108000115399475,0.9502697478506722,0.948697420806647,0.0015723270440252124,0.9515915119363395,0.9502652519893899,0.0013262599469495706,0.9425649095200629,0.9408983451536643,0.0016665643663985596,0.0012037387350574136,0.0006611120770685375,0.002903500929070901
Train,AGFV036,35,0.9990490054791915,0.9990855821915303,-3.6576712338809436e-05,0.9972476023965062,0.9972476023965062,0.0,0.9971671388101983,0.9971671388101983,0.0,0.9966405375139977,0.9966405375139977,0.0,0.00018252729205414653,-0.00015741653623990715,-1.8323983133394783e-05
Validation,AGFV036,35,0.9247654018767849,0.9257445940432477,-0.0009791921664628056,0.850999592003264,0.850999592003264,0.0,0.8571428571428571,0.8571428571428571,0.0,0.8279569892473119,0.8279569892473119,0.0,0.001023456803523004,-0.0006572729325853288,-0.0008768464861105052
Test,AGFV036,35,0.8859514170040484,0.8896761133603238,-0.00372469635627537,0.8283400809716599,0.8336032388663968,-0.0052631578947368585,0.8311111111111111,0.8355555555555556,-0.004444444444444473,0.8020833333333334,0.8082901554404145,-0.0062068221070811225,0.0011170257348567247,-0.0010217460803687572,-0.008876151677526556
Heldout,AGFV036,35,0.9048465758992075,0.9073663889453362,-0.002519813046128694,0.8396260922576713,0.8422576712050396,-0.002631578947368318,0.844097995545657,0.8463251670378619,-0.00222717149220486,0.8148148148148148,0.8179419525065963,-0.003127137691781523,0.0010703455191105604,-0.000839915475808084,-0.005044357441585956
All,AGFV036,35,0.9774329597253476,0.9783886172177024,-0.0009556574923548222,0.9502697478506722,0.9510559113726849,-0.0007861635220126617,0.9515915119363395,0.9522546419098143,-0.0006631299734748408,0.9425649095200629,0.9433962264150944,-0.0008313168950314642,0.0004468710394576192,-0.0003606273967307061,-0.001697133910421722
Train,AGFV037,36,0.9990490054791915,0.9990124287668527,3.6576712338809436e-05,0.9972476023965062,0.9972476023965062,0.0,0.9971671388101983,0.9971671388101983,0.0,0.9966405375139977,0.9966405375139977,0.0,0.00022215224453248084,-0.00018354177882429212,5.879193679205752e-05
Validation,AGFV037,36,0.9247654018767849,0.9251733986128111,-0.000407996736026206,0.850999592003264,0.850999592003264,0.0,0.8571428571428571,0.8571428571428571,0.0,0.8279569892473119,0.8279569892473119,0.0,0.0013434129068627954,-0.0010057365288957953,-0.00027365544533992643
Test,AGFV037,36,0.8859514170040484,0.8865587044534413,-0.0006072874493928682,0.8283400809716599,0.8336032388663968,-0.0052631578947368585,0.8311111111111111,0.8355555555555556,-0.004444444444444473,0.8020833333333334,0.8082901554404145,-0.0062068221070811225,0.001500522717833519,-0.0010640877299010754,-0.005720393072346374
Heldout,AGFV037,36,0.9048465758992075,0.9049176996545417,-7.112375533424586e-05,0.8396260922576713,0.8422576712050396,-0.002631578947368318,0.844097995545657,0.8463251670378619,-0.00222717149220486,0.8148148148148148,0.8179419525065963,-0.003127137691781523,0.0014221426099538803,-0.0010349771473556757,-0.002560488441707176
All,AGFV037,36,0.9774329597253476,0.9771958484796031,0.0002371112457445479,0.9502697478506722,0.9510559113726849,-0.0007861635220126617,0.9515915119363395,0.9522546419098143,-0.0006631299734748408,0.9425649095200629,0.9433962264150944,-0.0008313168950314642,0.000579443818423897,-0.0004370527167338878,-0.0004911078944257241
Train,AGFV038,37,0.9990490054791915,0.9991075282189336,-5.852273974205069e-05,0.9972476023965062,0.9972476023965062,0.0,0.9971671388101983,0.9971671388101983,0.0,0.9966405375139977,0.9966405375139977,0.0,0.00026876592892222106,-0.0002484014257788658,-3.164614684982858e-05
Validation,AGFV038,37,0.9247654018767849,0.9255813953488372,-0.000815993472052301,0.850999592003264,0.8457364341085272,0.0052631578947368585,0.8571428571428571,0.8526785714285714,0.004464285714285698,0.8279569892473119,0.8216216216216217,0.0063353676256902025,0.0005040187388658524,-0.0002295308659086004,0.004497566296571142
Test,AGFV038,37,0.8859514170040484,0.8890688259109312,-0.0031174089068827238,0.8283400809716599,0.8283400809716599,0.0,0.8311111111111111,0.8311111111111111,0.0,0.8020833333333334,0.8020833333333334,0.0,0.0005070935585536063,-0.0004610568576026708,-0.003066699551027363
Heldout,AGFV038,37,0.9048465758992075,0.9070107701686648,-0.0021641942694573535,0.8396260922576713,0.8369945133103027,0.0026315789473685403,0.844097995545657,0.8418708240534521,0.00222717149220486,0.8148148148148148,0.8116710875331565,0.0031437272816582373,0.0005055595538578928,-0.0003455516998656094,0.000517940633296976
All,AGFV038,37,0.9774329597253476,0.9782560873579135,-0.0008231276325658676,0.9502697478506722,0.9494835843286596,0.0007861635220125507,0.9515915119363395,0.9509283819628647,0.0006631299734748408,0.9425649095200629,0.9417322834645669,0.0008326260554959442,0.00033927010372281075,-0.00027732746093533933,-3.037100181035869e-06
Train,AGFV039,38,0.9990490054791915,0.9988770949311991,0.00017191054799237104,0.9972476023965062,0.9961265261633223,0.0011210762331839152,0.9971671388101983,0.996222851746931,0.0009442870632672129,0.9966405375139977,0.9955156950672646,0.0011248424467331652,0.0005454804049804807,0.00030609668465331197,0.0013475348216743343
Validation,AGFV039,38,0.9247654018767849,0.9250101999184006,-0.0002447980416157014,0.850999592003264,0.8496124031007752,0.0013871889024887896,0.8571428571428571,0.8571428571428571,0.0,0.8279569892473119,0.8260869565217391,0.0018700327255727345,0.004618425853550434,0.0042354329489171505,0.0016042334462281315
Test,AGFV039,38,0.8859514170040484,0.8853441295546558,0.0006072874493926461,0.8283400809716599,0.823076923076923,0.0052631578947368585,0.8311111111111111,0.8266666666666667,0.004444444444444473,0.8020833333333334,0.7958115183246073,0.006271815008726089,0.005255795083940029,0.004933041986078024,0.006396024852523508
Heldout,AGFV039,38,0.9048465758992075,0.9046535257061572,0.00019305019305027038,0.8396260922576713,0.8362934362934363,0.003332655964234932,0.844097995545657,0.8418708240534521,0.00222717149220486,0.8148148148148148,0.8106666666666666,0.004148148148148123,0.004937820136547089,0.0045850141905248165,0.004019488170939911
All,AGFV039,38,0.9774329597253476,0.9780189761121688,-0.0005860163868212087,0.9502697478506722,0.9484846517800474,0.0017850960706248253,0.9515915119363395,0.9502652519893899,0.0013262599469495706,0.9425649095200629,0.9408050513022889,0.001759858217774024,0.0018532791873440146,0.0015801244881004095,0.001384407602538018
Train,AGFV040,39,0.9990490054791915,0.999001455753151,4.7549726040485574e-05,0.9972476023965062,0.9972476023965062,0.0,0.9971671388101983,0.9971671388101983,0.0,0.9966405375139977,0.9966405375139977,0.0,0.0004899969208054245,-0.00046536893933080137,9.654941812102802e-05
Validation,AGFV040,39,0.9247654018767849,0.9250917992656059,-0.0003263973888210092,0.850999592003264,0.850999592003264,0.0,0.8571428571428571,0.8571428571428571,0.0,0.8279569892473119,0.8279569892473119,0.0,0.0020469289738684893,-0.0019439953612163663,-0.00012170449143416028
Test,AGFV040,39,0.8859514170040484,0.8868016194331984,-0.0008502024291499044,0.8283400809716599,0.8336032388663968,-0.0052631578947368585,0.8311111111111111,0.8355555555555556,-0.004444444444444473,0.8020833333333334,0.8082901554404145,-0.0062068221070811225,0.002162877470254898,-0.002003292553126812,-0.005897072576861273
Heldout,AGFV040,39,0.9048465758992075,0.9049176996545418,-7.112375533435689e-05,0.8396260922576713,0.8422576712050396,-0.002631578947368318,0.844097995545657,0.8463251670378619,-0.00222717149220486,0.8148148148148148,0.8179419525065963,-0.003127137691781523,0.0021050323266535997,-0.0019737102556973696,-0.002492199470037315
All,AGFV040,39,0.9774329597253476,0.9775032816917661,-7.03219664185406e-05,0.9502697478506722,0.9510559113726849,-0.0007861635220126617,0.9515915119363395,0.9522546419098143,-0.0006631299734748408,0.9425649095200629,0.9433962264150944,-0.0008313168950314642,0.0009708661236800253,-0.0009144705254584551,-0.0007593988760631997
Train,AGFV041,40,0.9990490054791915,0.9989795097257478,6.949575344372683e-05,0.9972476023965062,0.9972476023965062,0.0,0.9971671388101983,0.9971671388101983,0.0,0.9966405375139977,0.9966405375139977,0.0,0.0002188975631725043,0.0001821938785724342,9.138550976097725e-05
Validation,AGFV041,40,0.9247654018767849,0.9237046103631171,0.0010607915136677804,0.850999592003264,0.850999592003264,0.0,0.8571428571428571,0.8571428571428571,0.0,0.8279569892473119,0.8279569892473119,0.0,0.0005134980892762542,0.00018327267025597394,0.0011121413225954058
Test,AGFV041,40,0.8859514170040484,0.8834008097165993,0.002550607287449158,0.8283400809716599,0.8283400809716599,0.0,0.8311111111111111,0.8311111111111111,0.0,0.8020833333333334,0.8020833333333334,0.0,0.0005468166782520711,0.00020216769189573824,0.002605288955274365
Heldout,AGFV041,40,0.9048465758992075,0.9030075187969926,0.0018390571022148805,0.8396260922576713,0.8396260922576713,0.0,0.844097995545657,0.844097995545657,0.0,0.8148148148148148,0.8148148148148148,0.0,0.000530194491147995,0.0001927412231452763,0.00189207655132968
All,AGFV041,40,0.9774329597253476,0.9767865385725002,0.0006464211528474095,0.9502697478506722,0.9502697478506722,0.0,0.9515915119363395,0.9515915119363395,0.0,0.9425649095200629,0.9425649095200629,0.0,0.00031158479396253824,0.0001853343128459528,0.0006775796322436633
Train,AGFV042,41,0.9990490054791915,0.9990234017805543,2.560369863724432e-05,0.9972476023965062,0.9972476023965062,0.0,0.9971671388101983,0.9971671388101983,0.0,0.9966405375139977,0.9966405375139977,0.0,0.0002575378166511655,7.551156886620447e-05,5.1357480302360875e-05
Validation,AGFV042,41,0.9247654018767849,0.9267237862097103,-0.001958384332925389,0.850999592003264,0.8457364341085272,0.0052631578947368585,0.8571428571428571,0.8526785714285714,0.004464285714285698,0.8279569892473119,0.8216216216216217,0.0063353676256902025,0.0021560073364526033,0.0015447335317730904,0.0035203742954567296
Test,AGFV042,41,0.8859514170040484,0.8900404858299594,-0.00408906882591098,0.8283400809716599,0.823076923076923,0.0052631578947368585,0.8311111111111111,0.8266666666666667,0.004444444444444473,0.8020833333333334,0.7958115183246073,0.006271815008726089,0.002550344681367278,0.0013129631988704205,0.0014291235369626066
Heldout,AGFV042,41,0.9048465758992075,0.9080065027433448,-0.0031599268441373507,0.8396260922576713,0.8343629343629344,0.0052631578947368585,0.844097995545657,0.8396436525612472,0.0044543429844098315,0.8148148148148148,0.8085106382978723,0.0063041765169424835,0.002353615127503872,0.001428590272553265,0.002338592563349895
All,AGFV042,41,0.9774329597253476,0.9786383503548555,-0.0012053906295078631,0.9502697478506722,0.948697420806647,0.0015723270440252124,0.9515915119363395,0.9502652519893899,0.0013262599469495706,0.9425649095200629,0.9408983451536643,0.0016665643663985596,0.0008816351182758808,0.00047838446334935725,0.0004550999263449373
Train,AGFV043,42,0.9990490054791915,0.9989904827394493,5.852273974216171e-05,0.9972476023965062,0.9972476023965062,0.0,0.9971671388101983,0.9971671388101983,0.0,0.9966405375139977,0.9966405375139977,0.0,0.00028889323584735394,-0.0002802013186737895,8.741206332689711e-05
Validation,AGFV043,42,0.9247654018767849,0.9275397796817626,-0.00277437780497769,0.850999592003264,0.850999592003264,0.0,0.8571428571428571,0.8571428571428571,0.0,0.8279569892473119,0.8279569892473119,0.0,0.0006691144080832601,-0.0005760007770732045,-0.0027074663641693643
Test,AGFV043,42,0.8859514170040484,0.8921457489878543,-0.006194331983805812,0.8283400809716599,0.8336032388663968,-0.0052631578947368585,0.8311111111111111,0.8355555555555556,-0.004444444444444473,0.8020833333333334,0.8082901554404145,-0.0062068221070811225,0.00072150444611907,-0.0006454417016357183,-0.011385339433930764
Heldout,AGFV043,42,0.9048465758992075,0.909286730339362,-0.004440154440154553,0.8396260922576713,0.8422576712050396,-0.002631578947368318,0.844097995545657,0.8463251670378619,-0.00222717149220486,0.8148148148148148,0.8179419525065963,-0.003127137691781523,0.0006953677511774004,-0.0006107985391281545,-0.007002196612405131
All,AGFV043,42,0.9774329597253476,0.9788123521435578,-0.001379392418210168,0.9502697478506722,0.9510559113726849,-0.0007861635220126617,0.9515915119363395,0.9522546419098143,-0.0006631299734748408,0.9425649095200629,0.9433962264150944,-0.0008313168950314642,0.00040991915739141405,-0.0003786351007875055,-0.0021245640244836883
Train,AGFV044,43,0.9990490054791915,0.9990051134243849,4.389205480659353e-05,0.9972476023965062,0.9972476023965062,0.0,0.9971671388101983,0.9971671388101983,0.0,0.9966405375139977,0.9966405375139977,0.0,0.0004730562795884907,-1.0047269825008698e-05,9.11976827654426e-05
Validation,AGFV044,43,0.9247654018767849,0.9252549979600163,-0.0004895960832314028,0.850999592003264,0.8548755609955121,-0.003875968992248069,0.8571428571428571,0.8616071428571429,-0.0044642857142858094,0.8279569892473119,0.8324324324324325,-0.004475443185120609,0.004572264384478331,0.0022747702896595,-0.003908338637031638
Test,AGFV044,43,0.8859514170040484,0.8848582995951416,0.0010931174089068296,0.8283400809716599,0.823076923076923,0.0052631578947368585,0.8311111111111111,0.8266666666666667,0.004444444444444473,0.8020833333333334,0.7958115183246073,0.006271815008726089,0.004727521445602179,0.003631927538663149,0.006829027448203906
Heldout,AGFV044,43,0.9048465758992075,0.9043487096118674,0.0004978662873400541,0.8396260922576713,0.8389250152408048,0.0007010770168665026,0.844097995545657,0.844097995545657,0.0,0.8148148148148148,0.8138297872340425,0.0009850275807722353,0.004650065675377846,0.002954859985038638,0.0016639498717443413
All,AGFV044,43,0.9774329597253476,0.9773400986671281,9.286105821948443e-05,0.9502697478506722,0.9500569788240725,0.00021276902659972396,0.9515915119363395,0.9515915119363395,0.0,0.9425649095200629,0.9424743892829,9.052023716293878e-05,0.0017167414771392941,0.0008727402309887111,0.00047730423253313783
Train,AGFV045,44,0.9990490054791915,0.9990636361641271,-1.4630684935568183e-05,0.9972476023965062,0.9972476023965062,0.0,0.9971671388101983,0.9971671388101983,0.0,0.9966405375139977,0.9966405375139977,0.0,0.00011198700667591766,-8.354497549589723e-05,-3.4319842679764165e-06
Validation,AGFV045,44,0.9247654018767849,0.9259077927376581,-0.0011423908608731992,0.850999592003264,0.8457364341085272,0.0052631578947368585,0.8571428571428571,0.8526785714285714,0.004464285714285698,0.8279569892473119,0.8216216216216217,0.0063353676256902025,0.00022381424787454307,-0.00010902442591032013,0.004143148458651114
Test,AGFV045,44,0.8859514170040484,0.8879352226720648,-0.0019838056680163696,0.8283400809716599,0.8283400809716599,0.0,0.8311111111111111,0.8311111111111111,0.0,0.8020833333333334,0.8020833333333334,0.0,0.00027770447195507586,-8.278077439172193e-05,-0.001956035220820862
Heldout,AGFV045,44,0.9048465758992075,0.9061979272505588,-0.0013513513513513375,0.8396260922576713,0.8369945133103027,0.0026315789473685403,0.844097995545657,0.8418708240534521,0.00222717149220486,0.8148148148148148,0.8116710875331565,0.0031437272816582373,0.00025081937201321125,-9.587337262928486e-05,0.0013053095332185237
All,AGFV045,44,0.9774329597253476,0.9779180009809013,-0.0004850412555537087,0.9502697478506722,0.9494835843286596,0.0007861635220125507,0.9515915119363395,0.9509283819628647,0.0006631299734748408,0.9425649095200629,0.9417322834645669,0.0008326260554959442,0.00015332369366660714,-8.721570338821039e-05,0.0003164546358255027
Train,AGFV046,45,0.9990490054791915,0.9989026986298364,0.00014630684935512672,0.9972476023965062,0.9972476023965062,0.0,0.9971671388101983,0.9971671388101983,0.0,0.9966405375139977,0.9966405375139977,0.0,0.0006917910068295896,-0.0001304790348513052,0.0002154859500380857
Validation,AGFV046,45,0.9247654018767849,0.9233782129742962,0.0013871889024886785,0.850999592003264,0.8457364341085272,0.0052631578947368585,0.8571428571428571,0.8526785714285714,0.004464285714285698,0.8279569892473119,0.8216216216216217,0.0063353676256902025,0.003381106536835432,0.0019397480646148324,0.00698845745090908
Test,AGFV046,45,0.8859514170040484,0.8866396761133604,-0.0006882591093119172,0.8283400809716599,0.823076923076923,0.0052631578947368585,0.8311111111111111,0.8266666666666667,0.004444444444444473,0.8020833333333334,0.7958115183246073,0.006271815008726089,0.002784260082989931,0.0011281908955425024,0.004853324793723935
Heldout,AGFV046,45,0.9048465758992075,0.9044909571225359,0.0003556187766715624,0.8396260922576713,0.8343629343629344,0.0052631578947368585,0.844097995545657,0.8396436525612472,0.0044543429844098315,0.8148148148148148,0.8085106382978723,0.0063041765169424835,0.003082018345594406,0.001533065689727664,0.005926978505967862
All,AGFV046,45,0.9774329597253476,0.9768433370838382,0.000589622641509413,0.9502697478506722,0.948697420806647,0.0015723270440252124,0.9515915119363395,0.9502652519893899,0.0013262599469495706,0.9425649095200629,0.9408983451536643,0.0016665643663985596,0.001403470290824771,0.0003648337151389569,0.0023022967146171026
Train,AGFV047,46,0.9990490054791915,0.9990819245202964,-3.291904110491739e-05,0.9972476023965062,0.9972476023965062,0.0,0.9971671388101983,0.9971671388101983,0.0,0.9966405375139977,0.9966405375139977,0.0,0.00013132623280398548,-4.43470235040877e-05,-1.9786417824518843e-05
Validation,AGFV047,46,0.9247654018767849,0.9208486332109344,0.003916768665850556,0.850999592003264,0.8457364341085272,0.0052631578947368585,0.8571428571428571,0.8526785714285714,0.004464285714285698,0.8279569892473119,0.8216216216216217,0.0063353676256902025,0.0005982934380881488,0.00037717170198448,0.00923975590439623
Test,AGFV047,46,0.8859514170040484,0.8852631578947369,0.0006882591093115842,0.8283400809716599,0.8283400809716599,0.0,0.8311111111111111,0.8311111111111111,0.0,0.8020833333333334,0.8020833333333334,0.0,0.0004642215499188751,0.00022179986990522593,0.0007346812643034717
Heldout,AGFV047,46,0.9048465758992075,0.9025604551920342,0.002286120707173267,0.8396260922576713,0.8369945133103027,0.0026315789473685403,0.844097995545657,0.8418708240534521,0.00222717149220486,0.8148148148148148,0.8116710875331565,0.0031437272816582373,0.0005311081768013537,0.0002993127563968301,0.004970810472221943
All,AGFV047,46,0.9774329597253476,0.9767144134787376,0.0007185462466100523,0.9502697478506722,0.9494835843286596,0.0007861635220125507,0.9515915119363395,0.9509283819628647,0.0006631299734748408,0.9425649095200629,0.9417322834645669,0.0008326260554959442,0.00025035947328433394,5.7976085372501984e-05,0.0015297457159510364
Train,AGFV048,47,0.9990490054791915,0.9990855821915303,-3.6576712338809436e-05,0.9972476023965062,0.9972476023965062,0.0,0.9971671388101983,0.9971671388101983,0.0,0.9966405375139977,0.9966405375139977,0.0,0.0003445471520535648,0.00026559451362118125,-2.1219971334529575e-06
Validation,AGFV048,47,0.9247654018767849,0.9244390044879641,0.00032639738882078717,0.850999592003264,0.8457364341085272,0.0052631578947368585,0.8571428571428571,0.8526785714285714,0.004464285714285698,0.8279569892473119,0.8216216216216217,0.0063353676256902025,0.0016849043313413858,0.0014580091228708625,0.005758045716691784
Test,AGFV048,47,0.8859514170040484,0.8871255060728744,-0.0011740890688259897,0.8283400809716599,0.8283400809716599,0.0,0.8311111111111111,0.8311111111111111,0.0,0.8020833333333334,0.8020833333333334,0.0,0.0024507087655365467,0.0009270415757782757,-0.000929018192272335
Heldout,AGFV048,47,0.9048465758992075,0.9052834789676896,-0.00043690306848209737,0.8396260922576713,0.8369945133103027,0.0026315789473685403,0.844097995545657,0.8418708240534521,0.00222717149220486,0.8148148148148148,0.8116710875331565,0.0031437272816582373,0.0020686592906713486,0.0011919339885935187,0.002401541807953578
All,AGFV048,47,0.9774329597253476,0.9775736036581847,-0.0001406439328370812,0.9502697478506722,0.9494835843286596,0.0007861635220125507,0.9515915119363395,0.9509283819628647,0.0006631299734748408,0.9425649095200629,0.9417322834645669,0.0008326260554959442,0.0008578935521654785,0.0005414077895693481,0.0007313089443920173
Train,AGFV049,48,0.9990490054791915,0.999063636164127,-1.4630684935457161e-05,0.9972476023965062,0.9972476023965062,0.0,0.9971671388101983,0.9971671388101983,0.0,0.9966405375139977,0.9966405375139977,0.0,8.491337212035432e-05,3.275923154433258e-05,-6.139347723421729e-06
Validation,AGFV049,48,0.9247654018767849,0.925499796001632,-0.0007343941248471042,0.850999592003264,0.850999592003264,0.0,0.8571428571428571,0.8571428571428571,0.0,0.8279569892473119,0.8279569892473119,0.0,0.00023665869957767427,-0.00011016575444955379,-0.0007107282548893367
Test,AGFV049,48,0.8859514170040484,0.8880971659919028,-0.0021457489878543567,0.8283400809716599,0.8283400809716599,0.0,0.8311111111111111,0.8311111111111111,0.0,0.8020833333333334,0.8020833333333334,0.0,0.00019005722424481064,-4.860034096054733e-05,-0.0021267432654298755
Heldout,AGFV049,48,0.9048465758992075,0.9061166429587483,-0.0012700670595408026,0.8396260922576713,0.8396260922576713,0.0,0.844097995545657,0.844097995545657,0.0,0.8148148148148148,0.8148148148148148,0.0,0.0002133060770574957,-7.931448635645211e-05,-0.001248736451835053
All,AGFV049,48,0.9774329597253476,0.9779062806531648,-0.00047332092781715573,0.9502697478506722,0.9502697478506722,0.0,0.9515915119363395,0.9515915119363395,0.0,0.9425649095200629,0.9425649095200629,0.0,0.0001231416972586885,-6.101953999859688e-07,-0.00046100675809128687
Train,AGFV050,49,0.9990490054791915,0.998917329314772,0.00013167616441955854,0.9972476023965062,0.9972476023965062,0.0,0.9971671388101983,0.9971671388101983,0.0,0.9966405375139977,0.9966405375139977,0.0,0.00014630438818130642,4.149417691223789e-06,0.00014630660323768918
Validation,AGFV050,49,0.9247654018767849,0.9212566299469606,0.0035087719298243503,0.850999592003264,0.8457364341085272,0.0052631578947368585,0.8571428571428571,0.8526785714285714,0.004464285714285698,0.8279569892473119,0.8216216216216217,0.0063353676256902025,0.0005005671409890056,2.018976374529302e-05,0.00882198653866011
Test,AGFV050,49,0.8859514170040484,0.8794331983805669,0.006518218623481564,0.8283400809716599,0.8336032388663968,-0.0052631578947368585,0.8311111111111111,0.8355555555555556,-0.004444444444444473,0.8020833333333334,0.8082901554404145,-0.0062068221070811225,0.0006943652406334877,-0.00010643230780260637,0.0013244972528080544
Heldout,AGFV050,49,0.9048465758992075,0.8994310099573258,0.005415565941881639,0.8396260922576713,0.8396260922576713,0.0,0.844097995545657,0.844097995545657,0.0,0.8148148148148148,0.8148148148148148,0.0,0.0005976819666102529,-4.3262276449240744e-05,0.005475334138542664
All,AGFV050,49,0.9774329597253476,0.9755261525589983,0.001906807166349278,0.9502697478506722,0.9502697478506722,0.0,0.9515915119363395,0.9515915119363395,0.0,0.9425649095200629,0.9425649095200629,0.0,0.0002806999837048352,-9.9671933639911e-06,0.0019348771647197615
Train,AGFV051,50,0.9990490054791915,0.9990782668490625,-2.9261369871025344e-05,0.9972476023965062,0.9972476023965062,0.0,0.9971671388101983,0.9971671388101983,0.0,0.9966405375139977,0.9966405375139977,0.0,0.00020608013437595218,0.00016666209558025002,-8.653356433430124e-06
Validation,AGFV051,50,0.9247654018767849,0.9206038351693187,0.004161566707466258,0.850999592003264,0.8457364341085272,0.0052631578947368585,0.8571428571428571,0.8526785714285714,0.004464285714285698,0.8279569892473119,0.8216216216216217,0.0063353676256902025,0.0025533109437674284,0.0024208619724959135,0.00968005569657986
Test,AGFV051,50,0.8859514170040484,0.8832388663967612,0.0027125506072872563,0.8283400809716599,0.823076923076923,0.0052631578947368585,0.8311111111111111,0.8266666666666667,0.004444444444444473,0.8020833333333334,0.7958115183246073,0.006271815008726089,0.0023894617334008217,0.0020769627299159765,0.008214654675364197
Heldout,AGFV051,50,0.9048465758992075,0.9010973379394432,0.003749237959764229,0.8396260922576713,0.8343629343629344,0.0052631578947368585,0.844097995545657,0.8396436525612472,0.0044543429844098315,0.8148148148148148,0.8085106382978723,0.0063041765169424835,0.0024712036829441786,0.0022485293447971344,0.009259516222795505
All,AGFV051,50,0.9774329597253476,0.976173475275518,0.0012594844498295954,0.9502697478506722,0.948697420806647,0.0015723270440252124,0.9515915119363395,0.9502652519893899,0.0013262599469495706,0.9425649095200629,0.9408983451536643,0.0016665643663985596,0.0008805102552287281,0.0007865283987484872,0.0029198625193776807
Train,AGFV052,51,0.9990490054791915,0.9989648790408123,8.412643837918399e-05,0.9972476023965062,0.9972476023965062,0.0,0.9971671388101983,0.9971671388101983,0.0,0.9966405375139977,0.9966405375139977,0.0,0.00012201016215840355,-3.3021264243870974e-05,9.632745459502434e-05
Validation,AGFV052,51,0.9247654018767849,0.9254997960016319,-0.0007343941248469932,0.850999592003264,0.850999592003264,0.0,0.8571428571428571,0.8571428571428571,0.0,0.8279569892473119,0.8279569892473119,0.0,0.000693624431733042,-0.0005728325922973454,-0.000665031681673689
Test,AGFV052,51,0.8859514170040484,0.886072874493927,-0.00012145748987857363,0.8283400809716599,0.8336032388663968,-0.0052631578947368585,0.8311111111111111,0.8355555555555556,-0.004444444444444473,0.8020833333333334,0.8082901554404145,-0.0062068221070811225,0.0008550119237042964,-0.0005888267187401652,-0.005299114192245003
Heldout,AGFV052,51,0.9048465758992075,0.9049786628733997,-0.0001320869741922026,0.8396260922576713,0.8422576712050396,-0.002631578947368318,0.844097995545657,0.8463251670378619,-0.00222717149220486,0.8148148148148148,0.8179419525065963,-0.003127137691781523,0.0007744979811832309,-0.0005808474379591644,-0.002686216123442198
All,AGFV052,51,0.9774329597253476,0.9774870535456696,-5.409382032195431e-05,0.9502697478506722,0.9510559113726849,-0.0007861635220126617,0.9515915119363395,0.9522546419098143,-0.0006631299734748408,0.9425649095200629,0.9433962264150944,-0.0008313168950314642,0.0003162853536196053,-0.0001961339876288548,-0.0008086288069726555
Train,AGFV053,52,0.9990490054791915,0.9990453478079576,3.657671233892046e-06,0.9972476023965062,0.9972476023965062,0.0,0.9971671388101983,0.9971671388101983,0.0,0.9966405375139977,0.9966405375139977,0.0,0.000314898177748546,-0.0002780253707896918,3.514748900874665e-05
Validation,AGFV053,52,0.9247654018767849,0.9268053855569155,-0.002039983680130586,0.850999592003264,0.8457364341085272,0.0052631578947368585,0.8571428571428571,0.8526785714285714,0.004464285714285698,0.8279569892473119,0.8216216216216217,0.0063353676256902025,0.0007309488719329238,0.00012817259994335473,0.003296269101799565
Test,AGFV053,52,0.8859514170040484,0.8906882591093117,-0.0047368421052632614,0.8283400809716599,0.8283400809716599,0.0,0.8311111111111111,0.8311111111111111,0.0,0.8020833333333334,0.8020833333333334,0.0,0.0007554743206128478,9.008588676806539e-05,-0.004661294673201977
Heldout,AGFV053,52,0.9048465758992075,0.9082706766917293,-0.003424100792521867,0.8396260922576713,0.8369945133103027,0.0026315789473685403,0.844097995545657,0.8418708240534521,0.00222717149220486,0.8148148148148148,0.8116710875331565,0.0031437272816582373,0.0007432388374581933,0.0001090868390747346,-0.0007181979614075074
All,AGFV053,52,0.9774329597253476,0.9788898866193526,-0.0014569268940050062,0.9502697478506722,0.9494835843286596,0.0007861635220125507,0.9515915119363395,0.9509283819628647,0.0006631299734748408,0.9425649095200629,0.9417322834645669,0.0008326260554959442,0.000442434597061947,-0.00016276449605356902,-0.0006265199122862608
Train,AGFV054,53,0.9990490054791915,0.9990453478079576,3.657671233892046e-06,0.9972476023965062,0.9972476023965062,0.0,0.9971671388101983,0.9971671388101983,0.0,0.9966405375139977,0.9966405375139977,0.0,0.00021127033687662333,-0.0001831346598919481,2.4784704921554382e-05
Validation,AGFV054,53,0.9247654018767849,0.9256629946960424,-0.0008975928192574978,0.850999592003264,0.850999592003264,0.0,0.8571428571428571,0.8571428571428571,0.0,0.8279569892473119,0.8279569892473119,0.0,0.0011763984803110361,-0.0011186817428097129,-0.0007799529712263942
Test,AGFV054,53,0.8859514170040484,0.8897975708502024,-0.0038461538461539435,0.8283400809716599,0.8336032388663968,-0.0052631578947368585,0.8311111111111111,0.8355555555555556,-0.004444444444444473,0.8020833333333334,0.8082901554404145,-0.0062068221070811225,0.001195496995933354,-0.001148008625023067,-0.008989762041297467
Heldout,AGFV054,53,0.9048465758992075,0.9072546230440968,-0.0024080471448892915,0.8396260922576713,0.8422576712050396,-0.002631578947368318,0.844097995545657,0.8463251670378619,-0.00222717149220486,0.8148148148148148,0.8179419525065963,-0.003127137691781523,0.0011859691003337502,-0.0011333778966218233,-0.004921029182224234
All,AGFV054,53,0.9774329597253476,0.9781515059719578,-0.0007185462466101633,0.9502697478506722,0.9510559113726849,-0.0007861635220126617,0.9515915119363395,0.9522546419098143,-0.0006631299734748408,0.9425649095200629,0.9433962264150944,-0.0008313168950314642,0.000501482340041548,-0.0004660651902668178,-0.0014545615346186701
Train,AGFV055,54,0.9990490054791915,0.9990563208216593,-7.315342467784092e-06,0.9972476023965062,0.9972476023965062,0.0,0.9971671388101983,0.9971671388101983,0.0,0.9966405375139977,0.9966405375139977,0.0,0.0002267613454023376,0.00017532904166728258,1.536079207244967e-05
Validation,AGFV055,54,0.9247654018767849,0.9205222358221136,0.0042431660546713434,0.850999592003264,0.850999592003264,0.0,0.8571428571428571,0.8571428571428571,0.0,0.8279569892473119,0.8279569892473119,0.0,0.0007047242252156138,0.0002934102085418999,0.004313638477192905
Test,AGFV055,54,0.8859514170040484,0.8832388663967611,0.0027125506072873673,0.8283400809716599,0.8283400809716599,0.0,0.8311111111111111,0.8311111111111111,0.0,0.8020833333333334,0.8020833333333334,0.0,0.0007239225669763982,0.0005071839550510049,0.002784942863985007
Heldout,AGFV055,54,0.9048465758992075,0.9013208697419225,0.00352570615728498,0.8396260922576713,0.8396260922576713,0.0,0.844097995545657,0.844097995545657,0.0,0.8148148148148148,0.8148148148148148,0.0,0.0007143447874113917,0.0004005351511295885,0.0035971406360261193
All,AGFV055,54,0.9774329597253476,0.9762095378223992,0.0012234219029484406,0.9502697478506722,0.9502697478506722,0.0,0.9515915119363395,0.9515915119363395,0.0,0.9425649095200629,0.9425649095200629,0.0,0.00037193705793470144,0.000242383117438294,0.0012606156087419107
Train,AGFV056,55,0.9990490054791915,0.9990526631504254,-3.657671233892046e-06,0.9972476023965062,0.9972476023965062,0.0,0.9971671388101983,0.9971671388101983,0.0,0.9966405375139977,0.9966405375139977,0.0,0.00028427099459804595,0.0002687741070985794,2.476942822591255e-05
Validation,AGFV056,55,0.9247654018767849,0.9216646266829865,0.0031007751937983663,0.850999592003264,0.8457364341085272,0.0052631578947368585,0.8571428571428571,0.8526785714285714,0.004464285714285698,0.8279569892473119,0.8216216216216217,0.0063353676256902025,0.0007826340151950717,0.0007255937089212239,0.008442196490054732
Test,AGFV056,55,0.8859514170040484,0.8864777327935223,-0.0005263157894738191,0.8283400809716599,0.8283400809716599,0.0,0.8311111111111111,0.8311111111111111,0.0,0.8020833333333334,0.8020833333333334,0.0,0.0008467864245176315,0.0007081906078383327,-0.0004416371470220559
Heldout,AGFV056,55,0.9048465758992075,0.9035765088396669,0.0012700670595405805,0.8396260922576713,0.8369945133103027,0.0026315789473685403,0.844097995545657,0.8418708240534521,0.00222717149220486,0.8148148148148148,0.8116710875331565,0.0031437272816582373,0.0008147816988639534,0.0007168728043325245,0.003983124176795516
All,AGFV056,55,0.9774329597253476,0.9767630979170272,0.0006698618083204044,0.9502697478506722,0.9494835843286596,0.0007861635220125507,0.9515915119363395,0.9509283819628647,0.0006631299734748408,0.9425649095200629,0.9417322834645669,0.0008326260554959442,0.000442228076281026,0.0004021934000775218,0.0015002481379610578
Train,AGFV057,56,0.9990490054791915,0.9990416901367237,7.315342467784092e-06,0.9972476023965062,0.9972476023965062,0.0,0.9971671388101983,0.9971671388101983,0.0,0.9966405375139977,0.9966405375139977,0.0,0.00028841703897342086,0.00011016590724466369,3.6157046365126175e-05
Validation,AGFV057,56,0.9247654018767849,0.924031007751938,0.0007343941248468822,0.850999592003264,0.8457364341085272,0.0052631578947368585,0.8571428571428571,0.8526785714285714,0.004464285714285698,0.8279569892473119,0.8216216216216217,0.0063353676256902025,0.0030064883176237345,0.0025835144333541393,0.006298200851346114
Test,AGFV057,56,0.8859514170040484,0.8865182186234818,-0.0005668016194333436,0.8283400809716599,0.823076923076923,0.0052631578947368585,0.8311111111111111,0.8266666666666667,0.004444444444444473,0.8020833333333334,0.7958115183246073,0.006271815008726089,0.002756154164671898,0.00261086062528193,0.0049719716917707045
Heldout,AGFV057,56,0.9048465758992075,0.9046027230237758,0.00024385287543171597,0.8396260922576713,0.8343629343629344,0.0052631578947368585,0.844097995545657,0.8396436525612472,0.0044543429844098315,0.8148148148148148,0.8085106382978723,0.0063041765169424835,0.0028810426592826843,0.0025972179137170315,0.0057951150360968425
All,AGFV057,56,0.9774329597253476,0.9771760140788183,0.0002569456465293385,0.9502697478506722,0.948697420806647,0.0015723270440252124,0.9515915119363395,0.9502652519893899,0.0013262599469495706,0.9425649095200629,0.9408983451536643,0.0016665643663985596,0.0010603591799736023,0.0008506741723977029,0.001935308608551911
Train,AGFV058,57,0.9990490054791915,0.9989612213695784,8.778410961307603e-05,0.9972476023965062,0.9972476023965062,0.0,0.9971671388101983,0.9971671388101983,0.0,0.9966405375139977,0.9966405375139977,0.0,0.0001422131317667663,-8.993903611553833e-05,0.00010200542278975267
Validation,AGFV058,57,0.9247654018767849,0.9252549979600163,-0.0004895960832314028,0.850999592003264,0.8457364341085272,0.0052631578947368585,0.8571428571428571,0.8526785714285714,0.004464285714285698,0.8279569892473119,0.8216216216216217,0.0063353676256902025,0.0006456657429225743,-0.00037202349631115794,0.004838128385797713
Test,AGFV058,57,0.8859514170040484,0.8871255060728745,-0.0011740890688261008,0.8283400809716599,0.8336032388663968,-0.0052631578947368585,0.8311111111111111,0.8355555555555556,-0.004444444444444473,0.8020833333333334,0.8082901554404145,-0.0062068221070811225,0.0006650107679888606,-0.0005819485522806644,-0.006370745886764073
Heldout,AGFV058,57,0.9048465758992075,0.9052631578947369,-0.0004165819955294081,0.8396260922576713,0.8396260922576713,0.0,0.844097995545657,0.844097995545657,0.0,0.8148148148148148,0.8148148148148148,0.0,0.0006553598213940859,-0.00047721981536597013,-0.00035104601338999954
All,AGFV058,57,0.9774329597253476,0.9775267223472389,-9.376262189131346e-05,0.9502697478506722,0.9502697478506722,0.0,0.9515915119363395,0.9515915119363395,0.0,0.9425649095200629,0.9425649095200629,0.0,0.00029500017990358174,-0.00020525009313132614,-6.426260390095529e-05
Train,AGFV059,58,0.9990490054791915,0.9990453478079575,3.657671234003068e-06,0.9972476023965062,0.9972476023965062,0.0,0.9971671388101983,0.9971671388101983,0.0,0.9966405375139977,0.9966405375139977,0.0,0.00025476363953202963,-6.636667967541143e-05,2.9134035187206033e-05
Validation,AGFV059,58,0.9247654018767849,0.9259893920848634,-0.001223990208078507,0.850999592003264,0.850999592003264,0.0,0.8571428571428571,0.8571428571428571,0.0,0.8279569892473119,0.8279569892473119,0.0,0.00141783501021564,0.000956473988480866,-0.001082206707056943
Test,AGFV059,58,0.8859514170040484,0.8891497975708501,-0.003198380566801662,0.8283400809716599,0.8283400809716599,0.0,0.8311111111111111,0.8311111111111111,0.0,0.8020833333333334,0.8020833333333334,0.0,0.0012395908124744892,0.0005863021360710263,-0.003074421485554213
Heldout,AGFV059,58,0.9048465758992075,0.9068278805120911,-0.0019813046128835943,0.8396260922576713,0.8396260922576713,0.0,0.844097995545657,0.844097995545657,0.0,0.8148148148148148,0.8148148148148148,0.0,0.0013285143068060279,0.000770975835621357,-0.0018484531822029915
All,AGFV059,58,0.9774329597253476,0.9780000432750563,-0.0005670835497086912,0.9502697478506722,0.9502697478506722,0.0,0.9515915119363395,0.9515915119363395,0.0,0.9425649095200629,0.9425649095200629,0.0,0.0005744679365307093,0.0001829481916502118,-0.0005096367560556203
Train,AGFV060,59,0.9990490054791915,0.9989575636983445,9.144178084696808e-05,0.9972476023965062,0.9972476023965062,0.0,0.9971671388101983,0.9971671388101983,0.0,0.9966405375139977,0.9966405375139977,0.0,0.0003838241973426193,-4.4635940867010504e-05,0.00012982420058123002
Validation,AGFV060,59,0.9247654018767849,0.9238678090575275,0.0008975928192573868,0.850999592003264,0.8457364341085272,0.0052631578947368585,0.8571428571428571,0.8526785714285714,0.004464285714285698,0.8279569892473119,0.8216216216216217,0.0063353676256902025,0.002424607751891017,0.001014070468954742,0.006403211489183347
Test,AGFV060,59,0.8859514170040484,0.8900404858299595,-0.004089068825911091,0.8283400809716599,0.823076923076923,0.0052631578947368585,0.8311111111111111,0.8266666666666667,0.004444444444444473,0.8020833333333334,0.7958115183246073,0.006271815008726089,0.0032960856333374977,0.0009747594012878835,0.0015036976321595175
Heldout,AGFV060,59,0.9048465758992075,0.9067872383661858,-0.0019406624669783268,0.8396260922576713,0.8343629343629344,0.0052631578947368585,0.844097995545657,0.8396436525612472,0.0044543429844098315,0.8148148148148148,0.8085106382978723,0.0063041765169424835,0.002861317014321685,0.0009943712502717972,0.0036086271291907003
All,AGFV060,59,0.9774329597253476,0.9780189761121689,-0.0005860163868213197,0.9502697478506722,0.948697420806647,0.0015723270440252124,0.9515915119363395,0.9502652519893899,0.0013262599469495706,0.9425649095200629,0.9408983451536643,0.0016665643663985596,0.0011214861879125237,0.0002647236397024244,0.0010984592759951451
Train,AGFV061,60,0.9990490054791915,0.9990782668490625,-2.9261369871025344e-05,0.9972476023965062,0.9972476023965062,0.0,0.9971671388101983,0.9971671388101983,0.0,0.9966405375139977,0.9966405375139977,0.0,0.0001331059611402452,-5.157836130820215e-05,-1.5950773757000822e-05
Validation,AGFV061,60,0.9247654018767849,0.9250917992656059,-0.0003263973888210092,0.850999592003264,0.8457364341085272,0.0052631578947368585,0.8571428571428571,0.8526785714285714,0.004464285714285698,0.8279569892473119,0.8216216216216217,0.0063353676256902025,0.0003139117907267064,-0.00015810264449100941,0.0049681516849885195
Test,AGFV061,60,0.8859514170040484,0.8871255060728744,-0.0011740890688259897,0.8283400809716599,0.8283400809716599,0.0,0.8311111111111111,0.8311111111111111,0.0,0.8020833333333334,0.8020833333333334,0.0,0.00038737154682166874,-0.00015937192074488848,-0.0011353519141438229
Heldout,AGFV061,60,0.9048465758992075,0.9052631578947369,-0.0004165819955294081,0.8396260922576713,0.8369945133103027,0.0026315789473685403,0.844097995545657,0.8418708240534521,0.00222717149220486,0.8148148148148148,0.8116710875331565,0.0031437272816582373,0.000350723450537771,-0.00015873872325755656,0.002250069296892909
All,AGFV061,60,0.9774329597253476,0.9776754803531245,-0.00024252062777685435,0.9502697478506722,0.9494835843286596,0.0007861635220125507,0.9515915119363395,0.9509283819628647,0.0006631299734748408,0.9425649095200629,0.9417322834645669,0.0008326260554959442,0.00019790057558566332,-8.348486153408885e-05,0.0005634329517942626
Train,AGFV062,61,0.9990490054791915,0.9990197441093205,2.9261369871025344e-05,0.9972476023965062,0.9972476023965062,0.0,0.9971671388101983,0.9971671388101983,0.0,0.9966405375139977,0.9966405375139977,0.0,0.0001380564644932747,-4.110695590497926e-05,4.306701632035281e-05
Validation,AGFV062,61,0.9247654018767849,0.9244390044879641,0.00032639738882078717,0.850999592003264,0.850999592003264,0.0,0.8571428571428571,0.8571428571428571,0.0,0.8279569892473119,0.8279569892473119,0.0,0.00033842941047623754,-0.00022914224246051162,0.0003602403298684109
Test,AGFV062,61,0.8859514170040484,0.8846153846153846,0.0013360323886638659,0.8283400809716599,0.8283400809716599,0.0,0.8311111111111111,0.8311111111111111,0.0,0.8020833333333334,0.8020833333333334,0.0,0.00027238624170422554,-0.00015348904707934707,0.0013632710128342884
Heldout,AGFV062,61,0.9048465758992075,0.9039219670798617,0.0009246088193457513,0.8396260922576713,0.8396260922576713,0.0,0.844097995545657,0.844097995545657,0.0,0.8148148148148148,0.8148148148148148,0.0,0.00030533428071066737,-0.00019123140373267233,0.0009551422474168181
All,AGFV062,61,0.9774329597253476,0.9770416810916854,0.0003912786336621732,0.9502697478506722,0.9502697478506722,0.0,0.9515915119363395,0.9515915119363395,0.0,0.9425649095200629,0.9425649095200629,0.0,0.00018786264990922064,-8.580581925343722e-05,0.00041006489865309527
Train,AGFV063,62,0.9990490054791915,0.9991038705476998,-5.4865068508269665e-05,0.9972476023965062,0.9972476023965062,0.0,0.9971671388101983,0.9971671388101983,0.0,0.9966405375139977,0.9966405375139977,0.0,0.0002687690721359104,-0.00021259032655507326,-2.7988161294678626e-05
Validation,AGFV063,62,0.9247654018767849,0.9283557731538148,-0.00359037127702988,0.850999592003264,0.850999592003264,0.0,0.8571428571428571,0.8571428571428571,0.0,0.8279569892473119,0.8279569892473119,0.0,0.0012413588119670749,-0.00031348210177384317,-0.0034662353958331725
Test,AGFV063,62,0.8859514170040484,0.8934817813765181,-0.007530364372469678,0.8283400809716599,0.8283400809716599,0.0,0.8311111111111111,0.8311111111111111,0.0,0.8020833333333334,0.8020833333333334,0.0,0.0007970237638801336,-0.00045872735790908337,-0.007450661996081664
Heldout,AGFV063,62,0.9048465758992075,0.9105567973989027,-0.005710221499695245,0.8396260922576713,0.8396260922576713,0.0,0.844097995545657,0.844097995545657,0.0,0.8148148148148148,0.8148148148148148,0.0,0.0010186965810135007,-0.000386266503483057,-0.0056083518415938945
All,AGFV063,62,0.9774329597253476,0.9797499783624717,-0.0023170186371240797,0.9502697478506722,0.9502697478506722,0.0,0.9515915119363395,0.9515915119363395,0.0,0.9425649095200629,0.9425649095200629,0.0,0.0004920564824715257,-0.00026430157595314085,-0.002267812988876927
Train,AGFV064,63,0.9990490054791915,0.9989868250682157,6.218041097583171e-05,0.9972476023965062,0.9972476023965062,0.0,0.9971671388101983,0.9971671388101983,0.0,0.9966405375139977,0.9966405375139977,0.0,0.00014913578343112022,-6.145219231257215e-05,7.709398931894373e-05
Validation,AGFV064,63,0.9247654018767849,0.9226438188494492,0.0021215830273356717,0.850999592003264,0.850999592003264,0.0,0.8571428571428571,0.8571428571428571,0.0,0.8279569892473119,0.8279569892473119,0.0,0.0005754546145908535,0.00017788357217796147,0.002179128488794757
Test,AGFV064,63,0.8859514170040484,0.8834817813765182,0.00246963562753022,0.8283400809716599,0.8283400809716599,0.0,0.8311111111111111,0.8311111111111111,0.0,0.8020833333333334,0.8020833333333334,0.0,0.0006402982980944216,0.00029039630317129195,0.0025336654573396623
Heldout,AGFV064,63,0.9048465758992075,0.9023775655354602,0.0024690103637472482,0.8396260922576713,0.8396260922576713,0.0,0.844097995545657,0.844097995545657,0.0,0.8148148148148148,0.8148148148148148,0.0,0.0006079486338421702,0.00023426527332048863,0.002529805227131465
All,AGFV064,63,0.9774329597253476,0.9766918743869368,0.0007410853384107741,0.9502697478506722,0.9502697478506722,0.0,0.9515915119363395,0.9515915119363395,0.0,0.9425649095200629,0.9425649095200629,0.0,0.0002857451909221709,2.6596304451231845e-05,0.0007696598575029912
Train,AGFV065,64,0.9990490054791915,0.9991075282189337,-5.852273974216171e-05,0.9972476023965062,0.9972476023965062,0.0,0.9971671388101983,0.9971671388101983,0.0,0.9966405375139977,0.9966405375139977,0.0,0.0003833363007288426,-0.00035686331102624536,-2.018910966927745e-05
Validation,AGFV065,64,0.9247654018767849,0.9259077927376581,-0.0011423908608731992,0.850999592003264,0.8457364341085272,0.0052631578947368585,0.8571428571428571,0.8526785714285714,0.004464285714285698,0.8279569892473119,0.8216216216216217,0.0063353676256902025,0.000653852999676019,-0.00030053831869736314,0.0041861523338312615
Test,AGFV065,64,0.8859514170040484,0.8882591093117409,-0.002307692307692455,0.8283400809716599,0.8283400809716599,0.0,0.8311111111111111,0.8311111111111111,0.0,0.8020833333333334,0.8020833333333334,0.0,0.0007127766730263829,-0.00038725193007849157,-0.0022364146403898166
Heldout,AGFV065,64,0.9048465758992075,0.9062588904694168,-0.0014123145702092943,0.8396260922576713,0.8369945133103027,0.0026315789473685403,0.844097995545657,0.8418708240534521,0.00222717149220486,0.8148148148148148,0.8116710875331565,0.0031437272816582373,0.0006833804654888809,-0.00034399167634546757,0.001287602423708134
All,AGFV065,64,0.9774329597253476,0.9781587184813341,-0.0007257587559864609,0.9502697478506722,0.9494835843286596,0.0007861635220125507,0.9515915119363395,0.9509283819628647,0.0006631299734748408,0.9425649095200629,0.9417322834645669,0.0008326260554959442,0.000472673011245206,-0.0003530308313202113,0.0001076720671506104
Train,AGFV066,65,0.9990490054791915,0.9989612213695784,8.778410961307603e-05,0.9972476023965062,0.9972476023965062,0.0,0.9971671388101983,0.9971671388101983,0.0,0.9966405375139977,0.9966405375139977,0.0,0.0002599618164822459,0.0002592865494079888,0.00011378029126130063
Validation,AGFV066,65,0.9247654018767849,0.9219094247246022,0.002855977152182665,0.850999592003264,0.8457364341085272,0.0052631578947368585,0.8571428571428571,0.8526785714285714,0.004464285714285698,0.8279569892473119,0.8216216216216217,0.0063353676256902025,0.0007981465314514935,0.0006712100584991276,0.008198949700064673
Test,AGFV066,65,0.8859514170040484,0.882834008097166,0.0031174089068825017,0.8283400809716599,0.8283400809716599,0.0,0.8311111111111111,0.8311111111111111,0.0,0.8020833333333334,0.8020833333333334,0.0,0.0007824516505934298,0.00070797378430143,0.003195654071941845
Heldout,AGFV066,65,0.9048465758992075,0.901747612273928,0.003098963625279505,0.8396260922576713,0.8369945133103027,0.0026315789473685403,0.844097995545657,0.8418708240534521,0.00222717149220486,0.8148148148148148,0.8116710875331565,0.0031437272816582373,0.0007902815705165267,0.000689632841385901,0.005809570729699698
All,AGFV066,65,0.9774329597253476,0.976393456811494,0.0010395029138535739,0.9502697478506722,0.9494835843286596,0.0007861635220125507,0.9515915119363395,0.9509283819628647,0.0006631299734748408,0.9425649095200629,0.9417322834645669,0.0008326260554959442,0.0004178620292805135,0.00038742012111470103,0.0018674526387941759
Train,AGFV067,66,0.9990490054791915,0.999063636164127,-1.4630684935457161e-05,0.9972476023965062,0.9972476023965062,0.0,0.9971671388101983,0.9971671388101983,0.0,0.9966405375139977,0.9966405375139977,0.0,0.00014835863839834929,0.00011945061851292849,2.051789043777681e-07
Validation,AGFV067,66,0.9247654018767849,0.9250101999184007,-0.0002447980416158124,0.850999592003264,0.8457364341085272,0.0052631578947368585,0.8571428571428571,0.8526785714285714,0.004464285714285698,0.8279569892473119,0.8216216216216217,0.0063353676256902025,0.0005058127571828663,0.0003227013803552836,0.005068941128839333
Test,AGFV067,66,0.8859514170040484,0.8883400809716598,-0.002388663967611393,0.8283400809716599,0.8283400809716599,0.0,0.8311111111111111,0.8311111111111111,0.0,0.8020833333333334,0.8020833333333334,0.0,0.0005902352859266102,0.00030331872403621674,-0.002329640439018732
Heldout,AGFV067,66,0.9048465758992075,0.9062588904694168,-0.0014123145702092943,0.8396260922576713,0.8369945133103027,0.0026315789473685403,0.844097995545657,0.8418708240534521,0.00222717149220486,0.8148148148148148,0.8116710875331565,0.0031437272816582373,0.0005481179687194526,0.0003129884717054665,0.0012740761740311912
All,AGFV067,66,0.9774329597253476,0.9778251399226819,-0.0003921801973343353,0.9502697478506722,0.9494835843286596,0.0007861635220125507,0.9515915119363395,0.9509283819628647,0.0006631299734748408,0.9425649095200629,0.9417322834645669,0.0008326260554959442,0.0002673851267900318,0.00017707559163682163,0.0004207218373572186
Train,AGFV068,67,0.9990490054791915,0.9990087710956188,4.023438357270148e-05,0.9972476023965062,0.9972476023965062,0.0,0.9971671388101983,0.9971671388101983,0.0,0.9966405375139977,0.9966405375139977,0.0,0.00015658103802707046,3.6738765629706904e-05,5.589248737540853e-05
Validation,AGFV068,67,0.9247654018767849,0.9263157894736842,-0.0015503875968992942,0.850999592003264,0.850999592003264,0.0,0.8571428571428571,0.8571428571428571,0.0,0.8279569892473119,0.8279569892473119,0.0,0.000809769204352051,-0.0005386833800002933,-0.0014694106764640892
Test,AGFV068,67,0.8859514170040484,0.8897975708502025,-0.0038461538461540545,0.8283400809716599,0.8336032388663968,-0.0052631578947368585,0.8311111111111111,0.8355555555555556,-0.004444444444444473,0.8020833333333334,0.8082901554404145,-0.0062068221070811225,0.0008903699927031994,-0.0005973203806206584,-0.009020274741620593
Heldout,AGFV068,67,0.9048465758992075,0.9074578337736232,-0.00261125787441574,0.8396260922576713,0.8422576712050396,-0.002631578947368318,0.844097995545657,0.8463251670378619,-0.00222717149220486,0.8148148148148148,0.8179419525065963,-0.003127137691781523,0.0008501593838445842,-0.0005680671893060207,-0.0051578208833996
All,AGFV068,67,0.9774329597253476,0.9781280653164848,-0.0006951055911371684,0.9502697478506722,0.9510559113726849,-0.0007861635220126617,0.9515915119363395,0.9522546419098143,-0.0006631299734748408,0.9425649095200629,0.9433962264150944,-0.0008313168950314642,0.00036309074494056404,-0.000143339391797781,-0.0014449600386557738
Train,AGFV069,68,0.9990490054791915,0.9990051134243849,4.389205480659353e-05,0.9972476023965062,0.9972476023965062,0.0,0.9971671388101983,0.9971671388101983,0.0,0.9966405375139977,0.9966405375139977,0.0,0.00015165407967288047,8.9946152002085e-05,5.9057462773881574e-05
Validation,AGFV069,68,0.9247654018767849,0.9208486332109344,0.003916768665850556,0.850999592003264,0.850999592003264,0.0,0.8571428571428571,0.8571428571428571,0.0,0.8279569892473119,0.8279569892473119,0.0,0.00042309757554903626,-3.734321580850519e-05,0.0039590784234054596
Test,AGFV069,68,0.8859514170040484,0.8823481781376518,0.0036032388663966852,0.8283400809716599,0.8283400809716599,0.0,0.8311111111111111,0.8311111111111111,0.0,0.8020833333333334,0.8020833333333334,0.0,0.00042449048487469554,-0.00018209079280495644,0.003645687914884155
Heldout,AGFV069,68,0.9048465758992075,0.9008128429181061,0.004033732981101323,0.8396260922576713,0.8396260922576713,0.0,0.844097995545657,0.844097995545657,0.0,0.8148148148148148,0.8148148148148148,0.0,0.0004237955727148801,-0.00010987820132868364,0.004076112538372811
All,AGFV069,68,0.9774329597253476,0.976095039236051,0.0013379204892965957,0.9502697478506722,0.9502697478506722,0.0,0.9515915119363395,0.9515915119363395,0.0,0.9425649095200629,0.9425649095200629,0.0,0.00023268295626621693,3.044937147933524e-05,0.0013611887849232173
Train,AGFV070,69,0.9990490054791915,0.9990453478079576,3.657671233892046e-06,0.9972476023965062,0.9972476023965062,0.0,0.9971671388101983,0.9971671388101983,0.0,0.9966405375139977,0.9966405375139977,0.0,9.583634528098628e-05,5.420994421001524e-05,1.3241305761990675e-05
Validation,AGFV070,69,0.9247654018767849,0.9246838025295798,8.159934720508577e-05,0.850999592003264,0.8457364341085272,0.0052631578947368585,0.8571428571428571,0.8526785714285714,0.004464285714285698,0.8279569892473119,0.8216216216216217,0.0063353676256902025,0.0006223818636499345,0.0002754209272097796,0.005406995428306938
Test,AGFV070,69,0.8859514170040484,0.8873684210526316,-0.001417004048583137,0.8283400809716599,0.8283400809716599,0.0,0.8311111111111111,0.8311111111111111,0.0,0.8020833333333334,0.8020833333333334,0.0,0.0006630109273828566,0.0005870648310519755,-0.0013507029558448513
Heldout,AGFV070,69,0.9048465758992075,0.905486689697216,-0.0006401137980085458,0.8396260922576713,0.8369945133103027,0.0026315789473685403,0.844097995545657,0.8418708240534521,0.00222717149220486,0.8148148148148148,0.8116710875331565,0.0031437272816582373,0.0006427416228689253,0.0004315899277571589,0.002055739311646887
All,AGFV070,69,0.9774329597253476,0.9775122973284867,-7.933760313905136e-05,0.9502697478506722,0.9494835843286596,0.0007861635220125507,0.9515915119363395,0.9509283819628647,0.0006631299734748408,0.9425649095200629,0.9417322834645669,0.0008326260554959442,0.0002586748742032796,0.0001665730815147981,0.0007326934062938273
Train,AGFV071,70,0.9990490054791915,0.9989685367120462,8.046876714529194e-05,0.9972476023965062,0.9972476023965062,0.0,0.9971671388101983,0.9971671388101983,0.0,0.9966405375139977,0.9966405375139977,0.0,0.00016823108308017254,-1.030806470225798e-05,9.72918754533092e-05
Validation,AGFV071,70,0.9247654018767849,0.9207670338637292,0.003998368013055753,0.850999592003264,0.8457364341085272,0.0052631578947368585,0.8571428571428571,0.8526785714285714,0.004464285714285698,0.8279569892473119,0.8216216216216217,0.0063353676256902025,0.00035522153484635055,-0.00016323124873451889,0.009297048061277246
Test,AGFV071,70,0.8859514170040484,0.8813765182186234,0.004574898785425052,0.8283400809716599,0.8283400809716599,0.0,0.8311111111111111,0.8311111111111111,0.0,0.8020833333333334,0.8020833333333334,0.0,0.0005321769858710468,-0.0003090219688601792,0.004628116484012157
Heldout,AGFV071,70,0.9048465758992075,0.9005689900426742,0.004277585856533261,0.8396260922576713,0.8369945133103027,0.0026315789473685403,0.844097995545657,0.8418708240534521,0.00222717149220486,0.8148148148148148,0.8116710875331565,0.0031437272816582373,0.000443896307842806,-0.00023628897906746715,0.006953554434686082
All,AGFV071,70,0.9774329597253476,0.9759012030465639,0.0015317566787836912,0.9502697478506722,0.9494835843286596,0.0007861635220125507,0.9515915119363395,0.9509283819628647,0.0006631299734748408,0.9425649095200629,0.9417322834645669,0.0008326260554959442,0.0002503091236576438,-7.759282743791118e-05,0.002342951113162006
Train,AGFV072,71,0.9990490054791915,0.9989539060271108,9.50994520807491e-05,0.9972476023965062,0.9972476023965062,0.0,0.9971671388101983,0.9971671388101983,0.0,0.9966405375139977,0.9966405375139977,0.0,0.0001876982132671401,3.744537752936594e-05,0.00011386927340746311
Validation,AGFV072,71,0.9247654018767849,0.9195430436556509,0.005222358221134038,0.850999592003264,0.8457364341085272,0.0052631578947368585,0.8571428571428571,0.8526785714285714,0.004464285714285698,0.8279569892473119,0.8216216216216217,0.0063353676256902025,0.0008933445787988603,0.00022637841175310314,0.010574850573750783
Test,AGFV072,71,0.8859514170040484,0.8804858299595143,0.005465587044534148,0.8283400809716599,0.8283400809716599,0.0,0.8311111111111111,0.8311111111111111,0.0,0.8020833333333334,0.8020833333333334,0.0,0.0005077258683741093,0.0001609793253010139,0.005516359631371559
Heldout,AGFV072,71,0.9048465758992075,0.899410688884373,0.00543588701483444,0.8396260922576713,0.8369945133103027,0.0026315789473685403,0.844097995545657,0.8418708240534521,0.00222717149220486,0.8148148148148148,0.8116710875331565,0.0031437272816582373,0.0007001057965680957,0.00019360604346729815,0.008137476541859789
All,AGFV072,71,0.9774329597253476,0.9754765665570366,0.001956393168310977,0.9502697478506722,0.9494835843286596,0.0007861635220125507,0.9515915119363395,0.9509283819628647,0.0006631299734748408,0.9425649095200629,0.9417322834645669,0.0008326260554959442,0.0003402652218937874,8.394149335799739e-05,0.0027765832125129066
Train,AGFV073,72,0.9990490054791915,0.9990160864380866,3.291904110491739e-05,0.9972476023965062,0.9972476023965062,0.0,0.9971671388101983,0.9971671388101983,0.0,0.9966405375139977,0.9966405375139977,0.0,7.521474617533386e-05,1.6057041648309678e-05,4.044051572245077e-05
Validation,AGFV073,72,0.9247654018767849,0.9244390044879641,0.00032639738882078717,0.850999592003264,0.8457364341085272,0.0052631578947368585,0.8571428571428571,0.8526785714285714,0.004464285714285698,0.8279569892473119,0.8216216216216217,0.0063353676256902025,0.0003690137236844748,9.156980377156287e-05,0.005626456655926093
Test,AGFV073,72,0.8859514170040484,0.8863157894736843,-0.0003643724696358319,0.8283400809716599,0.8283400809716599,0.0,0.8311111111111111,0.8311111111111111,0.0,0.8020833333333334,0.8020833333333334,0.0,0.0003243990067858249,0.00020909571321681142,-0.00033193256895724943
Heldout,AGFV073,72,0.9048465758992075,0.9045925624872992,0.0002540134119082271,0.8396260922576713,0.8369945133103027,0.0026315789473685403,0.844097995545657,0.8418708240534521,0.00222717149220486,0.8148148148148148,0.8116710875331565,0.0031437272816582373,0.0003466566849965602,0.00015046363114379346,0.0029202580277764233
All,AGFV073,72,0.9774329597253476,0.9774014049968266,3.155472852101049e-05,0.9502697478506722,0.9494835843286596,0.0007861635220125507,0.9515915119363395,0.9509283819628647,0.0006631299734748408,0.9425649095200629,0.9417322834645669,0.0008326260554959442,0.00015603531210217625,5.607598359347321e-05,0.0008333217817437788
Train,AGFV074,73,0.9990490054791915,0.9990490054791915,0.0,0.9972476023965062,0.9972476023965062,0.0,0.9971671388101983,0.9971671388101983,0.0,0.9966405375139977,0.9966405375139977,0.0,0.0001125877388403751,-1.3746989679930266e-06,1.125877388403751e-05
Validation,AGFV074,73,0.9247654018767849,0.9215830273357815,0.003182374541003452,0.850999592003264,0.850999592003264,0.0,0.8571428571428571,0.8571428571428571,0.0,0.8279569892473119,0.8279569892473119,0.0,0.0005558449192903936,-0.00037996325409039855,0.0032379590329324913
Test,AGFV074,73,0.8859514170040484,0.8814574898785426,0.004493927125505892,0.8283400809716599,0.8336032388663968,-0.0052631578947368585,0.8311111111111111,0.8355555555555556,-0.004444444444444473,0.8020833333333334,0.8082901554404145,-0.0062068221070811225,0.0005331697757355869,-0.00038758444134145975,-0.0007159137916574077
Heldout,AGFV074,73,0.9048465758992075,0.9006909164803901,0.004155659418817348,0.8396260922576713,0.8422576712050396,-0.002631578947368318,0.844097995545657,0.8463251670378619,-0.00222717149220486,0.8148148148148148,0.8179419525065963,-0.003127137691781523,0.0005444821435958147,-0.0003837823460344225,0.0015785286858086111
All,AGFV074,73,0.9774329597253476,0.9761103658184755,0.0013225939068720605,0.9502697478506722,0.9510559113726849,-0.0007861635220126617,0.9515915119363395,0.9522546419098143,-0.0006631299734748408,0.9425649095200629,0.9433962264150944,-0.0008313168950314642,0.00024118229339364916,-0.00011523479042807594,0.0005605486141987637
Train,AGFV075,74,0.9990490054791915,0.9990124287668527,3.6576712338809436e-05,0.9972476023965062,0.9972476023965062,0.0,0.9971671388101983,0.9971671388101983,0.0,0.9966405375139977,0.9966405375139977,0.0,0.00028000594465993345,-8.030868775676936e-05,6.457730680480278e-05
Validation,AGFV075,74,0.9247654018767849,0.927702978376173,-0.0029375764993880837,0.850999592003264,0.850999592003264,0.0,0.8571428571428571,0.8571428571428571,0.0,0.8279569892473119,0.8279569892473119,0.0,0.0013613257324323058,-0.0010854930151253939,-0.0028014439261448533
Test,AGFV075,74,0.8859514170040484,0.8918218623481781,-0.005870445344129616,0.8283400809716599,0.8336032388663968,-0.0052631578947368585,0.8311111111111111,0.8355555555555556,-0.004444444444444473,0.8020833333333334,0.8082901554404145,-0.0062068221070811225,0.0014690750977024436,-0.0011517535895109177,-0.010986695729096229
Heldout,AGFV075,74,0.9048465758992075,0.9091241617557407,-0.004277585856533261,0.8396260922576713,0.8422576712050396,-0.002631578947368318,0.844097995545657,0.8463251670378619,-0.00222717149220486,0.8148148148148148,0.8179419525065963,-0.003127137691781523,0.0014153205556795,-0.001118697109632194,-0.006767632748333629
All,AGFV075,74,0.9774329597253476,0.9788529225087993,-0.0014199627834516892,0.9502697478506722,0.9510559113726849,-0.0007861635220126617,0.9515915119363395,0.9522546419098143,-0.0006631299734748408,0.9425649095200629,0.9433962264150944,-0.0008313168950314642,0.0006180405616760254,-0.0003894840192515403,-0.0021443222492967483
Train,AGFV076,75,0.9990490054791915,0.9990234017805544,2.56036986371333e-05,0.9972476023965062,0.9972476023965062,0.0,0.9971671388101983,0.9971671388101983,0.0,0.9966405375139977,0.9966405375139977,0.0,0.00010020700574386865,-4.715715840575285e-05,3.562439921152016e-05
Validation,AGFV076,75,0.9247654018767849,0.9251733986128111,-0.000407996736026206,0.850999592003264,0.850999592003264,0.0,0.8571428571428571,0.8571428571428571,0.0,0.8279569892473119,0.8279569892473119,0.0,0.000703497207723558,-0.0005311521235853434,-0.0003376470152538502
Test,AGFV076,75,0.8859514170040484,0.8868016194331984,-0.0008502024291499044,0.8283400809716599,0.8336032388663968,-0.0052631578947368585,0.8311111111111111,0.8355555555555556,-0.004444444444444473,0.8020833333333334,0.8082901554404145,-0.0062068221070811225,0.000756915716920048,-0.0005792012671008706,-0.006037668752194758
Heldout,AGFV076,75,0.9048465758992075,0.905202194675879,-0.0003556187766715624,0.8396260922576713,0.8422576712050396,-0.002631578947368318,0.844097995545657,0.8463251670378619,-0.00222717149220486,0.8148148148148148,0.8179419525065963,-0.003127137691781523,0.0007302658632397652,-0.0005552301299758255,-0.002914171137715904
All,AGFV076,75,0.9774329597253476,0.9774681207085569,-3.5160983209325813e-05,0.9502697478506722,0.9510559113726849,-0.0007861635220126617,0.9515915119363395,0.9522546419098143,-0.0006631299734748408,0.9425649095200629,0.9433962264150944,-0.0008313168950314642,0.00028780411230400205,-0.00019843353948090225,-0.0007925440939915874
Train,AGFV077,76,0.9990490054791915,0.99903803246549,1.0973013701565115e-05,0.9972476023965062,0.9972476023965062,0.0,0.9971671388101983,0.9971671388101983,0.0,0.9966405375139977,0.9966405375139977,0.0,0.0001817808806663379,-7.856135198380798e-05,2.9151101768198905e-05
Validation,AGFV077,76,0.9247654018767849,0.9249286005711954,-0.0001631986944105046,0.850999592003264,0.850999592003264,0.0,0.8571428571428571,0.8571428571428571,0.0,0.8279569892473119,0.8279569892473119,0.0,0.0005422988906502724,-0.00021239016496110708,-0.00010896880534547738
Test,AGFV077,76,0.8859514170040484,0.885748987854251,0.00020242914979740068,0.8283400809716599,0.8283400809716599,0.0,0.8311111111111111,0.8311111111111111,0.0,0.8020833333333334,0.8020833333333334,0.0,0.00048465110012330115,-0.0003016890841536224,0.0002508942598097308
Heldout,AGFV077,76,0.9048465758992075,0.9047957732168257,5.080268238177865e-05,0.8396260922576713,0.8396260922576713,0.0,0.844097995545657,0.844097995545657,0.0,0.8148148148148148,0.8148148148148148,0.0,0.000513410777784884,-0.0002571390650700778,0.00010214376016026705
All,AGFV077,76,0.9774329597253476,0.9774645144538687,-3.155472852112151e-05,0.9502697478506722,0.9502697478506722,0.0,0.9515915119363395,0.9515915119363395,0.0,0.9425649095200629,0.9425649095200629,0.0,0.00028052215930074453,-0.00013173204206395894,-3.5025125910470565e-06
Train,AGFV078,77,0.9990490054791915,0.9985040124653435,0.0005449930138480275,0.9972476023965062,0.9972476023965062,0.0,0.9971671388101983,0.9971671388101983,0.0,0.9966405375139977,0.9966405375139977,0.0,0.0005895852227695286,-0.00042189675150439143,0.0006039515361249803
Validation,AGFV078,77,0.9247654018767849,0.9070583435332517,0.017707058343533255,0.850999592003264,0.850999592003264,0.0,0.8571428571428571,0.8571428571428571,0.0,0.8279569892473119,0.8279569892473119,0.0,0.0016074234154075384,-0.0012571436818689108,0.017867800685074008
Test,AGFV078,77,0.8859514170040484,0.8704453441295547,0.015506072874493793,0.8283400809716599,0.8336032388663968,-0.0052631578947368585,0.8311111111111111,0.8355555555555556,-0.004444444444444473,0.8020833333333334,0.8082901554404145,-0.0062068221070811225,0.0015839369734749198,-0.0006052273674868047,0.010401308677104426
Heldout,AGFV078,77,0.9048465758992075,0.887624466571835,0.017222109327372448,0.8396260922576713,0.8422576712050396,-0.002631578947368318,0.844097995545657,0.8463251670378619,-0.00222717149220486,0.8148148148148148,0.8179419525065963,-0.003127137691781523,0.001595654059201479,-0.0009304595878347754,0.014750095785924278
All,AGFV078,77,0.9774329597253476,0.9713167517742773,0.006116207951070263,0.9502697478506722,0.9510559113726849,-0.0007861635220126617,0.9515915119363395,0.9522546419098143,-0.0006631299734748408,0.9425649095200629,0.9433962264150944,-0.0008313168950314642,0.0008891375036910176,-0.0005733189755119383,0.005418958179426702
Train,AGFV079,78,0.9990490054791915,0.9990563208216592,-7.315342467673069e-06,0.9972476023965062,0.9972476023965062,0.0,0.9971671388101983,0.9971671388101983,0.0,0.9966405375139977,0.9966405375139977,0.0,0.00011746623204089701,-7.199352694442496e-06,4.4312807364166325e-06
Validation,AGFV079,78,0.9247654018767849,0.9256629946960424,-0.0008975928192574978,0.850999592003264,0.850999592003264,0.0,0.8571428571428571,0.8571428571428571,0.0,0.8279569892473119,0.8279569892473119,0.0,0.0006739259697496891,-0.000408501538913697,-0.0008302002222825289
Test,AGFV079,78,0.8859514170040484,0.8889878542510121,-0.0030364372469636747,0.8283400809716599,0.8336032388663968,-0.0052631578947368585,0.8311111111111111,0.8355555555555556,-0.004444444444444473,0.8020833333333334,0.8082901554404145,-0.0062068221070811225,0.0006798753747716546,-0.00027097263955511153,-0.008231607604223368
Heldout,AGFV079,78,0.9048465758992075,0.9070310912416175,-0.0021845153424100427,0.8396260922576713,0.8422576712050396,-0.002631578947368318,0.844097995545657,0.8463251670378619,-0.00222717149220486,0.8148148148148148,0.8179419525065963,-0.003127137691781523,0.000676907307934016,-0.0003395839303266257,-0.004748403558984959
All,AGFV079,78,0.9774329597253476,0.9780370073856096,-0.0006040476602620082,0.9502697478506722,0.9510559113726849,-0.0007861635220126617,0.9515915119363395,0.9522546419098143,-0.0006631299734748408,0.9425649095200629,0.9433962264150944,-0.0008313168950314642,0.000284037203527987,-0.00010616531653795391,-0.0013618074619218712
Train,AGFV080,79,0.9990490054791915,0.9991404472600385,-9.144178084696808e-05,0.9972476023965062,0.9972476023965062,0.0,0.9971671388101983,0.9971671388101983,0.0,0.9966405375139977,0.9966405375139977,0.0,0.0003136351879220456,-0.00025526827084831893,-6.007826205476352e-05
Validation,AGFV080,79,0.9247654018767849,0.9272949816401469,-0.0025295797633619888,0.850999592003264,0.850999592003264,0.0,0.8571428571428571,0.8571428571428571,0.0,0.8279569892473119,0.8279569892473119,0.0,0.0008341986685991287,-0.0005236296565271914,-0.002446159896502076
Test,AGFV080,79,0.8859514170040484,0.8919838056680162,-0.006032388663967714,0.8283400809716599,0.8283400809716599,0.0,0.8311111111111111,0.8311111111111111,0.0,0.8020833333333334,0.8020833333333334,0.0,0.0007448913529515266,-0.0005253144190646708,-0.0059578995286725615
Heldout,AGFV080,79,0.9048465758992075,0.9094899410688885,-0.004643365169681002,0.8396260922576713,0.8396260922576713,0.0,0.844097995545657,0.844097995545657,0.0,0.8148148148148148,0.8148148148148148,0.0,0.0007894455338828266,-0.0005244739004410803,-0.00456442061629272
All,AGFV080,79,0.9774329597253476,0.9793433731463852,-0.0019104134210375934,0.9502697478506722,0.9502697478506722,0.0,0.9515915119363395,0.9515915119363395,0.0,0.9425649095200629,0.9425649095200629,0.0,0.00045530550414696336,-0.0003354230138938874,-0.0018648828706228971
Train,AGFV081,80,0.9990490054791915,0.9990234017805544,2.56036986371333e-05,0.9972476023965062,0.9972476023965062,0.0,0.9971671388101983,0.9971671388101983,0.0,0.9966405375139977,0.9966405375139977,0.0,0.00010566036507952958,3.2729876693338156e-05,3.616973514508626e-05
Validation,AGFV081,80,0.9247654018767849,0.9245206038351694,0.00024479804161547936,0.850999592003264,0.8457364341085272,0.0052631578947368585,0.8571428571428571,0.8526785714285714,0.004464285714285698,0.8279569892473119,0.8216216216216217,0.0063353676256902025,0.0003139541659038514,-0.00012323122064117342,0.005539351352942723
Test,AGFV081,80,0.8859514170040484,0.8846963562753036,0.0012550607287448168,0.8283400809716599,0.8283400809716599,0.0,0.8311111111111111,0.8311111111111111,0.0,0.8020833333333334,0.8020833333333334,0.0,0.00034276669612154365,-0.00018175839795731008,0.001289337398356971
Heldout,AGFV081,80,0.9048465758992075,0.9039626092257672,0.0008839666734402618,0.8396260922576713,0.8369945133103027,0.0026315789473685403,0.844097995545657,0.8418708240534521,0.00222717149220486,0.8148148148148148,0.8116710875331565,0.0031437272816582373,0.00032839251798577607,-0.00015255999460350722,0.0035483848726073795
All,AGFV081,80,0.9774329597253476,0.9771318374588887,0.000301122266458953,0.9502697478506722,0.9494835843286596,0.0007861635220125507,0.9515915119363395,0.9509283819628647,0.0006631299734748408,0.9425649095200629,0.9417322834645669,0.0008326260554959442,0.00017197782290168107,-2.243932249257341e-05,0.0011044835707616717
Train,AGFV082,81,0.9990490054791915,0.9990819245202964,-3.291904110491739e-05,0.9972476023965062,0.9972476023965062,0.0,0.9971671388101983,0.9971671388101983,0.0,0.9966405375139977,0.9966405375139977,0.0,0.00018124061170965433,5.2684248657897115e-05,-1.4794979933951957e-05
Validation,AGFV082,81,0.9247654018767849,0.9241942064463485,0.0005711954304363775,0.850999592003264,0.850999592003264,0.0,0.8571428571428571,0.8571428571428571,0.0,0.8279569892473119,0.8279569892473119,0.0,0.0007697130786255002,-0.0004325608897488564,0.0006481667382989276
Test,AGFV082,81,0.8859514170040484,0.8852631578947369,0.0006882591093115842,0.8283400809716599,0.8283400809716599,0.0,0.8311111111111111,0.8311111111111111,0.0,0.8020833333333334,0.8020833333333334,0.0,0.0006026687915436924,-0.00021774203923996538,0.0007485259884659534
Heldout,AGFV082,81,0.9048465758992075,0.9040032513716723,0.0008433245275352164,0.8396260922576713,0.8396260922576713,0.0,0.844097995545657,0.844097995545657,0.0,0.8148148148148148,0.8148148148148148,0.0,0.0006860049325041473,-0.00032491228193975985,0.0009119250207856311
All,AGFV082,81,0.9774329597253476,0.9772571548093011,0.00017580491604651804,0.9502697478506722,0.9502697478506722,0.0,0.9515915119363395,0.9515915119363395,0.0,0.9425649095200629,0.9425649095200629,0.0,0.0003315318317618221,-5.9743368183262646e-05,0.00020895809922270026
Train,AGFV083,82,0.9990490054791915,0.9989319599997074,0.00011704547948410138,0.9972476023965062,0.9972476023965062,0.0,0.9971671388101983,0.9971671388101983,0.0,0.9966405375139977,0.9966405375139977,0.0,0.00026921657263301313,0.00026655427063815296,0.00014396713674740268
Validation,AGFV083,82,0.9247654018767849,0.9250917992656059,-0.0003263973888210092,0.850999592003264,0.850999592003264,0.0,0.8571428571428571,0.8571428571428571,0.0,0.8279569892473119,0.8279569892473119,0.0,0.00045219791354611516,0.00039287429535761476,-0.0002811775974663977
Test,AGFV083,82,0.8859514170040484,0.8860323886639675,-8.097165991904909e-05,0.8283400809716599,0.8283400809716599,0.0,0.8311111111111111,0.8311111111111111,0.0,0.8020833333333334,0.8020833333333334,0.0,0.0004927455447614193,0.00040666130371391773,-3.169710544290716e-05
Heldout,AGFV083,82,0.9048465758992075,0.9046636862426336,0.00018288965657387024,0.8396260922576713,0.8396260922576713,0.0,0.844097995545657,0.844097995545657,0.0,0.8148148148148148,0.8148148148148148,0.0,0.0004725168691948056,0.0003997831663582474,0.0002301413434933508
All,AGFV083,82,0.9774329597253476,0.9772526469909413,0.00018031273440632933,0.9502697478506722,0.9502697478506722,0.0,0.9515915119363395,0.9515915119363395,0.0,0.9425649095200629,0.9425649095200629,0.0,0.000329748319927603,0.0003062225296162069,0.00021328756639908962
Train,AGFV084,83,0.9990490054791915,0.9989868250682156,6.218041097594273e-05,0.9972476023965062,0.9972476023965062,0.0,0.9971671388101983,0.9971671388101983,0.0,0.9966405375139977,0.9966405375139977,0.0,0.00016396172577515244,4.939343125442974e-05,7.857658355345798e-05
Validation,AGFV084,83,0.9247654018767849,0.9241126070991431,0.0006527947776417964,0.850999592003264,0.850999592003264,0.0,0.8571428571428571,0.8571428571428571,0.0,0.8279569892473119,0.8279569892473119,0.0,0.0008618998108431697,-0.0004917982150800526,0.0007389847587261133
Test,AGFV084,83,0.8859514170040484,0.8854251012145749,0.000526315789473597,0.8283400809716599,0.8336032388663968,-0.0052631578947368585,0.8311111111111111,0.8355555555555556,-0.004444444444444473,0.8020833333333334,0.8082901554404145,-0.0062068221070811225,0.0010811914689838886,-0.0001032962099998258,-0.004628722958364873
Heldout,AGFV084,83,0.9048465758992075,0.9038406827880512,0.0010058931111562863,0.8396260922576713,0.8422576712050396,-0.002631578947368318,0.844097995545657,0.8463251670378619,-0.00222717149220486,0.8148148148148148,0.8179419525065963,-0.003127137691781523,0.0009717898792587221,-0.000297114544082433,-0.0015285068482861596
All,AGFV084,83,0.9774329597253476,0.9769857841440194,0.00044717558132822965,0.9502697478506722,0.9510559113726849,-0.0007861635220126617,0.9515915119363395,0.9522546419098143,-0.0006631299734748408,0.9425649095200629,0.9433962264150944,-0.0008313168950314642,0.0004044888191856444,-5.377772686188109e-05,-0.0002985390587658676
Train,AGFV085,84,0.9990490054791915,0.9990709515065948,-2.1946027403241253e-05,0.9972476023965062,0.9972476023965062,0.0,0.9971671388101983,0.9971671388101983,0.0,0.9966405375139977,0.9966405375139977,0.0,0.00018467748304829001,1.3128668797435239e-05,-3.4782790984122514e-06
Validation,AGFV085,84,0.9247654018767849,0.9257445940432475,-0.0009791921664625836,0.850999592003264,0.8457364341085272,0.0052631578947368585,0.8571428571428571,0.8526785714285714,0.004464285714285698,0.8279569892473119,0.8216216216216217,0.0063353676256902025,0.0005237768637016416,-6.507957732537761e-05,0.004336343414644439
Test,AGFV085,84,0.8859514170040484,0.888663967611336,-0.0027125506072875893,0.8283400809716599,0.8283400809716599,0.0,0.8311111111111111,0.8311111111111111,0.0,0.8020833333333334,0.8020833333333334,0.0,0.00048811911256052554,-3.0213243007892743e-05,-0.002663738696031537
Heldout,AGFV085,84,0.9048465758992075,0.9065637065637066,-0.001717130664499078,0.8396260922576713,0.8369945133103027,0.0026315789473685403,0.844097995545657,0.8418708240534521,0.00222717149220486,0.8148148148148148,0.8116710875331565,0.0031437272816582373,0.0005059082759544253,-4.760758383781649e-05,0.0009650391104649048
All,AGFV085,84,0.9774329597253476,0.9781226559344526,-0.000689696209104973,0.9502697478506722,0.9494835843286596,0.0007861635220125507,0.9515915119363395,0.9509283819628647,0.0006631299734748408,0.9425649095200629,0.9417322834645669,0.0008326260554959442,0.0002803224488161504,-4.955268650519429e-06,0.00012449955778919274
Train,AGFV086,85,0.9990490054791915,0.9990087710956189,4.023438357259046e-05,0.9972476023965062,0.9972476023965062,0.0,0.9971671388101983,0.9971671388101983,0.0,0.9966405375139977,0.9966405375139977,0.0,0.0002672054397407919,1.7135822417913005e-05,6.695492754666965e-05
Validation,AGFV086,85,0.9247654018767849,0.9252549979600163,-0.0004895960832314028,0.850999592003264,0.850999592003264,0.0,0.8571428571428571,0.8571428571428571,0.0,0.8279569892473119,0.8279569892473119,0.0,0.001553241745568812,-0.0011266886722296476,-0.0003342719086745216
Test,AGFV086,85,0.8859514170040484,0.8870445344129554,-0.0010931174089069406,0.8283400809716599,0.8336032388663968,-0.0052631578947368585,0.8311111111111111,0.8355555555555556,-0.004444444444444473,0.8020833333333334,0.8082901554404145,-0.0062068221070811225,0.0017811330035328865,-0.000944603409152478,-0.00617816200329051
Heldout,AGFV086,85,0.9048465758992075,0.9053444421865474,-0.0004978662873399431,0.8396260922576713,0.8422576712050396,-0.002631578947368318,0.844097995545657,0.8463251670378619,-0.00222717149220486,0.8148148148148148,0.8179419525065963,-0.003127137691781523,0.001667441101744771,-0.0010354432743042707,-0.002962701124533784
All,AGFV086,85,0.9774329597253476,0.9773950940511221,3.786567422547904e-05,0.9502697478506722,0.9510559113726849,-0.0007861635220126617,0.9515915119363395,0.9522546419098143,-0.0006631299734748408,0.9425649095200629,0.9433962264150944,-0.0008313168950314642,0.0006841191207058728,-0.0002962647413369268,-0.0006798859357165954
Train,AGFV087,86,0.9990490054791915,0.9990709515065948,-2.1946027403241253e-05,0.9972476023965062,0.9972476023965062,0.0,0.9971671388101983,0.9971671388101983,0.0,0.9966405375139977,0.9966405375139977,0.0,0.00018244671809952706,-0.00014923188427928835,-3.701355593288546e-06
Validation,AGFV087,86,0.9247654018767849,0.9267237862097103,-0.001958384332925389,0.850999592003264,0.850999592003264,0.0,0.8571428571428571,0.8571428571428571,0.0,0.8279569892473119,0.8279569892473119,0.0,0.0004748998035211116,6.638262129854411e-05,-0.001910894352573278
Test,AGFV087,86,0.8859514170040484,0.8932793522267207,-0.007327935222672277,0.8283400809716599,0.8283400809716599,0.0,0.8311111111111111,0.8311111111111111,0.0,0.8020833333333334,0.8020833333333334,0.0,0.0003358546819072217,-6.03951484663412e-05,-0.007294349754481555
Heldout,AGFV087,86,0.9048465758992075,0.9097744360902255,-0.004927860191017985,0.8396260922576713,0.8396260922576713,0.0,0.844097995545657,0.844097995545657,0.0,0.8148148148148148,0.8148148148148148,0.0,0.00040522238123230636,2.8525475954666035e-06,-0.004887337952894755
All,AGFV087,86,0.9774329597253476,0.9793767310022503,-0.001943771276902706,0.9502697478506722,0.9502697478506722,0.0,0.9515915119363395,0.9515915119363395,0.0,0.9425649095200629,0.9425649095200629,0.0,0.0002487771271262318,-0.00010394943092251197,-0.0019188935641900827
Train,AGFV088,87,0.9990490054791915,0.9989941404106835,5.486506850804762e-05,0.9972476023965062,0.9972476023965062,0.0,0.9971671388101983,0.9971671388101983,0.0,0.9966405375139977,0.9966405375139977,0.0,0.00018954600091092288,0.0001529589353594929,7.381966859913991e-05
Validation,AGFV088,87,0.9247654018767849,0.9252549979600163,-0.0004895960832314028,0.850999592003264,0.850999592003264,0.0,0.8571428571428571,0.8571428571428571,0.0,0.8279569892473119,0.8279569892473119,0.0,0.00047047450789250433,9.102833428187296e-05,-0.0004425486324421524
Test,AGFV088,87,0.8859514170040484,0.8876113360323886,-0.0016599190283401732,0.8283400809716599,0.8283400809716599,0.0,0.8311111111111111,0.8311111111111111,0.0,0.8020833333333334,0.8020833333333334,0.0,0.0005212599644437432,0.0001562952675158158,-0.0016077930318957989
Heldout,AGFV088,87,0.9048465758992075,0.9055679739890266,-0.0007213980898190808,0.8396260922576713,0.8396260922576713,0.0,0.844097995545657,0.844097995545657,0.0,0.8148148148148148,0.8148148148148148,0.0,0.0004959237994626164,0.00012373446952551603,-0.0006718057098728192
All,AGFV088,87,0.9774329597253476,0.9775745052218568,-0.0001415454965092433,0.9502697478506722,0.9502697478506722,0.0,0.9515915119363395,0.9515915119363395,0.0,0.9425649095200629,0.9425649095200629,0.0,0.00028076855232939124,0.00014425748668145388,-0.00011346864127630419
Train,AGFV089,88,0.9990490054791915,0.9990051134243849,4.389205480659353e-05,0.9972476023965062,0.9972476023965062,0.0,0.9971671388101983,0.9971671388101983,0.0,0.9966405375139977,0.9966405375139977,0.0,0.00024937879061326385,0.00016121470252983272,6.882993386791991e-05
Validation,AGFV089,88,0.9247654018767849,0.9264789881680947,-0.0017135862913097988,0.850999592003264,0.8457364341085272,0.0052631578947368585,0.8571428571428571,0.8526785714285714,0.004464285714285698,0.8279569892473119,0.8216216216216217,0.0063353676256902025,0.0015723860124126077,0.0010695091914385557,0.0037068102046683205
Test,AGFV089,88,0.8859514170040484,0.8914979757085021,-0.005546558704453641,0.8283400809716599,0.8283400809716599,0.0,0.8311111111111111,0.8311111111111111,0.0,0.8020833333333334,0.8020833333333334,0.0,0.0016989123541861773,0.0013322551967576146,-0.005376667469035023
Heldout,AGFV089,88,0.9048465758992075,0.9087787035155456,-0.003932127616338099,0.8396260922576713,0.8369945133103027,0.0026315789473685403,0.844097995545657,0.8418708240534521,0.00222717149220486,0.8148148148148148,0.8116710875331565,0.0031437272816582373,0.001635790104046464,0.0012011748040094972,-0.0011369696585649125
All,AGFV089,88,0.9774329597253476,0.9788691506548959,-0.0014361909295482755,0.9502697478506722,0.9494835843286596,0.0007861635220125507,0.9515915119363395,0.9509283819628647,0.0006631299734748408,0.9425649095200629,0.9417322834645669,0.0008326260554959442,0.0006621763459406793,0.0004708579508587718,-0.0005838097729416569
Train,AGFV090,89,0.9990490054791915,0.9989977980819171,5.120739727437762e-05,0.9972476023965062,0.9972476023965062,0.0,0.9971671388101983,0.9971671388101983,0.0,0.9966405375139977,0.9966405375139977,0.0,0.00014166714390739799,-6.875368853798136e-05,6.537411166511742e-05
Validation,AGFV090,89,0.9247654018767849,0.925499796001632,-0.0007343941248471042,0.850999592003264,0.8457364341085272,0.0052631578947368585,0.8571428571428571,0.8526785714285714,0.004464285714285698,0.8279569892473119,0.8216216216216217,0.0063353676256902025,0.000741754483897239,-0.0006406753091141582,0.004602939218279478
Test,AGFV090,89,0.8859514170040484,0.8869635627530363,-0.0010121457489878916,0.8283400809716599,0.8336032388663968,-0.0052631578947368585,0.8311111111111111,0.8355555555555556,-0.004444444444444473,0.8020833333333334,0.8082901554404145,-0.0062068221070811225,0.0008662699838168919,-0.0006747111910954118,-0.006188676645343061
Heldout,AGFV090,89,0.9048465758992075,0.9057305425726478,-0.0008839666734403728,0.8396260922576713,0.8396260922576713,0.0,0.844097995545657,0.844097995545657,0.0,0.8148148148148148,0.8148148148148148,0.0,0.0008041508845053613,-0.0006577311432920396,-0.0008035515849898367
All,AGFV090,89,0.9774329597253476,0.9776790866078127,-0.00024612688246505865,0.9502697478506722,0.9502697478506722,0.0,0.9515915119363395,0.9515915119363395,0.0,0.9425649095200629,0.9425649095200629,0.0,0.00033891861676238477,-0.00024411898630205542,-0.00021223502078882017
Train,AGFV091,90,0.9990490054791915,0.9990746091778286,-2.56036986371333e-05,0.9972476023965062,0.9972476023965062,0.0,0.9971671388101983,0.9971671388101983,0.0,0.9966405375139977,0.9966405375139977,0.0,0.0003692790342029184,-0.0002698462049011141,1.1324204783158545e-05
Validation,AGFV091,90,0.9247654018767849,0.9091799265605875,0.015585475316197361,0.850999592003264,0.8457364341085272,0.0052631578947368585,0.8571428571428571,0.8526785714285714,0.004464285714285698,0.8279569892473119,0.8216216216216217,0.0063353676256902025,0.0008416119962930679,0.00022840425663162023,0.020932794410563525
Test,AGFV091,90,0.8859514170040484,0.8733603238866396,0.012591093117408803,0.8283400809716599,0.8283400809716599,0.0,0.8311111111111111,0.8311111111111111,0.0,0.8020833333333334,0.8020833333333334,0.0,0.0006472725071944296,7.341974560404196e-05,0.012655820368128245
Heldout,AGFV091,90,0.9048465758992075,0.8906319853688275,0.014214590530379989,0.8396260922576713,0.8369945133103027,0.0026315789473685403,0.844097995545657,0.8418708240534521,0.00222717149220486,0.8148148148148148,0.8116710875331565,0.0031437272816582373,0.000744225864764303,0.00015073941904120147,0.01692059206422496
All,AGFV091,90,0.9774329597253476,0.9727853989960188,0.004647560729328815,0.9502697478506722,0.9494835843286596,0.0007861635220125507,0.9515915119363395,0.9509283819628647,0.0006631299734748408,0.9425649095200629,0.9417322834645669,0.0008326260554959442,0.00048091771895997226,-0.00014461878163274378,0.005481816023237362
Train,AGFV092,91,0.9990490054791915,0.9990782668490625,-2.9261369871025344e-05,0.9972476023965062,0.9972476023965062,0.0,0.9971671388101983,0.9971671388101983,0.0,0.9966405375139977,0.9966405375139977,0.0,0.00016505041276104748,-7.390261453110725e-05,-1.2756328594920596e-05
Validation,AGFV092,91,0.9247654018767849,0.9258261933904529,-0.0010607915136680024,0.850999592003264,0.8457364341085272,0.0052631578947368585,0.8571428571428571,0.8526785714285714,0.004464285714285698,0.8279569892473119,0.8216216216216217,0.0063353676256902025,0.0008543698349967599,0.0005930052720941603,0.004287803364568532
Test,AGFV092,91,0.8859514170040484,0.8891497975708501,-0.003198380566801662,0.8283400809716599,0.8283400809716599,0.0,0.8311111111111111,0.8311111111111111,0.0,0.8020833333333334,0.8020833333333334,0.0,0.000978367286734283,0.0006860711728222668,-0.0031005438381282334
Heldout,AGFV092,91,0.9048465758992075,0.9070717333875228,-0.0022251574883153102,0.8396260922576713,0.8369945133103027,0.0026315789473685403,0.844097995545657,0.8418708240534521,0.00222717149220486,0.8148148148148148,0.8116710875331565,0.0031437272816582373,0.0009165066294372082,0.0006396417738869786,0.0004980721219969509
All,AGFV092,91,0.9774329597253476,0.9783065749235473,-0.0008736151981997287,0.9502697478506722,0.9494835843286596,0.0007861635220125507,0.9515915119363395,0.9509283819628647,0.0006631299734748408,0.9425649095200629,0.9417322834645669,0.0008326260554959442,0.00038879303610883653,0.00013855192810297012,-4.8572372576294315e-05
Train,AGFV093,92,0.9990490054791915,0.9990160864380866,3.291904110491739e-05,0.9972476023965062,0.9972476023965062,0.0,0.9971671388101983,0.9971671388101983,0.0,0.9966405375139977,0.9966405375139977,0.0,0.00013438866881188005,8.21959474706091e-05,4.6357907986105394e-05
Validation,AGFV093,92,0.9247654018767849,0.9209302325581395,0.0038351693186453595,0.850999592003264,0.850999592003264,0.0,0.8571428571428571,0.8571428571428571,0.0,0.8279569892473119,0.8279569892473119,0.0,0.000304679706459865,-7.252737123053521e-05,0.003865637289291346
Test,AGFV093,92,0.8859514170040484,0.880242914979757,0.005708502024291406,0.8283400809716599,0.8283400809716599,0.0,0.8311111111111111,0.8311111111111111,0.0,0.8020833333333334,0.8020833333333334,0.0,0.00034177015186287463,-6.311816832749173e-05,0.005742679039477694
Heldout,AGFV093,92,0.9048465758992075,0.8998374314163788,0.005009144482828631,0.8396260922576713,0.8396260922576713,0.0,0.844097995545657,0.844097995545657,0.0,0.8148148148148148,0.8148148148148148,0.0,0.0003232662274967879,-6.781228876207024e-05,0.0050414711055783105
All,AGFV093,92,0.9774329597253476,0.9757849013328717,0.0016480583924759484,0.9502697478506722,0.9502697478506722,0.0,0.9515915119363395,0.9515915119363395,0.0,0.9425649095200629,0.9425649095200629,0.0,0.00019062607316300273,3.753168857656419e-05,0.0016671209997922488
Train,AGFV094,93,0.9990490054791915,0.9990197441093205,2.9261369871025344e-05,0.9972476023965062,0.9972476023965062,0.0,0.9971671388101983,0.9971671388101983,0.0,0.9966405375139977,0.9966405375139977,0.0,0.0003457674465607852,0.00017135422967839986,6.383811452710387e-05
Validation,AGFV094,93,0.9247654018767849,0.922235822113423,0.0025295797633618777,0.850999592003264,0.8457364341085272,0.0052631578947368585,0.8571428571428571,0.8526785714285714,0.004464285714285698,0.8279569892473119,0.8216216216216217,0.0063353676256902025,0.003638786729425192,0.0033649036195129156,0.008156616331041255
Test,AGFV094,93,0.8859514170040484,0.8855870445344131,0.00036437246963538783,0.8283400809716599,0.823076923076923,0.0052631578947368585,0.8311111111111111,0.8266666666666667,0.004444444444444473,0.8020833333333334,0.7958115183246073,0.006271815008726089,0.0036897568497806787,0.003056784626096487,0.005996506049350314
Heldout,AGFV094,93,0.9048465758992075,0.9029668766510871,0.00187969924812037,0.8396260922576713,0.8343629343629344,0.0052631578947368585,0.844097995545657,0.8396436525612472,0.0044543429844098315,0.8148148148148148,0.8085106382978723,0.0063041765169424835,0.003664328483864665,0.0032105010468512774,0.007509289991243695
All,AGFV094,93,0.9774329597253476,0.976754983843979,0.0006779758813686421,0.9502697478506722,0.948697420806647,0.0015723270440252124,0.9515915119363395,0.9502652519893899,0.0013262599469495706,0.9425649095200629,0.9408983451536643,0.0016665643663985596,0.0013338535791262984,0.0010762460296973586,0.0023836882833064843
Train,AGFV095,94,0.9990490054791915,0.9990709515065948,-2.1946027403241253e-05,0.9972476023965062,0.9972476023965062,0.0,0.9971671388101983,0.9971671388101983,0.0,0.9966405375139977,0.9966405375139977,0.0,0.00022941541101317853,-9.72970956354402e-05,9.955136980766027e-07
Validation,AGFV095,94,0.9247654018767849,0.9218278253773969,0.0029375764993879727,0.850999592003264,0.850999592003264,0.0,0.8571428571428571,0.8571428571428571,0.0,0.8279569892473119,0.8279569892473119,0.0,0.0007195827201940119,-9.616644092602655e-05,0.003009534771407374
Test,AGFV095,94,0.8859514170040484,0.8833603238866398,0.0025910931174086826,0.8283400809716599,0.8283400809716599,0.0,0.8311111111111111,0.8311111111111111,0.0,0.8020833333333334,0.8020833333333334,0.0,0.0006105864886194468,-0.000381335848942399,0.0026521517662706274
Heldout,AGFV095,94,0.9048465758992075,0.9020625889046942,0.002783986994513321,0.8396260922576713,0.8396260922576713,0.0,0.844097995545657,0.844097995545657,0.0,0.8148148148148148,0.8148148148148148,0.0,0.0006649632123298943,-0.00023906871501822025,0.0028504833157463106
All,AGFV095,94,0.9774329597253476,0.9765945055103571,0.0008384542149905139,0.9502697478506722,0.9502697478506722,0.0,0.9515915119363395,0.9515915119363395,0.0,0.9425649095200629,0.9425649095200629,0.0,0.0003590977576095611,-0.00013950893480796367,0.00087436399075147
Train,AGFV096,95,0.9990490054791915,0.9989575636983447,9.144178084685706e-05,0.9972476023965062,0.9972476023965062,0.0,0.9971671388101983,0.9971671388101983,0.0,0.9966405375139977,0.9966405375139977,0.0,0.0001428119430784136,8.453048940282315e-05,0.00010572297515469842
Validation,AGFV096,95,0.9247654018767849,0.9210118319053447,0.0037535699714401627,0.850999592003264,0.850999592003264,0.0,0.8571428571428571,0.8571428571428571,0.0,0.8279569892473119,0.8279569892473119,0.0,0.0005042357952333987,8.38904597912915e-05,0.0038039935509635026
Test,AGFV096,95,0.8859514170040484,0.880242914979757,0.005708502024291406,0.8283400809716599,0.8336032388663968,-0.0052631578947368585,0.8311111111111111,0.8355555555555556,-0.004444444444444473,0.8020833333333334,0.8082901554404145,-0.0062068221070811225,0.0006311810575425625,-0.0003485521883703768,0.0005084622353088042
Heldout,AGFV096,95,0.9048465758992075,0.8999898394635238,0.0048567364356836285,0.8396260922576713,0.8422576712050396,-0.002631578947368318,0.844097995545657,0.8463251670378619,-0.00222717149220486,0.8148148148148148,0.8179419525065963,-0.003127137691781523,0.0005678497836925089,-0.0001328124344581738,0.002281942466684561
All,AGFV096,95,0.9774329597253476,0.9758543217356183,0.0015786379897293479,0.9502697478506722,0.9510559113726849,-0.0007861635220126617,0.9515915119363395,0.9522546419098143,-0.0006631299734748408,0.9425649095200629,0.9433962264150944,-0.0008313168950314642,0.000269364973064512,1.9817642169073224e-05,0.0008194109650231374
Train,AGFV097,96,0.9990490054791915,0.9990124287668527,3.6576712338809436e-05,0.9972476023965062,0.9972476023965062,0.0,0.9971671388101983,0.9971671388101983,0.0,0.9966405375139977,0.9966405375139977,0.0,0.00022529893612954766,0.00016105359827633947,5.91066059517642e-05
Validation,AGFV097,96,0.9247654018767849,0.9252549979600163,-0.0004895960832314028,0.850999592003264,0.850999592003264,0.0,0.8571428571428571,0.8571428571428571,0.0,0.8279569892473119,0.8279569892473119,0.0,0.000597223814111203,4.40952462668065e-05,-0.0004298737018202825
Test,AGFV097,96,0.8859514170040484,0.8871255060728745,-0.0011740890688261008,0.8283400809716599,0.8283400809716599,0.0,0.8311111111111111,0.8311111111111111,0.0,0.8020833333333334,0.8020833333333334,0.0,0.00047106065903790295,-4.510232247412205e-05,-0.0011269830029223104
Heldout,AGFV097,96,0.9048465758992075,0.9054358870148345,-0.0005893111156269892,0.8396260922576713,0.8396260922576713,0.0,0.844097995545657,0.844097995545657,0.0,0.8148148148148148,0.8148148148148148,0.0,0.000534001796040684,-6.028623147358303e-07,-0.0005359109360229209
All,AGFV097,96,0.9774329597253476,0.9774131253245629,1.9834400784679573e-05,0.9502697478506722,0.9502697478506722,0.0,0.9515915119363395,0.9515915119363395,0.0,0.9425649095200629,0.9425649095200629,0.0,0.00031721379491500556,0.0001129211304942146,5.155578027618013e-05
Train,AGFV098,97,0.9990490054791915,0.9990526631504254,-3.657671233892046e-06,0.9972476023965062,0.9972476023965062,0.0,0.9971671388101983,0.9971671388101983,0.0,0.9966405375139977,0.9966405375139977,0.0,0.00012420941493473947,-0.0001090317964553833,8.763270259581903e-06
Validation,AGFV098,97,0.9247654018767849,0.9255813953488372,-0.000815993472052301,0.850999592003264,0.850999592003264,0.0,0.8571428571428571,0.8571428571428571,0.0,0.8279569892473119,0.8279569892473119,0.0,0.0005853465409018099,-0.0005748946568928659,-0.00075745881796212
Test,AGFV098,97,0.8859514170040484,0.8879352226720647,-0.0019838056680162586,0.8283400809716599,0.8283400809716599,0.0,0.8311111111111111,0.8311111111111111,0.0,0.8020833333333334,0.8020833333333334,0.0,0.0009199309279210865,-0.000900610291864723,-0.0018918125752241499
Heldout,AGFV098,97,0.9048465758992075,0.9059540743751271,-0.0011074984759196216,0.8396260922576713,0.8396260922576713,0.0,0.844097995545657,0.844097995545657,0.0,0.8148148148148148,0.8148148148148148,0.0,0.0007530112052336335,-0.0007381151663139462,-0.0010321973553962583
All,AGFV098,97,0.9774329597253476,0.9777052319543016,-0.00027227222895398473,0.9502697478506722,0.9502697478506722,0.0,0.9515915119363395,0.9515915119363395,0.0,0.9425649095200629,0.9425649095200629,0.0,0.00031143223168328404,-0.0002963384613394737,-0.00024112900578565633
Train,AGFV099,98,0.9990490054791915,0.9990124287668527,3.6576712338809436e-05,0.9972476023965062,0.9972476023965062,0.0,0.9971671388101983,0.9971671388101983,0.0,0.9966405375139977,0.9966405375139977,0.0,0.00045155183761380613,0.0004477165057323873,8.173189610019004e-05
Validation,AGFV099,98,0.9247654018767849,0.923296613627091,0.0014687882496938753,0.850999592003264,0.850999592003264,0.0,0.8571428571428571,0.8571428571428571,0.0,0.8279569892473119,0.8279569892473119,0.0,0.0007695886888541281,0.00030019102268852293,0.0015457471185792882
Test,AGFV099,98,0.8859514170040484,0.8855870445344127,0.0003643724696357209,0.8283400809716599,0.8283400809716599,0.0,0.8311111111111111,0.8311111111111111,0.0,0.8020833333333334,0.8020833333333334,0.0,0.0007119209039956331,0.0005790685536339879,0.0004355645600352842
Heldout,AGFV099,98,0.9048465758992075,0.9037593984962407,0.0010871774029668213,0.8396260922576713,0.8396260922576713,0.0,0.844097995545657,0.844097995545657,0.0,0.8148148148148148,0.8148148148148148,0.0,0.0007406905642710626,0.00043994031148031354,0.0011612464593939275
All,AGFV099,98,0.9774329597253476,0.9768857105764239,0.0005472491489236786,0.9502697478506722,0.9502697478506722,0.0,0.9515915119363395,0.9515915119363395,0.0,0.9425649095200629,0.9425649095200629,0.0,0.0005376415210776031,0.00044540115050040185,0.0006010133010314389
Train,AGFV100,99,0.9990490054791915,0.9991038705476996,-5.486506850804762e-05,0.9972476023965062,0.9972476023965062,0.0,0.9971671388101983,0.9971671388101983,0.0,0.9966405375139977,0.9966405375139977,0.0,0.0001611180487088859,-0.00010862605267902836,-3.875326363715903e-05
Validation,AGFV100,99,0.9247654018767849,0.9252549979600163,-0.0004895960832314028,0.850999592003264,0.8457364341085272,0.0052631578947368585,0.8571428571428571,0.8526785714285714,0.004464285714285698,0.8279569892473119,0.8216216216216217,0.0063353676256902025,0.0005294636939652264,0.00023831853468436748,0.0048265081809019785
Test,AGFV100,99,0.8859514170040484,0.8894736842105264,-0.003522267206477969,0.8283400809716599,0.8283400809716599,0.0,0.8311111111111111,0.8311111111111111,0.0,0.8020833333333334,0.8020833333333334,0.0,0.00042602946632541716,0.00012384590809233487,-0.0034796642598454277
Heldout,AGFV100,99,0.9048465758992075,0.9070514123145702,-0.002204836415362732,0.8396260922576713,0.8369945133103027,0.0026315789473685403,0.844097995545657,0.8418708240534521,0.00222717149220486,0.8148148148148148,0.8116710875331565,0.0031437272816582373,0.00047763140173628926,0.0001809547538869083,0.0004745056721794372
All,AGFV100,99,0.9774329597253476,0.9784481204200566,-0.001015160694708972,0.9502697478506722,0.9494835843286596,0.0007861635220125507,0.9515915119363395,0.9509283819628647,0.0006631299734748408,0.9425649095200629,0.9417322834645669,0.0008326260554959442,0.0002553584345150739,-2.2404714400181547e-05,-0.00020346132924491388
Train,AGFV101,100,0.9990490054791915,0.99897219438328,7.681109591151092e-05,0.9972476023965062,0.9972476023965062,0.0,0.9971671388101983,0.9971671388101983,0.0,0.9966405375139977,0.9966405375139977,0.0,0.00015491549856960773,0.00011038369848392904,9.23026457684717e-05
Validation,AGFV101,100,0.9247654018767849,0.9187270501835985,0.00603835169318645,0.850999592003264,0.8457364341085272,0.0052631578947368585,0.8571428571428571,0.8526785714285714,0.004464285714285698,0.8279569892473119,0.8216216216216217,0.0063353676256902025,0.0010355106787756085,0.0009844301966950297,0.01140506065580087
Test,AGFV101,100,0.8859514170040484,0.8810526315789473,0.004898785425101138,0.8283400809716599,0.8283400809716599,0.0,0.8311111111111111,0.8311111111111111,0.0,0.8020833333333334,0.8020833333333334,0.0,0.001060410519130528,0.0009856960969045758,0.005004826477014191
Heldout,AGFV101,100,0.9048465758992075,0.8991465149359886,0.005700060963218845,0.8396260922576713,0.8369945133103027,0.0026315789473685403,0.844097995545657,0.8418708240534521,0.00222717149220486,0.8148148148148148,0.8116710875331565,0.0031437272816582373,0.0010479881893843412,0.0009850644273683429,0.00843643872952582
All,AGFV101,100,0.9774329597253476,0.9755513963418151,0.001881563383532514,0.9502697478506722,0.9494835843286596,0.0007861635220125507,0.9515915119363395,0.9509283819628647,0.0006631299734748408,0.9425649095200629,0.9417322834645669,0.0008326260554959442,0.00042082378058694303,0.0003708158328663558,0.002709809283603759
Train,AGFV102,101,0.9990490054791915,0.9989904827394495,5.852273974205069e-05,0.9972476023965062,0.9972476023965062,0.0,0.9971671388101983,0.9971671388101983,0.0,0.9966405375139977,0.9966405375139977,0.0,0.00020962863345630467,0.00019642358529381454,7.948560308768116e-05
Validation,AGFV102,101,0.9247654018767849,0.9210934312525499,0.003671970624234966,0.850999592003264,0.8457364341085272,0.0052631578947368585,0.8571428571428571,0.8526785714285714,0.004464285714285698,0.8279569892473119,0.8216216216216217,0.0063353676256902025,0.0008796454640105367,0.0007714956300333142,0.009023093065372878
Test,AGFV102,101,0.8859514170040484,0.8836437246963563,0.002307692307692122,0.8283400809716599,0.8283400809716599,0.0,0.8311111111111111,0.8311111111111111,0.0,0.8020833333333334,0.8020833333333334,0.0,0.0009032136877067387,0.0008597000269219279,0.0023980136764627956
Heldout,AGFV102,101,0.9048465758992075,0.9016460069091647,0.003200568990042729,0.8396260922576713,0.8369945133103027,0.0026315789473685403,0.844097995545657,0.8418708240534521,0.00222717149220486,0.8148148148148148,0.8116710875331565,0.0031437272816582373,0.0008914558566175401,0.0008156961412169039,0.0059212935230730235
All,AGFV102,101,0.9774329597253476,0.9763501817552362,0.0010827779701113593,0.9502697478506722,0.9494835843286596,0.0007861635220125507,0.9515915119363395,0.9509283819628647,0.0006631299734748408,0.9425649095200629,0.9417322834645669,0.0008326260554959442,0.0004126394633203745,0.0003808090987149626,0.0019102054384559474
Train,AGFV103,102,0.9990490054791915,0.9990234017805544,2.56036986371333e-05,0.9972476023965062,0.9972476023965062,0.0,0.9971671388101983,0.9971671388101983,0.0,0.9966405375139977,0.9966405375139977,0.0,0.00011489962344057858,7.112570165190846e-05,3.709366098119116e-05
Validation,AGFV103,102,0.9247654018767849,0.9239494084047328,0.000815993472052079,0.850999592003264,0.8457364341085272,0.0052631578947368585,0.8571428571428571,0.8526785714285714,0.004464285714285698,0.8279569892473119,0.8216216216216217,0.0063353676256902025,0.0002786874829325825,0.0001380166650051251,0.006107020115082196
Test,AGFV103,102,0.8859514170040484,0.8848987854251011,0.001052631578947305,0.8283400809716599,0.8283400809716599,0.0,0.8311111111111111,0.8311111111111111,0.0,0.8020833333333334,0.8020833333333334,0.0,0.00025905726943165064,0.00016843255434650928,0.0010785373058904701
Heldout,AGFV103,102,0.9048465758992075,0.9034241007925218,0.0014224751066856944,0.8396260922576713,0.8369945133103027,0.0026315789473685403,0.844097995545657,0.8418708240534521,0.00222717149220486,0.8148148148148148,0.8116710875331565,0.0031437272816582373,0.0002688505337573588,0.0001532584719825536,0.004080939107429971
All,AGFV103,102,0.9774329597253476,0.9768694824303271,0.0005634772950204869,0.9502697478506722,0.9494835843286596,0.0007861635220125507,0.9515915119363395,0.9509283819628647,0.0006631299734748408,0.9425649095200629,0.9417322834645669,0.0008326260554959442,0.00016073779261205345,9.558035526424646e-05,0.001365714596294243
Train,AGFV104,103,0.9990490054791915,0.9990782668490625,-2.9261369871025344e-05,0.9972476023965062,0.9972476023965062,0.0,0.9971671388101983,0.9971671388101983,0.0,0.9966405375139977,0.9966405375139977,0.0,0.0003262589452788234,-0.0003069056838285178,3.3645246568569917e-06
Validation,AGFV104,103,0.9247654018767849,0.9219910240718076,0.002774377804977357,0.850999592003264,0.850999592003264,0.0,0.8571428571428571,0.8571428571428571,0.0,0.8279569892473119,0.8279569892473119,0.0,0.0012740911915898323,-0.0010668395552784204,0.0029017869241363403
Test,AGFV104,103,0.8859514170040484,0.8841295546558705,0.0018218623481779384,0.8283400809716599,0.8336032388663968,-0.0052631578947368585,0.8311111111111111,0.8355555555555556,-0.004444444444444473,0.8020833333333334,0.8082901554404145,-0.0062068221070811225,0.0014008466387167573,-0.0011619414435699582,-0.003301210882687244
Heldout,AGFV104,103,0.9048465758992075,0.9023166023166024,0.002529973582605094,0.8396260922576713,0.8422576712050396,-0.002631578947368318,0.844097995545657,0.8463251670378619,-0.00222717149220486,0.8148148148148148,0.8179419525065963,-0.003127137691781523,0.0013376099523156881,-0.001114496379159391,3.215563046834457e-05
All,AGFV104,103,0.9774329597253476,0.9767252322428019,0.0007077274825456614,0.9502697478506722,0.9510559113726849,-0.0007861635220126617,0.9515915119363395,0.9522546419098143,-0.0006631299734748408,0.9425649095200629,0.9433962264150944,-0.0008313168950314642,0.0006273839971981943,-0.0005473620840348303,-1.5697639747180858e-05
Train,AGFV105,104,0.9990490054791915,0.9990380324654898,1.0973013701676138e-05,0.9972476023965062,0.9972476023965062,0.0,0.9971671388101983,0.9971671388101983,0.0,0.9966405375139977,0.9966405375139977,0.0,0.0003238134959246963,0.000284711888525635,4.335436329414577e-05
Validation,AGFV105,104,0.9247654018767849,0.9215830273357813,0.003182374541003563,0.850999592003264,0.850999592003264,0.0,0.8571428571428571,0.8571428571428571,0.0,0.8279569892473119,0.8279569892473119,0.0,0.0005556938704103231,9.343768761027604e-05,0.0032379439280445952
Test,AGFV105,104,0.8859514170040484,0.883846153846154,0.002105263157894499,0.8283400809716599,0.8283400809716599,0.0,0.8311111111111111,0.8311111111111111,0.0,0.8020833333333334,0.8020833333333334,0.0,0.00044489631545729935,0.000267339579295367,0.002149752789440229
Heldout,AGFV105,104,0.9048465758992075,0.9019203413940257,0.002926234505181813,0.8396260922576713,0.8396260922576713,0.0,0.844097995545657,0.844097995545657,0.0,0.8148148148148148,0.8148148148148148,0.0,0.0005001717363484204,0.00018058229761663824,0.002976251678816655
All,AGFV105,104,0.9774329597253476,0.9763330520454677,0.0010999076798798857,0.9502697478506722,0.9502697478506722,0.0,0.9515915119363395,0.9515915119363395,0.0,0.9425649095200629,0.9425649095200629,0.0,0.00037632332532666624,0.0002537077816668898,0.0011375400124125524
Train,AGFV106,105,0.9990490054791915,0.99903803246549,1.0973013701565115e-05,0.9972476023965062,0.9972476023965062,0.0,0.9971671388101983,0.9971671388101983,0.0,0.9966405375139977,0.9966405375139977,0.0,0.00019115369650535285,-0.00014010407903697342,3.0088383352100403e-05
Validation,AGFV106,105,0.9247654018767849,0.9227254181966544,0.002039983680130475,0.850999592003264,0.850999592003264,0.0,0.8571428571428571,0.8571428571428571,0.0,0.8279569892473119,0.8279569892473119,0.0,0.0006427314365282655,0.00016695543308742344,0.0021042568237833017
Test,AGFV106,105,0.8859514170040484,0.8852631578947369,0.0006882591093115842,0.8283400809716599,0.8283400809716599,0.0,0.8311111111111111,0.8311111111111111,0.0,0.8020833333333334,0.8020833333333334,0.0,0.0008891856414265931,0.0002425885177217424,0.0007771776734542435
Heldout,AGFV106,105,0.9048465758992075,0.903271692745377,0.0015748831538304753,0.8396260922576713,0.8396260922576713,0.0,0.844097995545657,0.844097995545657,0.0,0.8148148148148148,0.8148148148148148,0.0,0.0007662330172024667,0.00020485623099375516,0.001651506455550722
All,AGFV106,105,0.9774329597253476,0.9768983324678322,0.0005346272575154076,0.9502697478506722,0.9502697478506722,0.0,0.9515915119363395,0.9515915119363395,0.0,0.9425649095200629,0.9425649095200629,0.0,0.0003623809025157243,-3.7393747334135696e-05,0.0005708653477669801
Train,AGFV107,106,0.9990490054791915,0.9989648790408123,8.412643837918399e-05,0.9972476023965062,0.9972476023965062,0.0,0.9971671388101983,0.9971671388101983,0.0,0.9966405375139977,0.9966405375139977,0.0,0.00014384965470526367,0.00012245395919308066,9.851140384971035e-05
Validation,AGFV107,106,0.9247654018767849,0.9228886168910649,0.0018767849857199703,0.850999592003264,0.850999592003264,0.0,0.8571428571428571,0.8571428571428571,0.0,0.8279569892473119,0.8279569892473119,0.0,0.0002643355983309448,0.00013405716163106263,0.0019032185455530649
Test,AGFV107,106,0.8859514170040484,0.8847773279352227,0.0011740890688257677,0.8283400809716599,0.8283400809716599,0.0,0.8311111111111111,0.8311111111111111,0.0,0.8020833333333334,0.8020833333333334,0.0,0.0002902049454860389,0.00012244755635038018,0.0012031095633743716
Heldout,AGFV107,106,0.9048465758992075,0.9030075187969924,0.0018390571022151025,0.8396260922576713,0.8396260922576713,0.0,0.844097995545657,0.844097995545657,0.0,0.8148148148148148,0.8148148148148148,0.0,0.00027729905559681356,0.00012823943688999861,0.0018667870077747838
All,AGFV107,106,0.9774329597253476,0.9766891696959206,0.0007437900294270383,0.9502697478506722,0.9502697478506722,0.0,0.9515915119363395,0.9515915119363395,0.0,0.9425649095200629,0.9425649095200629,0.0,0.00018358358647674322,0.00012417655671015382,0.0007621483880747126
Train,AGFV108,107,0.9990490054791915,0.9990599784928931,-1.0973013701565115e-05,0.9972476023965062,0.9972476023965062,0.0,0.9971671388101983,0.9971671388101983,0.0,0.9966405375139977,0.9966405375139977,0.0,0.0001676008541835472,-9.057831630343571e-05,5.787071716789605e-06
Validation,AGFV108,107,0.9247654018767849,0.9256629946960425,-0.0008975928192576088,0.850999592003264,0.850999592003264,0.0,0.8571428571428571,0.8571428571428571,0.0,0.8279569892473119,0.8279569892473119,0.0,0.0004830065299756825,-0.00022388780780602247,-0.0008492921662600405
Test,AGFV108,107,0.8859514170040484,0.888663967611336,-0.0027125506072875893,0.8283400809716599,0.8283400809716599,0.0,0.8311111111111111,0.8311111111111111,0.0,0.8020833333333334,0.8020833333333334,0.0,0.00037624468677677214,-0.000195631553651765,-0.002674926138609912
Heldout,AGFV108,107,0.9048465758992075,0.9066449908555171,-0.001798414956309613,0.8396260922576713,0.8396260922576713,0.0,0.844097995545657,0.844097995545657,0.0,0.8148148148148148,0.8148148148148148,0.0,0.0004295067337807268,-0.00020972819766029716,-0.0017554642829315404
All,AGFV108,107,0.9774329597253476,0.9780162714211528,-0.0005833116958051665,0.9502697478506722,0.9502697478506722,0.0,0.9515915119363395,0.9515915119363395,0.0,0.9425649095200629,0.9425649095200629,0.0,0.000245582137722522,-0.00012605462688952684,-0.0005587534820329143
Train,AGFV109,108,0.9990490054791915,0.99897219438328,7.681109591151092e-05,0.9972476023965062,0.9972476023965062,0.0,0.9971671388101983,0.9971671388101983,0.0,0.9966405375139977,0.9966405375139977,0.0,0.00018724065739661455,0.00011742685455828905,9.553516165117237e-05
Validation,AGFV109,108,0.9247654018767849,0.9263973888208895,-0.001631986944104602,0.850999592003264,0.850999592003264,0.0,0.8571428571428571,0.8571428571428571,0.0,0.8279569892473119,0.8279569892473119,0.0,0.0007873474387452006,0.0003986752999480814,-0.0015532522002300818
Test,AGFV109,108,0.8859514170040484,0.8877732793522267,-0.0018218623481782714,0.8283400809716599,0.8283400809716599,0.0,0.8311111111111111,0.8311111111111111,0.0,0.8020833333333334,0.8020833333333334,0.0,0.000997156254015863,0.0007067816331982613,-0.0017221467227766852
Heldout,AGFV109,108,0.9048465758992075,0.9060353586669376,-0.0011887827677301566,0.8396260922576713,0.8396260922576713,0.0,0.844097995545657,0.844097995545657,0.0,0.8148148148148148,0.8148148148148148,0.0,0.0008924854919314384,0.0005530714406631887,-0.0010995342185370128
All,AGFV109,108,0.9774329597253476,0.9777376882464949,-0.00030472852114726834,0.9502697478506722,0.9502697478506722,0.0,0.9515915119363395,0.9515915119363395,0.0,0.9425649095200629,0.9425649095200629,0.0,0.0003972240083385259,0.000247138028498739,-0.00026500612031341573
Train,AGFV110,109,0.9990490054791915,0.9990343747942559,1.4630684935568183e-05,0.9972476023965062,0.9972476023965062,0.0,0.9971671388101983,0.9971671388101983,0.0,0.9966405375139977,0.9966405375139977,0.0,0.00016114264144562185,-0.0001415753795299679,3.0744949080130365e-05
Validation,AGFV110,109,0.9247654018767849,0.9219910240718074,0.002774377804977468,0.850999592003264,0.850999592003264,0.0,0.8571428571428571,0.8571428571428571,0.0,0.8279569892473119,0.8279569892473119,0.0,0.0005823964602313936,-0.0004520272486843169,0.0028326174510006075
Test,AGFV110,109,0.8859514170040484,0.8828340080971661,0.0031174089068823907,0.8283400809716599,0.8336032388663968,-0.0052631578947368585,0.8311111111111111,0.8355555555555556,-0.004444444444444473,0.8020833333333334,0.8082901554404145,-0.0062068221070811225,0.000563674489967525,-0.0004685538006015122,-0.0020893815388577154
Heldout,AGFV110,109,0.9048465758992075,0.9019305019305018,0.0029160739687056347,0.8396260922576713,0.8422576712050396,-0.002631578947368318,0.844097995545657,0.8463251670378619,-0.00222717149220486,0.8148148148148148,0.8179419525065963,-0.003127137691781523,0.0005730146076530218,-0.0004603089182637632,0.0003417964821026187
All,AGFV110,109,0.9774329597253476,0.9765322976169869,0.0009006621083607058,0.9502697478506722,0.9510559113726849,-0.0007861635220126617,0.9515915119363395,0.9522546419098143,-0.0006631299734748408,0.9425649095200629,0.9433962264150944,-0.0008313168950314642,0.0002837756182998419,-0.00023647682974115014,0.00014287614817802828
Train,AGFV111,110,0.9990490054791915,0.9990160864380866,3.291904110491739e-05,0.9972476023965062,0.9972476023965062,0.0,0.9971671388101983,0.9971671388101983,0.0,0.9966405375139977,0.9966405375139977,0.0,0.00017831962031777948,-0.00013313638919498771,5.075100313669534e-05
Validation,AGFV111,110,0.9247654018767849,0.9262341901264789,-0.0014687882496939864,0.850999592003264,0.850999592003264,0.0,0.8571428571428571,0.8571428571428571,0.0,0.8279569892473119,0.8279569892473119,0.0,0.0008059688261710107,-0.0006576045416295528,-0.0013881913670768854
Test,AGFV111,110,0.8859514170040484,0.8900404858299594,-0.00408906882591098,0.8283400809716599,0.8336032388663968,-0.0052631578947368585,0.8311111111111111,0.8355555555555556,-0.004444444444444473,0.8020833333333334,0.8082901554404145,-0.0062068221070811225,0.0007108039571903646,-0.0005143971648067236,-0.009281146324928801
Heldout,AGFV111,110,0.9048465758992075,0.9074984759195285,-0.0026519000203210075,0.8396260922576713,0.8422576712050396,-0.002631578947368318,0.844097995545657,0.8463251670378619,-0.00222717149220486,0.8148148148148148,0.8179419525065963,-0.003127137691781523,0.0007582804537378252,-0.0005858414224348962,-0.005207650922315543
All,AGFV111,110,0.9774329597253476,0.9783336218337083,-0.0009006621083607058,0.9502697478506722,0.9510559113726849,-0.0007861635220126617,0.9515915119363395,0.9522546419098143,-0.0006631299734748408,0.9425649095200629,0.9433962264150944,-0.0008313168950314642,0.000351000257069245,-0.0002679272147361189,-0.001651725604666443
Train,AGFV112,111,0.9990490054791915,0.9989795097257478,6.949575344372683e-05,0.9972476023965062,0.9972476023965062,0.0,0.9971671388101983,0.9971671388101983,0.0,0.9966405375139977,0.9966405375139977,0.0,0.0003289474407210946,0.0002457622904330492,0.00010239049751583628
Validation,AGFV112,111,0.9247654018767849,0.9252549979600163,-0.0004895960832314028,0.850999592003264,0.850999592003264,0.0,0.8571428571428571,0.8571428571428571,0.0,0.8279569892473119,0.8279569892473119,0.0,0.0009875858668237925,-0.000255459250183776,-0.0003908374965490236
Test,AGFV112,111,0.8859514170040484,0.8877732793522266,-0.0018218623481781604,0.8283400809716599,0.8336032388663968,-0.0052631578947368585,0.8311111111111111,0.8355555555555556,-0.004444444444444473,0.8020833333333334,0.8082901554404145,-0.0062068221070811225,0.0009424301097169518,-0.00019541021902114153,-0.006990777231943324
Heldout,AGFV112,111,0.9048465758992075,0.9058931111562691,-0.0010465352570616648,0.8396260922576713,0.8422576712050396,-0.002631578947368318,0.844097995545657,0.8463251670378619,-0.00222717149220486,0.8148148148148148,0.8179419525065963,-0.003127137691781523,0.0009649577550590038,-0.00022536786855198443,-0.003581618428924083
All,AGFV112,111,0.9774329597253476,0.9775889302406092,-0.00015597051526161643,0.9502697478506722,0.9510559113726849,-0.0007861635220126617,0.9515915119363395,0.9522546419098143,-0.0006631299734748408,0.9425649095200629,0.9433962264150944,-0.0008313168950314642,0.0005183165776543319,0.00010548548743827268,-0.000890302379508845
Train,AGFV113,112,0.9990490054791915,0.9990599784928931,-1.0973013701565115e-05,0.9972476023965062,0.9972476023965062,0.0,0.9971671388101983,0.9971671388101983,0.0,0.9966405375139977,0.9966405375139977,0.0,0.0002573072852101177,-0.00021033718076068908,1.4757714819446657e-05
Validation,AGFV113,112,0.9247654018767849,0.9211750305997553,0.003590371277029658,0.850999592003264,0.850999592003264,0.0,0.8571428571428571,0.8571428571428571,0.0,0.8279569892473119,0.8279569892473119,0.0,0.0008810666622593999,-0.0008432214381173253,0.003678477943255598
Test,AGFV113,112,0.8859514170040484,0.8819433198380566,0.00400809716599182,0.8283400809716599,0.8336032388663968,-0.0052631578947368585,0.8311111111111111,0.8355555555555556,-0.004444444444444473,0.8020833333333334,0.8082901554404145,-0.0062068221070811225,0.0008833961910568178,-0.0008108951151371002,-0.001166721109639357
Heldout,AGFV113,112,0.9048465758992075,0.9007315586262955,0.004115017272911969,0.8396260922576713,0.8422576712050396,-0.002631578947368318,0.844097995545657,0.8463251670378619,-0.00222717149220486,0.8148148148148148,0.8179419525065963,-0.003127137691781523,0.0008822340751066804,-0.0008270223042927682,0.0015716617330543193
All,AGFV113,112,0.9774329597253476,0.9762852691708499,0.0011476905544977045,0.9502697478506722,0.9510559113726849,-0.0007861635220126617,0.9515915119363395,0.9522546419098143,-0.0006631299734748408,0.9425649095200629,0.9433962264150944,-0.0008313168950314642,0.000443376338807866,-0.00039395230123773217,0.0004058646663658294
Train,AGFV114,113,0.9990490054791915,0.999034374794256,1.4630684935457161e-05,0.9972476023965062,0.9972476023965062,0.0,0.9971671388101983,0.9971671388101983,0.0,0.9966405375139977,0.9966405375139977,0.0,0.00039010285399854183,-0.00039010285399854183,5.364097033531135e-05
Validation,AGFV114,113,0.9247654018767849,0.9270501835985313,-0.0022847817217463984,0.850999592003264,0.850999592003264,0.0,0.8571428571428571,0.8571428571428571,0.0,0.8279569892473119,0.8279569892473119,0.0,0.0008958698017522693,-0.0008062695851549506,-0.0021951947415711714
Test,AGFV114,113,0.8859514170040484,0.891174089068826,-0.005222672064777556,0.8283400809716599,0.8336032388663968,-0.0052631578947368585,0.8311111111111111,0.8355555555555556,-0.004444444444444473,0.8020833333333334,0.8082901554404145,-0.0062068221070811225,0.0011304968502372503,-0.0011111566564068198,-0.010372780274490689
Heldout,AGFV114,113,0.9048465758992075,0.9080471448892502,-0.003200568990042729,0.8396260922576713,0.8422576712050396,-0.002631578947368318,0.844097995545657,0.8463251670378619,-0.00222717149220486,0.8148148148148148,0.8179419525065963,-0.003127137691781523,0.0010134446201846004,-0.0009590526460669935,-0.005730803475392588
All,AGFV114,113,0.9774329597253476,0.9785806502798454,-0.0011476905544978155,0.9502697478506722,0.9510559113726849,-0.0007861635220126617,0.9515915119363395,0.9522546419098143,-0.0006631299734748408,0.9425649095200629,0.9433962264150944,-0.0008313168950314642,0.0005757000180892646,-0.0005595050170086324,-0.0018762840747015507
Train,AGFV115,114,0.9990490054791915,0.9990416901367237,7.315342467784092e-06,0.9972476023965062,0.9972476023965062,0.0,0.9971671388101983,0.9971671388101983,0.0,0.9966405375139977,0.9966405375139977,0.0,0.00014893249317537993,-0.0001355074782622978,2.2208591785322086e-05
Validation,AGFV115,114,0.9247654018767849,0.9223174214606283,0.00244798041615657,0.850999592003264,0.8457364341085272,0.0052631578947368585,0.8571428571428571,0.8526785714285714,0.004464285714285698,0.8279569892473119,0.8216216216216217,0.0063353676256902025,0.00029917756910435855,-0.00012288893049117178,0.007741056067803865
Test,AGFV115,114,0.8859514170040484,0.8838866396761133,0.0020647773279351966,0.8283400809716599,0.8283400809716599,0.0,0.8311111111111111,0.8311111111111111,0.0,0.8020833333333334,0.8020833333333334,0.0,0.0002954731462523341,-8.864760457072407e-05,0.00209432464256043
Heldout,AGFV115,114,0.9048465758992075,0.9025807762649868,0.0022657996342206888,0.8396260922576713,0.8369945133103027,0.0026315789473685403,0.844097995545657,0.8418708240534521,0.00222717149220486,0.8148148148148148,0.8116710875331565,0.0031437272816582373,0.0002973212394863367,-0.00010573012696113437,0.004927110705537863
All,AGFV115,114,0.9774329597253476,0.9768496480295424,0.0005833116958051665,0.9502697478506722,0.9494835843286596,0.0007861635220125507,0.9515915119363395,0.9509283819628647,0.0006631299734748408,0.9425649095200629,0.9417322834645669,0.0008326260554959442,0.00019311453797854483,-0.00012664140376728028,0.0013887866716155717
Train,AGFV116,115,0.9990490054791915,0.99903803246549,1.0973013701565115e-05,0.9972476023965062,0.9972476023965062,0.0,0.9971671388101983,0.9971671388101983,0.0,0.9966405375139977,0.9966405375139977,0.0,0.00016728225455153733,-6.300699169514701e-05,2.770123915671885e-05
Validation,AGFV116,115,0.9247654018767849,0.9254181966544269,-0.0006527947776420184,0.850999592003264,0.850999592003264,0.0,0.8571428571428571,0.8571428571428571,0.0,0.8279569892473119,0.8279569892473119,0.0,0.0011161034926772118,-0.0008787346887402236,-0.0005411844283742973
Test,AGFV116,115,0.8859514170040484,0.885748987854251,0.00020242914979740068,0.8283400809716599,0.8336032388663968,-0.0052631578947368585,0.8311111111111111,0.8355555555555556,-0.004444444444444473,0.8020833333333334,0.8082901554404145,-0.0062068221070811225,0.0014375122264027596,-0.001160424784757197,-0.004916977522299182
Heldout,AGFV116,115,0.9048465758992075,0.9049786628733998,-0.00013208697419231363,0.8396260922576713,0.8422576712050396,-0.002631578947368318,0.844097995545657,0.8463251670378619,-0.00222717149220486,0.8148148148148148,0.8179419525065963,-0.003127137691781523,0.0012771658366546035,-0.0010198934469372034,-0.0026359493378951713
All,AGFV116,115,0.9774329597253476,0.9774374675437077,-4.5078183601443556e-06,0.9502697478506722,0.9510559113726849,-0.0007861635220126617,0.9515915119363395,0.9522546419098143,-0.0006631299734748408,0.9425649095200629,0.9433962264150944,-0.0008313168950314642,0.0004977449425496161,-0.00034791548387147486,-0.0007408968461178444
Train,AGFV117,116,0.9990490054791915,0.99897219438328,7.681109591151092e-05,0.9972476023965062,0.9972476023965062,0.0,0.9971671388101983,0.9971671388101983,0.0,0.9966405375139977,0.9966405375139977,0.0,0.0001162641347036697,-3.886005288222805e-06,8.843750938187789e-05
Validation,AGFV117,116,0.9247654018767849,0.9225622195022439,0.0022031823745409795,0.850999592003264,0.850999592003264,0.0,0.8571428571428571,0.8571428571428571,0.0,0.8279569892473119,0.8279569892473119,0.0,0.0003654237661976367,-0.0002191003441112116,0.002239724751160743
Test,AGFV117,116,0.8859514170040484,0.8837246963562754,0.0022267206477730728,0.8283400809716599,0.8283400809716599,0.0,0.8311111111111111,0.8311111111111111,0.0,0.8020833333333334,0.8020833333333334,0.0,0.0003708865842781961,-0.00021692481823265553,0.002263809306200892
Heldout,AGFV117,116,0.9048465758992075,0.9025604551920341,0.002286120707173378,0.8396260922576713,0.8396260922576713,0.0,0.844097995545657,0.844097995545657,0.0,0.8148148148148148,0.8148148148148148,0.0,0.00036816124338656664,-0.00021801015827804804,0.002322936831512035
All,AGFV117,116,0.9774329597253476,0.9766431899486469,0.000789769776700755,0.9502697478506722,0.9502697478506722,0.0,0.9515915119363395,0.9515915119363395,0.0,0.9425649095200629,0.9425649095200629,0.0,0.00019126533879898489,-6.764048157492653e-05,0.0008088963105806535
Train,AGFV118,117,0.9990490054791915,0.9990416901367237,7.315342467784092e-06,0.9972476023965062,0.9972476023965062,0.0,0.9971671388101983,0.9971671388101983,0.0,0.9966405375139977,0.9966405375139977,0.0,0.00022027618251740932,0.00018279747746419162,2.9342960719525026e-05
Validation,AGFV118,117,0.9247654018767849,0.9210118319053447,0.0037535699714401627,0.850999592003264,0.850999592003264,0.0,0.8571428571428571,0.8571428571428571,0.0,0.8279569892473119,0.8279569892473119,0.0,0.0004543745599221438,0.00032360220211558044,0.003799007427432377
Test,AGFV118,117,0.8859514170040484,0.8833198380566801,0.002631578947368318,0.8283400809716599,0.8283400809716599,0.0,0.8311111111111111,0.8311111111111111,0.0,0.8020833333333334,0.8020833333333334,0.0,0.000555897131562233,0.00042941750143654644,0.0026871686605245415
Heldout,AGFV118,117,0.9048465758992075,0.9013005486689698,0.0035460272302376694,0.8396260922576713,0.8396260922576713,0.0,0.844097995545657,0.844097995545657,0.0,0.8148148148148148,0.8148148148148148,0.0,0.0005052489577792585,0.00037662769318558276,0.0035965521260155953
All,AGFV118,117,0.9774329597253476,0.9762095378223992,0.0012234219029484406,0.9502697478506722,0.9502697478506722,0.0,0.9515915119363395,0.9515915119363395,0.0,0.9425649095200629,0.9425649095200629,0.0,0.0003051255189348012,0.0002405095292488113,0.0012539344548419206
Train,AGFV119,118,0.9990490054791915,0.9990709515065948,-2.1946027403241253e-05,0.9972476023965062,0.9972476023965062,0.0,0.9971671388101983,0.9971671388101983,0.0,0.9966405375139977,0.9966405375139977,0.0,0.0002208307123510167,-8.918934327084571e-05,1.370438318604186e-07
Validation,AGFV119,118,0.9247654018767849,0.9239494084047327,0.00081599347205219,0.850999592003264,0.8457364341085272,0.0052631578947368585,0.8571428571428571,0.8526785714285714,0.004464285714285698,0.8279569892473119,0.8216216216216217,0.0063353676256902025,0.0008220849558711052,-0.00026880219229497015,0.006161359862376159
Test,AGFV119,118,0.8859514170040484,0.888582995951417,-0.0026315789473685403,0.8283400809716599,0.8336032388663968,-0.0052631578947368585,0.8311111111111111,0.8355555555555556,-0.004444444444444473,0.8020833333333334,0.8082901554404145,-0.0062068221070811225,0.0009906810009852052,-0.0005492843338288367,-0.007795668742006878
Heldout,AGFV119,118,0.9048465758992075,0.9061979272505588,-0.0013513513513513375,0.8396260922576713,0.8396260922576713,0.0,0.844097995545657,0.844097995545657,0.0,0.8148148148148148,0.8148148148148148,0.0,0.0009065705817192793,-0.0004093556199222803,-0.0012606942931794097
All,AGFV119,118,0.9774329597253476,0.9778323524320582,-0.00039939270671063287,0.9502697478506722,0.9502697478506722,0.0,0.9515915119363395,0.9515915119363395,0.0,0.9425649095200629,0.9425649095200629,0.0,0.0004250065831001848,-0.0001845173683250323,-0.0003568920484006144
Train,AGFV120,119,0.9990490054791915,0.9988039415065216,0.0002450639726698789,0.9972476023965062,0.9972476023965062,0.0,0.9971671388101983,0.9971671388101983,0.0,0.9966405375139977,0.9966405375139977,0.0,0.00048002484254539013,-0.0003716566425282508,0.00029306645692441793
Validation,AGFV120,119,0.9247654018767849,0.9153814769481844,0.009383924928600518,0.850999592003264,0.850999592003264,0.0,0.8571428571428571,0.8571428571428571,0.0,0.8279569892473119,0.8279569892473119,0.0,0.001906268298625946,-0.0010041574714705348,0.009574551758463112
Test,AGFV120,119,0.8859514170040484,0.8750607287449393,0.010890688259109105,0.8283400809716599,0.8283400809716599,0.0,0.8311111111111111,0.8311111111111111,0.0,0.8020833333333334,0.8020833333333334,0.0,0.0015206196112558246,7.675647066207603e-05,0.011042750220234687
Heldout,AGFV120,119,0.9048465758992075,0.8948790896159317,0.009967486283275817,0.8396260922576713,0.8396260922576713,0.0,0.844097995545657,0.844097995545657,0.0,0.8148148148148148,0.8148148148148148,0.0,0.0017130146734416485,-0.0004624968278221786,0.010138787750619983
All,AGFV120,119,0.9774329597253476,0.9737212220875888,0.003711737637758783,0.9502697478506722,0.9502697478506722,0.0,0.9515915119363395,0.9515915119363395,0.0,0.9425649095200629,0.9425649095200629,0.0,0.0008471418404951692,-0.0003987038799095899,0.0037964518218083
Train,AGFV121,120,0.9990490054791915,0.9990124287668527,3.6576712338809436e-05,0.9972476023965062,0.9972476023965062,0.0,0.9971671388101983,0.9971671388101983,0.0,0.9966405375139977,0.9966405375139977,0.0,0.0004468707775231451,0.00044208610779605806,8.126379009112394e-05
Validation,AGFV121,120,0.9247654018767849,0.9212566299469604,0.0035087719298244613,0.850999592003264,0.8457364341085272,0.0052631578947368585,0.8571428571428571,0.8526785714285714,0.004464285714285698,0.8279569892473119,0.8216216216216217,0.0063353676256902025,0.0014097783714532852,0.001231210888363421,0.008912907661706649
Test,AGFV121,120,0.8859514170040484,0.882914979757085,0.0030364372469634526,0.8283400809716599,0.8283400809716599,0.0,0.8311111111111111,0.8311111111111111,0.0,0.8020833333333334,0.8020833333333334,0.0,0.0015482526505365968,0.0013828353257849813,0.003191262512017112
Heldout,AGFV121,120,0.9048465758992075,0.9014224751066856,0.003424100792521867,0.8396260922576713,0.8369945133103027,0.0026315789473685403,0.844097995545657,0.8418708240534521,0.00222717149220486,0.8148148148148148,0.8116710875331565,0.0031437272816582373,0.001479169586673379,0.0013071919092908502,0.006203596698557745
All,AGFV121,120,0.9774329597253476,0.976016603196584,0.001416356528763596,0.9502697478506722,0.9494835843286596,0.0007861635220125507,0.9515915119363395,0.9509283819628647,0.0006631299734748408,0.9425649095200629,0.9417322834645669,0.0008326260554959442,0.0007542329840362072,0.0006996673764660954,0.0022779433491797673
Train,AGFV122,121,0.9990490054791915,0.9989977980819172,5.12073972742666e-05,0.9972476023965062,0.9972476023965062,0.0,0.9971671388101983,0.9971671388101983,0.0,0.9966405375139977,0.9966405375139977,0.0,0.00012816939852200449,5.055725705460645e-05,6.402433712646705e-05
Validation,AGFV122,121,0.9247654018767849,0.9250917992656058,-0.0003263973888208982,0.850999592003264,0.850999592003264,0.0,0.8571428571428571,0.8571428571428571,0.0,0.8279569892473119,0.8279569892473119,0.0,0.000254295562626794,3.1913637940306216e-05,-0.0003009678325582188
Test,AGFV122,121,0.8859514170040484,0.88582995951417,0.00012145748987846261,0.8283400809716599,0.8283400809716599,0.0,0.8311111111111111,0.8311111111111111,0.0,0.8020833333333334,0.8020833333333334,0.0,0.0002531897334847599,3.513919727993198e-05,0.0001467764632269386
Heldout,AGFV122,121,0.9048465758992075,0.90467384677911,0.0001727291200974701,0.8396260922576713,0.8396260922576713,0.0,0.844097995545657,0.844097995545657,0.0,0.8148148148148148,0.8148148148148148,0.0,0.00025374142569489777,3.35300101141911e-05,0.0001981032626669599
All,AGFV122,121,0.9774329597253476,0.977338295539784,9.466418556358658e-05,0.9502697478506722,0.9502697478506722,0.0,0.9515915119363395,0.9515915119363395,0.0,0.9425649095200629,0.9425649095200629,0.0,0.00016555788170080632,4.548747529042885e-05,0.0001112199737336672
Train,AGFV123,122,0.9990490054791915,0.9990234017805544,2.56036986371333e-05,0.9972476023965062,0.9972476023965062,0.0,0.9971671388101983,0.9971671388101983,0.0,0.9966405375139977,0.9966405375139977,0.0,0.00016393611440435052,-9.715355554362759e-05,4.1997310077568356e-05
Validation,AGFV123,122,0.9247654018767849,0.9219094247246021,0.002855977152182776,0.850999592003264,0.850999592003264,0.0,0.8571428571428571,0.8571428571428571,0.0,0.8279569892473119,0.8279569892473119,0.0,0.0010376721620559692,-0.0008108821930363774,0.002959744368388373
Test,AGFV123,122,0.8859514170040484,0.8838866396761133,0.0020647773279351966,0.8283400809716599,0.8283400809716599,0.0,0.8311111111111111,0.8311111111111111,0.0,0.8020833333333334,0.8020833333333334,0.0,0.0006619449704885483,-0.0001591820182511583,0.0021309718249840513
Heldout,AGFV123,122,0.9048465758992075,0.9021337126600286,0.002712863239178853,0.8396260922576713,0.8396260922576713,0.0,0.844097995545657,0.844097995545657,0.0,0.8148148148148148,0.8148148148148148,0.0,0.0008493901696056128,-0.0004843063943553716,0.0027978022561394146
All,AGFV123,122,0.9774329597253476,0.9764953335064336,0.0009376262189140228,0.9502697478506722,0.9502697478506722,0.0,0.9515915119363395,0.9515915119363395,0.0,0.9425649095200629,0.9425649095200629,0.0,0.00036802690010517836,-0.00021242653019726276,0.0009744289089245406
Train,AGFV124,123,0.9990490054791915,0.9990490054791916,-1.1102230246251565e-16,0.9972476023965062,0.9972476023965062,0.0,0.9971671388101983,0.9971671388101983,0.0,0.9966405375139977,0.9966405375139977,0.0,0.0001551931054564193,-5.194123514229432e-05,1.551931054553091e-05
Validation,AGFV124,123,0.9247654018767849,0.9228886168910648,0.0018767849857200813,0.850999592003264,0.850999592003264,0.0,0.8571428571428571,0.8571428571428571,0.0,0.8279569892473119,0.8279569892473119,0.0,0.00100588402710855,-0.00048475406947545707,0.0019773733884309364
Test,AGFV124,123,0.8859514170040484,0.8843724696356275,0.0015789473684209021,0.8283400809716599,0.8336032388663968,-0.0052631578947368585,0.8311111111111111,0.8355555555555556,-0.004444444444444473,0.8020833333333334,0.8082901554404145,-0.0062068221070811225,0.0009115178254432976,-0.00034459124435670674,-0.0035930587437716264
Heldout,AGFV124,123,0.9048465758992075,0.9031091241617557,0.0017374517374517673,0.8396260922576713,0.8422576712050396,-0.002631578947368318,0.844097995545657,0.8463251670378619,-0.00222717149220486,0.8148148148148148,0.8179419525065963,-0.003127137691781523,0.0009585958905518055,-0.00041451657307334244,-0.0007982676208613704
All,AGFV124,123,0.9774329597253476,0.9769461153424499,0.0004868443828976998,0.9502697478506722,0.9510559113726849,-0.0007861635220126617,0.9515915119363395,0.9522546419098143,-0.0006631299734748408,0.9425649095200629,0.9433962264150944,-0.0008313168950314642,0.0003944025083910674,-0.00015989634266588837,-0.00025987888827585517
Train,AGFV125,124,0.9990490054791915,0.9988844102736669,0.00016459520552458695,0.9972476023965062,0.9972476023965062,0.0,0.9971671388101983,0.9971671388101983,0.0,0.9966405375139977,0.9966405375139977,0.0,0.00034165807301178575,0.00032876833574846387,0.00019876101282576553
Validation,AGFV125,124,0.9247654018767849,0.9242758057935537,0.0004895960832311808,0.850999592003264,0.850999592003264,0.0,0.8571428571428571,0.8571428571428571,0.0,0.8279569892473119,0.8279569892473119,0.0,0.0004295118269510567,0.0002655416901689023,0.0005325472659262864
Test,AGFV125,124,0.8859514170040484,0.883157894736842,0.0027935222672064164,0.8283400809716599,0.8283400809716599,0.0,0.8311111111111111,0.8311111111111111,0.0,0.8020833333333334,0.8020833333333334,0.0,0.000511999474838376,0.0003871045773848891,0.002844722214690254
Heldout,AGFV125,124,0.9048465758992075,0.9027230237756554,0.002123552123552086,0.8396260922576713,0.8396260922576713,0.0,0.844097995545657,0.844097995545657,0.0,0.8148148148148148,0.8148148148148148,0.0,0.00047084750258363783,0.00032645848114043474,0.00217063687381045
All,AGFV125,124,0.9774329597253476,0.9765196757255785,0.0009132839997690878,0.9502697478506722,0.9502697478506722,0.0,0.9515915119363395,0.9515915119363395,0.0,0.9425649095200629,0.9425649095200629,0.0,0.00038012361619621515,0.0003280805831309408,0.0009512963613887093
Train,AGFV126,125,0.9990490054791915,0.9990599784928931,-1.0973013701565115e-05,0.9972476023965062,0.9972476023965062,0.0,0.9971671388101983,0.9971671388101983,0.0,0.9966405375139977,0.9966405375139977,0.0,0.00017157892580144107,-0.00012220392818562686,6.184878878578994e-06
Validation,AGFV126,125,0.9247654018767849,0.9223174214606283,0.00244798041615657,0.850999592003264,0.850999592003264,0.0,0.8571428571428571,0.8571428571428571,0.0,0.8279569892473119,0.8279569892473119,0.0,0.0006141713238321245,-0.0004073460877407342,0.002509397548539782
Test,AGFV126,125,0.8859514170040484,0.8832388663967612,0.0027125506072872563,0.8283400809716599,0.8283400809716599,0.0,0.8311111111111111,0.8311111111111111,0.0,0.8020833333333334,0.8020833333333334,0.0,0.0006725730490870774,-0.0001429351541446522,0.002779807912195964
Heldout,AGFV126,125,0.9048465758992075,0.9019914651493599,0.002855110749847567,0.8396260922576713,0.8396260922576713,0.0,0.844097995545657,0.844097995545657,0.0,0.8148148148148148,0.8148148148148148,0.0,0.0006434372044168413,-0.00027484618476592004,0.0029194544702892513
All,AGFV126,125,0.9774329597253476,0.97650705383417,0.0009259058911775808,0.9502697478506722,0.9502697478506722,0.0,0.9515915119363395,0.9515915119363395,0.0,0.9425649095200629,0.9425649095200629,0.0,0.0003120725159533322,-0.000167652455274947,0.000957113142772914
Train,AGFV127,126,0.9990490054791915,0.9990124287668527,3.6576712338809436e-05,0.9972476023965062,0.9972476023965062,0.0,0.9971671388101983,0.9971671388101983,0.0,0.9966405375139977,0.9966405375139977,0.0,0.0002102077705785632,-0.0001880945055745542,5.7597489396665755e-05
Validation,AGFV127,126,0.9247654018767849,0.9254181966544268,-0.0006527947776419074,0.850999592003264,0.850999592003264,0.0,0.8571428571428571,0.8571428571428571,0.0,0.8279569892473119,0.8279569892473119,0.0,0.0005633373511955142,-0.00045452365884557366,-0.000596461042522356
Test,AGFV127,126,0.8859514170040484,0.8892307692307692,-0.003279352226720711,0.8283400809716599,0.8283400809716599,0.0,0.8311111111111111,0.8311111111111111,0.0,0.8020833333333334,0.8020833333333334,0.0,0.0007223743596114218,-0.0006865609320811927,-0.0032071147907595686
Heldout,AGFV127,126,0.9048465758992075,0.9072952651900019,-0.002448689290794448,0.8396260922576713,0.8396260922576713,0.0,0.844097995545657,0.844097995545657,0.0,0.8148148148148148,0.8148148148148148,0.0,0.0006430330104194582,-0.0005708006792701781,-0.0023843859897525023
All,AGFV127,126,0.9774329597253476,0.9782705123766662,-0.0008375526513185738,0.9502697478506722,0.9502697478506722,0.0,0.9515915119363395,0.9515915119363395,0.0,0.9425649095200629,0.9425649095200629,0.0,0.00033907947363331914,-0.00030204348149709404,-0.0008036447039552419
Train,AGFV128,127,0.9990490054791915,0.9990234017805544,2.56036986371333e-05,0.9972476023965062,0.9972476023965062,0.0,0.9971671388101983,0.9971671388101983,0.0,0.9966405375139977,0.9966405375139977,0.0,0.000138827643240802,9.961436444427818e-05,3.9486462961213495e-05
Validation,AGFV128,127,0.9247654018767849,0.9243574051407589,0.00040799673602598396,0.850999592003264,0.850999592003264,0.0,0.8571428571428571,0.8571428571428571,0.0,0.8279569892473119,0.8279569892473119,0.0,0.0004501591611187905,7.258666300913319e-05,0.000453012652137863
Test,AGFV128,127,0.8859514170040484,0.8877327935222672,-0.0017813765182187469,0.8283400809716599,0.8283400809716599,0.0,0.8311111111111111,0.8311111111111111,0.0,0.8020833333333334,0.8020833333333334,0.0,0.00037190396687947214,-7.102946256054565e-05,-0.0017441861215307997
Heldout,AGFV128,127,0.9048465758992075,0.9054460475513106,-0.0005994716521031673,0.8396260922576713,0.8396260922576713,0.0,0.844097995545657,0.844097995545657,0.0,0.8148148148148148,0.8148148148148148,0.0,0.00041094442713074386,6.186886025716376e-07,-0.0005583772093900929
All,AGFV128,127,0.9774329597253476,0.9774591050718364,-2.6145346488815058e-05,0.9502697478506722,0.9502697478506722,0.0,0.9515915119363395,0.9515915119363395,0.0,0.9425649095200629,0.9425649095200629,0.0,0.00021984914201311767,7.013885624473915e-05,-4.16043228750329e-06
