Gene,Probe_count,Max_delta_AUC,Mean_delta_AUC,Max_delta_balanced_accuracy,Mean_delta_balanced_accuracy,Max_probability_change,Mean_probability_change,Max_probe_ablation_score,Mean_probe_ablation_score
WDR1,1,0.003783102143757988,0.003783102143757988,0.0,0.0,0.002562891226261854,0.002562891226261854,0.004039391266384173,0.004039391266384173
AJAP1,1,0.0031525851197982124,0.0031525851197982124,0.0,0.0,0.004587941337376833,0.004587941337376833,0.003611379253535896,0.003611379253535896
CCP110,1,0.0031525851197982124,0.0031525851197982124,0.0,0.0,0.004407260101288557,0.004407260101288557,0.0035933111299270683,0.0035933111299270683
KCNK3,1,0.0031525851197982124,0.0031525851197982124,0.0,0.0,0.003020480740815401,0.003020480740815401,0.0034546331938797525,0.0034546331938797525
MME,5,0.0031525851197982124,0.0011349306431273742,0.0,0.0,0.0029803456272929907,0.0018381858011707664,0.0034506196825275113,0.0013187492232444508
RALGPS1,1,0.0025220680958386588,0.0025220680958386588,0.0,0.0,0.004675904754549265,0.004675904754549265,0.0029896585712935854,0.0029896585712935854
FMO1,1,0.0025220680958386588,0.0025220680958386588,0.0,0.0,0.0032282837200909853,0.0032282837200909853,0.0028448964678477575,0.0028448964678477575
FAM160A1,1,0.0025220680958386588,0.0025220680958386588,0.0,0.0,0.0032077650539577007,0.0032077650539577007,0.0028428446012344287,0.0028428446012344287
RPEL1,2,0.0025220680958386588,0.001891551071878994,0.0,0.0,0.0031306722667068243,0.0029863935196772218,0.0028062795731034207,0.0021901904238467163
TMEM133,1,0.0025220680958386588,0.0025220680958386588,0.0,0.0,0.002127674873918295,0.002127674873918295,0.0027348355832304883,0.0027348355832304883
CLDN22,1,0.0025220680958386588,0.0025220680958386588,0.0,0.0,0.0010328192729502916,0.0010328192729502916,0.002625350023133688,0.002625350023133688
STAG3,1,0.001891551071878994,0.001891551071878994,0.0,0.0,0.004845496732741594,0.004845496732741594,0.0023761007451531535,0.0023761007451531535
IQCA1,1,0.001891551071878994,0.001891551071878994,0.0,0.0,0.004782280884683132,0.004782280884683132,0.0023697791603473073,0.0023697791603473073
TRPV1,1,0.001891551071878994,0.001891551071878994,0.0,0.0,0.004371480084955692,0.004371480084955692,0.0023286990803745634,0.0023286990803745634
FOXD2,1,0.001891551071878994,0.001891551071878994,0.0,0.0,0.004212723113596439,0.004212723113596439,0.002312823383238638,0.002312823383238638
PLCXD1,1,0.001891551071878994,0.001891551071878994,0.0,0.0,0.003692662576213479,0.003692662576213479,0.002260817329500342,0.002260817329500342
SNORA5B,1,0.001891551071878994,0.001891551071878994,0.0,0.0,0.0034244752023369074,0.0034244752023369074,0.002233998592112685,0.002233998592112685
KRTAP23-1,1,0.001891551071878994,0.001891551071878994,0.0,0.0,0.0033808050211519003,0.0033808050211519003,0.002229631573994184,0.002229631573994184
DCAF5,1,0.001891551071878994,0.001891551071878994,0.0,0.0,0.003194716526195407,0.003194716526195407,0.002211022724498535,0.002211022724498535
FOXR1,1,0.001891551071878994,0.001891551071878994,0.0,0.0,0.0031898648012429476,0.0031898648012429476,0.002210537552003289,0.002210537552003289
ZNF713,1,0.001891551071878994,0.001891551071878994,0.0,0.0,0.0031293826177716255,0.0031293826177716255,0.0022044893336561565,0.0022044893336561565
SNX11,1,0.001891551071878994,0.001891551071878994,0.0,0.0,0.003113806014880538,0.003113806014880538,0.002202931673367048,0.002202931673367048
LCE2C,1,0.001891551071878994,0.001891551071878994,0.0,0.0,0.002985850442200899,0.002985850442200899,0.002190136116099084,0.002190136116099084
A2ML1,1,0.001891551071878994,0.001891551071878994,0.0,0.0,0.002898376900702715,0.002898376900702715,0.0021813887619492657,0.0021813887619492657
PELO,2,0.001891551071878994,0.0015762925598991617,0.0,0.0,0.002890377538278699,0.002497687702998519,0.002180588825706864,0.0018260613301990134
PPIH,2,0.001891551071878994,0.0015762925598991617,0.0,0.0,0.002885163063183427,0.00252076075412333,0.0021800673781973367,0.0018283686353114947
ERCC8,1,0.001891551071878994,0.001891551071878994,0.0,0.0,0.002838362939655781,0.002838362939655781,0.002175387365844572,0.002175387365844572
SEMA4B,1,0.001891551071878994,0.001891551071878994,0.0,0.0,0.002810969715937972,0.002810969715937972,0.0021726480434727915,0.0021726480434727915
ENSG00000249382,1,0.001891551071878994,0.001891551071878994,0.0,0.0,0.002711725188419223,0.002711725188419223,0.0021627235907209163,0.0021627235907209163
EPN3,1,0.001891551071878994,0.001891551071878994,0.0,0.0,0.002683565951883793,0.002683565951883793,0.0021599076670673735,0.0021599076670673735
CTXN3,1,0.001891551071878994,0.001891551071878994,0.0,0.0,0.002610574709251523,0.002610574709251523,0.0021526085428041465,0.0021526085428041465
GTSE1,1,0.001891551071878994,0.001891551071878994,0.0,0.0,0.002562989015132189,0.002562989015132189,0.002147849973392213,0.002147849973392213
EFCAB11,1,0.001891551071878994,0.001891551071878994,0.0,0.0,0.002520291367545724,0.002520291367545724,0.0021435802086335666,0.0021435802086335666
ZNF396,1,0.001891551071878994,0.001891551071878994,0.0,0.0,0.002461264608427882,0.002461264608427882,0.002137677532721782,0.002137677532721782
MAOB,1,0.001891551071878994,0.001891551071878994,0.0,0.0,0.002455458277836442,0.002455458277836442,0.0021370968996626384,0.0021370968996626384
ZNF117,2,0.001891551071878994,0.000945775535939497,0.0,0.0,0.00242004101164639,0.0015468135243281722,0.002133555173043633,0.0011004568883723142
KLHL4,1,0.001891551071878994,0.001891551071878994,0.0,0.0,0.0024122726172208786,0.0024122726172208786,0.0021327783336010818,0.0021327783336010818
TP73-AS1,1,0.001891551071878994,0.001891551071878994,0.0,0.0,0.0023848465643823147,0.0023848465643823147,0.0021300357283172257,0.0021300357283172257
GPC1,1,0.001891551071878994,0.001891551071878994,0.0,0.0,0.0023369977716356516,0.0023369977716356516,0.0021252508490425593,0.0021252508490425593
NRP1,1,0.001891551071878994,0.001891551071878994,0.0,0.0,0.002287443960085511,0.002287443960085511,0.002120295467887545,0.002120295467887545
ZNF169,1,0.001891551071878994,0.001891551071878994,0.0,0.0,0.0022312146611511707,0.0022312146611511707,0.0021146725379941112,0.0021146725379941112
COLCA1,1,0.001891551071878994,0.001891551071878994,0.0,0.0,0.0021260648500174284,0.0021260648500174284,0.002104157556880737,0.002104157556880737
ITGB8,1,0.001891551071878994,0.001891551071878994,0.0,0.0,0.002054347889497876,0.002054347889497876,0.0020969858608287815,0.0020969858608287815
Unknown,34,0.001891551071878994,7.417847340703244e-05,0.0,0.0,0.004238802473992109,0.0014927107224460034,0.002094091566380585,0.00022344954565163276
RXRG,1,0.001891551071878994,0.001891551071878994,0.0,0.0,0.001933708437718451,0.001933708437718451,0.002084921915650839,0.002084921915650839
TPM4,3,0.001891551071878994,0.00042034468263981345,0.0,0.0,0.0019067032262682915,0.0014139851361202698,0.0020822213945058234,0.0005617431962518404
KCNJ15,2,0.001891551071878994,0.000945775535939497,0.0,0.0,0.001893404871225357,0.0014824336394667625,0.0020808915590015296,0.0010940188998861732
ILF3,1,0.001891551071878994,0.001891551071878994,0.0,0.0,0.0018041384173557162,0.0018041384173557162,0.002071964913614566,0.002071964913614566
NIT2,1,0.001891551071878994,0.001891551071878994,0.0,0.0,0.0016328587662428617,0.0016328587662428617,0.0020548369485032802,0.0020548369485032802
SDCBP,3,0.001891551071878994,0.0006305170239596647,0.0,0.0,0.001601258059963584,0.001054506826524933,0.0020516768778753524,0.0007359677066121579
VCAM1,1,0.0012610340479193294,0.0012610340479193294,0.0,0.0,0.005214512348175049,0.005214512348175049,0.0017824852827368343,0.0017824852827368343
TUBAL3,1,0.0012610340479193294,0.0012610340479193294,0.0,0.0,0.005141670815646648,0.005141670815646648,0.0017752011294839944,0.0017752011294839944
CATSPER2,1,0.0012610340479193294,0.0012610340479193294,0.0,0.0,0.005094069056212902,0.005094069056212902,0.0017704409535406196,0.0017704409535406196
TRNP1,2,0.0012610340479193294,0.0012610340479193294,0.0,0.0,0.005038302857428789,0.004624552559107542,0.0017648643336622082,0.0017234893038300834
CC2D2A,1,0.0012610340479193294,0.0012610340479193294,0.0,0.0,0.004813432693481445,0.004813432693481445,0.0017423773172674738,0.0017423773172674738
KAZN,3,0.0012610340479193294,0.0004203446826397765,0.0,0.0,0.004608993884176016,0.0028376319678500295,0.001721933436336931,0.0007041078794247793
LGALS2,1,0.0012610340479193294,0.0012610340479193294,0.0,0.0,0.0045648738741874695,0.0045648738741874695,0.0017175214353380764,0.0017175214353380764
LRRC27,1,0.0012610340479193294,0.0012610340479193294,0.0,0.0,0.004484530538320541,0.004484530538320541,0.0017094871017513836,0.0017094871017513836
PKD2,1,0.0012610340479193294,0.0012610340479193294,0.0,0.0,0.004153757821768522,0.004153757821768522,0.0016764098300961817,0.0016764098300961817
CHD2,1,0.0012610340479193294,0.0012610340479193294,0.0,0.0,0.0041069104336202145,0.0041069104336202145,0.0016717250912813507,0.0016717250912813507
ZNF582,1,0.0012610340479193294,0.0012610340479193294,0.0,0.0,0.004040129948407412,0.004040129948407412,0.0016650470427600705,0.0016650470427600705
SLC39A1,2,0.0012610340479193294,0.0006305170239596647,0.0,0.0,0.003961007110774517,0.0024911569198593497,0.001657134758996781,0.0008796327159455997
WASF3,1,0.0012610340479193294,0.0012610340479193294,0.0,0.0,0.003898890456184745,0.003898890456184745,0.001650923093537804,0.001650923093537804
SCN4A,1,0.0012610340479193294,0.0012610340479193294,0.0,0.0,0.003812015987932682,0.003812015987932682,0.0016422356467125977,0.0016422356467125977
ALS2CR11,1,0.0012610340479193294,0.0012610340479193294,0.0,0.0,0.003809142392128706,0.003809142392128706,0.0016419482871322,0.0016419482871322
SLC25A33,1,0.0012610340479193294,0.0012610340479193294,0.0,0.0,0.0037909490056335926,0.0037909490056335926,0.0016401289484826887,0.0016401289484826887
KIR2DL5A,1,0.0012610340479193294,0.0012610340479193294,0.0,0.0,0.003786794375628233,0.003786794375628233,0.0016397134854821526,0.0016397134854821526
KIR2DL5B,1,0.0012610340479193294,0.0012610340479193294,0.0,0.0,0.003786794375628233,0.003786794375628233,0.0016397134854821526,0.0016397134854821526
KIR2DS4,1,0.0012610340479193294,0.0012610340479193294,0.0,0.0,0.003786794375628233,0.003786794375628233,0.0016397134854821526,0.0016397134854821526
SYCP1,1,0.0012610340479193294,0.0012610340479193294,0.0,0.0,0.003750170348212123,0.003750170348212123,0.0016360510827405418,0.0016360510827405418
DHX35,1,0.0012610340479193294,0.0012610340479193294,0.0,0.0,0.0037451060488820076,0.0037451060488820076,0.00163554465280753,0.00163554465280753
CBS,5,0.0012610340479193294,0.0005044136191677317,0.0,0.0,0.003733535297214985,0.0027454274473711847,0.001634387577640828,0.0007789563639048503
CNNM1,2,0.0012610340479193294,0.0006305170239596647,0.0,0.0,0.0035362783819437027,0.0021108818473294377,0.0016146618861136997,0.0008416052086926085
ICA1,1,0.0012610340479193294,0.0012610340479193294,0.0,0.0,0.003344182623550296,0.003344182623550296,0.001595452310274359,0.001595452310274359
CD177,2,0.0012610340479193294,0.0006305170239596647,0.0,0.0,0.0033209689427167177,0.003027039347216487,0.0015931309421910011,0.0009332209586813134
ZPBP2,1,0.0012610340479193294,0.0012610340479193294,0.0,0.0,0.003318175906315446,0.003318175906315446,0.001592851638550874,0.001592851638550874
SPOCK3,1,0.0012610340479193294,0.0012610340479193294,0.0,0.0,0.003296925686299801,0.003296925686299801,0.0015907266165493094,0.0015907266165493094
CDKN2AIPNL,1,0.0012610340479193294,0.0012610340479193294,0.0,0.0,0.0031907418742775917,0.0031907418742775917,0.0015801082353470886,0.0015801082353470886
RPE,1,0.0012610340479193294,0.0012610340479193294,0.0,0.0,0.0031306722667068243,0.0031306722667068243,0.0015741012745900118,0.0015741012745900118
SCGB1D4,1,0.0012610340479193294,0.0012610340479193294,0.0,0.0,0.0031052164267748594,0.0031052164267748594,0.0015715556905968153,0.0015715556905968153
GLT1D1,2,0.0012610340479193294,0.0006305170239596647,0.0,0.0,0.003094142535701394,0.0018475209071766585,0.0015704483014894687,0.0008152691146773305
STAU2,1,0.0012610340479193294,0.0012610340479193294,0.0,0.0,0.003062947653234005,0.003062947653234005,0.0015673288132427299,0.0015673288132427299
FOXP4,1,0.0012610340479193294,0.0012610340479193294,0.0,0.0,0.003039563773199916,0.003039563773199916,0.001564990425239321,0.001564990425239321
TSPAN31,1,0.0012610340479193294,0.0012610340479193294,0.0,0.0,0.003035289701074362,0.003035289701074362,0.0015645630180267656,0.0015645630180267656
SNORA71D,1,0.0012610340479193294,0.0012610340479193294,0.0,0.0,0.0030347721185535192,0.0030347721185535192,0.0015645112597746813,0.0015645112597746813
ZNF695,1,0.0012610340479193294,0.0012610340479193294,0.0,0.0,0.0030314449686557055,0.0030314449686557055,0.0015641785447849,0.0015641785447849
NAB2,1,0.0012610340479193294,0.0012610340479193294,0.0,0.0,0.0029912698082625866,0.0029912698082625866,0.001560161028745588,0.001560161028745588
RABL5,3,0.0012610340479193294,0.000840689365279553,0.0,0.0,0.0029585259035229683,0.0017172656177232664,0.0015568866382716263,0.0010124159270518795
KLF5,1,0.0012610340479193294,0.0012610340479193294,0.0,0.0,0.002955649048089981,0.002955649048089981,0.0015565989527283274,0.0015565989527283274
FAM19A5,1,0.0012610340479193294,0.0012610340479193294,0.0,0.0,0.0029539326205849648,0.0029539326205849648,0.001556427309977826,0.001556427309977826
CCDC40,1,0.0012610340479193294,0.0012610340479193294,0.0,0.0,0.0029352190904319286,0.0029352190904319286,0.0015545559569625222,0.0015545559569625222
USP47,1,0.0012610340479193294,0.0012610340479193294,0.0,0.0,0.0029199677519500256,0.0029199677519500256,0.0015530308231143319,0.0015530308231143319
RFESD,1,0.0012610340479193294,0.0012610340479193294,0.0,0.0,0.0028784440364688635,0.0028784440364688635,0.0015488784515662157,0.0015488784515662157
ATP5SL,1,0.0012610340479193294,0.0012610340479193294,0.0,0.0,0.002793701598420739,0.002793701598420739,0.0015404042077614033,0.0015404042077614033
SI,1,0.0012610340479193294,0.0012610340479193294,0.0,0.0,0.002775699133053422,0.002775699133053422,0.0015386039612246716,0.0015386039612246716
CALCRL,1,0.0012610340479193294,0.0012610340479193294,0.0,0.0,0.0027655030135065317,0.0027655030135065317,0.0015375843492699826,0.0015375843492699826
ENSG00000213952,1,0.0012610340479193294,0.0012610340479193294,0.0,0.0,0.0027655030135065317,0.0027655030135065317,0.0015375843492699826,0.0015375843492699826
CPLX4,1,0.0012610340479193294,0.0012610340479193294,0.0,0.0,0.002755549503490329,0.002755549503490329,0.0015365889982683623,0.0015365889982683623
REPIN1,1,0.0012610340479193294,0.0012610340479193294,0.0,0.0,0.0027516819536685944,0.0027516819536685944,0.001536202243286189,0.001536202243286189
MBP,1,0.0012610340479193294,0.0012610340479193294,0.0,0.0,0.0026889974251389503,0.0026889974251389503,0.0015299337904332243,0.0015299337904332243
CARD6,2,0.0012610340479193294,0.0006305170239596647,0.0,0.0,0.002670608228072524,0.0018910847720690072,0.0015280948707265818,0.0008196255011665654
PSTPIP1,1,0.0012610340479193294,0.0012610340479193294,0.0,0.0,0.002640658291056752,0.002640658291056752,0.0015250998770250045,0.0015250998770250045
4-Sep,1,0.0012610340479193294,0.0012610340479193294,0.0,0.0,0.0026351576671004295,0.0026351576671004295,0.0015245498146293722,0.0015245498146293722
SLC36A1,1,0.0012610340479193294,0.0012610340479193294,0.0,0.0,0.0026345825754106045,0.0026345825754106045,0.0015244923054603897,0.0015244923054603897
LGI4,1,0.0012610340479193294,0.0012610340479193294,0.0,0.0,0.0025997445918619633,0.0025997445918619633,0.0015210085071055257,0.0015210085071055257
APOA5,1,0.0012610340479193294,0.0012610340479193294,0.0,0.0,0.0025236476212739944,0.0025236476212739944,0.001513398810046729,0.001513398810046729
ELK4,1,0.0012610340479193294,0.0012610340479193294,0.0,0.0,0.002512906910851598,0.002512906910851598,0.0015123247390044891,0.0015123247390044891
CHRNA3,1,0.0012610340479193294,0.0012610340479193294,0.0,0.0,0.00249727931804955,0.00249727931804955,0.0015107619797242843,0.0015107619797242843
PPA2,1,0.0012610340479193294,0.0012610340479193294,0.0,0.0,0.0024874131195247173,0.0024874131195247173,0.001509775359871801,0.001509775359871801
VTCN1,1,0.0012610340479193294,0.0012610340479193294,0.0,0.0,0.0024819003883749247,0.0024819003883749247,0.0015092240867568218,0.0015092240867568218
FAM153A,1,0.0012610340479193294,0.0012610340479193294,0.0,0.0,0.0024667223915457726,0.0024667223915457726,0.0015077062870739067,0.0015077062870739067
FAM153B,1,0.0012610340479193294,0.0012610340479193294,0.0,0.0,0.0024667223915457726,0.0024667223915457726,0.0015077062870739067,0.0015077062870739067
FAM153C,1,0.0012610340479193294,0.0012610340479193294,0.0,0.0,0.0024667223915457726,0.0024667223915457726,0.0015077062870739067,0.0015077062870739067
EPB41L5,2,0.0012610340479193294,0.0006305170239596647,0.0,0.0,0.0024313312023878098,0.0014141409046715125,0.0015041671681581103,0.0007719311144268159
GNRH1,1,0.0012610340479193294,0.0012610340479193294,0.0,0.0,0.002411474706605077,0.002411474706605077,0.001502181518579837,0.001502181518579837
BMX,1,0.0012610340479193294,0.0012610340479193294,0.0,0.0,0.0024074683897197247,0.0024074683897197247,0.0015017808868913018,0.0015017808868913018
LIMK2,8,0.0012610340479193294,0.00031525851197983235,0.0,0.0,0.002394675277173519,0.0012113552293158136,0.0015005015756366813,0.0004363940349114137
CRB2,1,0.0012610340479193294,0.0012610340479193294,0.0,0.0,0.0023850451689213514,0.0023850451689213514,0.0014995385648114644,0.0014995385648114644
DGAT2,2,0.0012610340479193294,0.0006305170239596647,0.0,0.0,0.0023590950295329094,0.0018585972138680518,0.0014969435508726202,0.0008163767453464698
TMEM37,1,0.0012610340479193294,0.0012610340479193294,0.0,0.0,0.0023481452371925116,0.0023481452371925116,0.0014958485716385806,0.0014958485716385806
USB1,2,0.0012610340479193294,0.000945775535939497,0.0,0.0,0.002321636537089944,0.0021710317814722657,0.0014931977016283237,0.0011628787140867236
ENC1,2,0.0012610340479193294,0.000945775535939497,0.0,0.0,0.0024915600661188364,0.0024049298372119665,0.001492864008749839,0.0011862685196606937
CEP63,2,0.0012610340479193294,0.0006305170239596647,0.0,0.0,0.0023085330612957478,0.0018340543610975146,0.0014918873540489042,0.0008139224600694162
MNDA,1,0.0012610340479193294,0.0012610340479193294,0.0,0.0,0.0022630635648965836,0.0022630635648965836,0.0014873404044089878,0.0014873404044089878
TFAP2A,2,0.0012610340479193294,0.0006305170239596647,0.0,0.0,0.0022425667848438025,0.0014180603611748666,0.0014852907264037095,0.0007723230600771513
PIPOX,1,0.0012610340479193294,0.0012610340479193294,0.0,0.0,0.002198977628722787,0.002198977628722787,0.0014809318107916081,0.0014809318107916081
MMP2,1,0.0012610340479193294,0.0012610340479193294,0.0,0.0,0.0021664416417479515,0.0021664416417479515,0.0014776782120941244,0.0014776782120941244
TMEM41A,1,0.0012610340479193294,0.0012610340479193294,0.0,0.0,0.0021556266583502293,0.0021556266583502293,0.0014765967137543522,0.0014765967137543522
VNN2,3,0.0012610340479193294,0.0006305170239596647,0.0,0.0,0.00214352342300117,0.0013644810921202104,0.0014753863902194464,0.0007669651331716857
DRD2,1,0.0012610340479193294,0.0012610340479193294,0.0,0.0,0.0021246911492198706,0.0021246911492198706,0.0014735031628413165,0.0014735031628413165
WDFY2,1,0.0012610340479193294,0.0012610340479193294,0.0,0.0,0.002105767372995615,0.002105767372995615,0.001471610785218891,0.001471610785218891
GPR12,1,0.0012610340479193294,0.0012610340479193294,0.0,0.0,0.002101525431498885,0.002101525431498885,0.0014711865910692179,0.0014711865910692179
ABHD2,1,0.0012610340479193294,0.0012610340479193294,0.0,0.0,0.0020805075764656067,0.0020805075764656067,0.00146908480556589,0.00146908480556589
WDFY3,6,0.0012610340479193294,0.0005254308532997206,0.0,0.0,0.0020508114248514175,0.0014180699654389173,0.001466115190404471,0.0006672378498436124
GNN*,1,0.0012610340479193294,0.0012610340479193294,0.0,0.0,0.0020359500776976347,0.0020359500776976347,0.001464629055689093,0.001464629055689093
NMI,5,0.0012610340479193294,0.0003783102143757988,0.0,0.0,0.0020194861572235823,0.001170847099274397,0.0014629826636416877,0.0004953949243032385
FAM8A1,2,0.0012610340479193294,0.0006305170239596647,0.0,0.0,0.00198458693921566,0.0012531147804111242,0.0014594927418408953,0.000755828502000777
C5ORF24,1,0.0012610340479193294,0.0012610340479193294,0.0,0.0,0.0019685321021825075,0.0019685321021825075,0.00145788725813758,0.00145788725813758
AQP9,3,0.0012610340479193294,0.0004203446826397765,0.0,0.0,0.0019631884060800076,0.001240149470201383,0.0014573528885273301,0.0005443596296599147
CRISPLD2,3,0.0012610340479193294,0.0004203446826397765,0.0,0.0,0.0019429272506386042,0.0013055097757993888,0.0014553267729831899,0.0005508956602197154
PTRF,1,0.0012610340479193294,0.0012610340479193294,0.0,0.0,0.0019215410575270653,0.0019215410575270653,0.0014531881536720358,0.0014531881536720358
MED20,1,0.0012610340479193294,0.0012610340479193294,0.0,0.0,0.0019063932122662663,0.0019063932122662663,0.001451673369145956,0.001451673369145956
TLR6,1,0.0012610340479193294,0.0012610340479193294,0.0,0.0,0.001877942937426269,0.001877942937426269,0.0014488283416619562,0.0014488283416619562
FCHSD2,2,0.0012610340479193294,0.0006305170239596647,0.0,0.0,0.0017932903720065951,0.0010895676969084889,0.0014403630851199888,0.0007394737936505135
OGN,1,0.0012610340479193294,0.0012610340479193294,0.0,0.0,0.0017772940918803215,0.0017772940918803215,0.0014387634571073615,0.0014387634571073615
DNAJB12,2,0.0012610340479193294,0.0006305170239596647,0.0,0.0,0.001776408520527184,0.0011839574144687504,0.0014386748999720479,0.0007489127654065398
DHRS7,2,0.0012610340479193294,0.0006305170239596647,0.0,0.0,0.001774295000359416,0.001434761332347989,0.001438463547955271,0.0007739931571944637
TM6SF1,2,0.0012610340479193294,0.000945775535939497,0.0,0.0,0.0017429916188120842,0.001179358339868486,0.0014353332098005378,0.0010637113699263456
PRELP,1,0.0012610340479193294,0.0012610340479193294,0.0,0.0,0.001723020919598639,0.001723020919598639,0.0014333361398791932,0.0014333361398791932
PICALM,5,0.0012610340479193294,0.00025220680958386587,0.0,0.0,0.0017193836392834783,0.000976651825476438,0.0014329724118476773,0.0003498719921315097
LAT2,4,0.0012610340479193294,0.0004728877679697485,0.0,0.0,0.0017179197166115046,0.0011493114579934627,0.00143282601958048,0.0005878189137690948
HCLS1,1,0.0012610340479193294,0.0012610340479193294,0.0,0.0,0.0017109650652855635,0.0017109650652855635,0.0014321305544478858,0.0014321305544478858
ABCA1,2,0.0012610340479193294,0.00031525851197988786,0.0,0.0,0.001680018613114953,0.0015668210689909756,0.0014290359092308247,0.0004719406188789854
TMEM242,1,0.0012610340479193294,0.0012610340479193294,0.0,0.0,0.0016621173126623034,0.0016621173126623034,0.0014272457791855598,0.0014272457791855598
NR2C2AP,2,0.0012610340479193294,0.0006305170239596647,0.0,0.0,0.0016543865203857422,0.0010220714175375178,0.0014264726999579035,0.0007327241657134164
REPS2,2,0.0012610340479193294,0.000945775535939497,0.0,0.0,0.0015702542150393128,0.0015496836858801544,0.0014180594694232606,0.0011007439045275125
RNF187,1,0.0012610340479193294,0.0012610340479193294,0.0,0.0,0.001553005538880825,0.001553005538880825,0.0014163346018074118,0.0014163346018074118
CARD8,3,0.0012610340479193294,0.0004203446826397765,0.0,0.0,0.0015512896934524179,0.0008577921835239977,0.001416163017264571,0.0005061239009921762
S100A11,1,0.0012610340479193294,0.0012610340479193294,0.0,0.0,0.0015464548487216234,0.0015464548487216234,0.0014156795327914917,0.0014156795327914917
WDR70,1,0.0012610340479193294,0.0012610340479193294,0.0,0.0,0.0015463363379240036,0.0015463363379240036,0.0014156676817117298,0.0014156676817117298
MSL1,5,0.0012610340479193294,0.00025220680958386587,0.0,0.0,0.0015213812002912164,0.0007035958871711046,0.001413172167948451,0.00032256639830097634
TPP1,1,0.0012610340479193294,0.0012610340479193294,0.0,0.0,0.0014943880960345268,0.0014943880960345268,0.001410472857522782,0.001410472857522782
CCPG1,5,0.0012610340479193294,0.00025220680958386587,0.0,0.0,0.001451329211704433,0.000786367489490658,0.0014061669690897728,0.0003308435585329317
DYX1C1-CCPG1,3,0.0012610340479193294,0.0004203446826397765,0.0,0.0,0.001451329211704433,0.0008626329945400357,0.0014061669690897728,0.0005066079820937801
STX3,3,0.0012610340479193294,0.0004203446826397765,0.0,0.0,0.0014439135557040572,0.0009576800027086089,0.0014054254034897352,0.0005161126829106374
FAM168A,1,0.0012610340479193294,0.0012610340479193294,0.0,0.0,0.0014134420780465007,0.0014134420780465007,0.0014023782557239794,0.0014023782557239794
SLC16A14,2,0.0012610340479193294,0.000945775535939497,0.0,0.0,0.0018846120219677687,0.0015879949205555022,0.001390171829833653,0.0011045750279950473
UCP2,4,0.0012610340479193294,0.0004728877679697485,0.0,0.0,0.001243291306309402,0.0009222602238878608,0.0013853631785502695,0.0005651137903585346
RBM47,2,0.0012610340479193294,0.000945775535939497,0.0,0.0,0.0019938501063734293,0.0016103835660032928,0.001383725750482645,0.0011068138925398262
SOD2,1,0.0012610340479193294,0.0012610340479193294,0.0,0.0,0.0011440900852903724,0.0011440900852903724,0.0013754430564483667,0.0013754430564483667
CYB561A3,1,0.0012610340479193294,0.0012610340479193294,0.0,0.0,0.0011266572400927544,0.0011266572400927544,0.0013736997719286047,0.0013736997719286047
SLC25A3,1,0.0012610340479193294,0.0012610340479193294,0.0,0.0,0.0011217145947739482,0.0011217145947739482,0.0013732055073967242,0.0013732055073967242
COX14,1,0.0012610340479193294,0.0012610340479193294,0.0,0.0,0.0010031061246991158,0.0010031061246991158,0.001361344660389241,0.001361344660389241
GPD1,1,0.0012610340479193294,0.0012610340479193294,0.0,0.0,0.0010031061246991158,0.0010031061246991158,0.001361344660389241,0.001361344660389241
USP15,2,0.0012610340479193294,0.0006305170239596647,0.0,0.0,0.0011941607808694243,0.0010425393120385706,0.001350125832240101,0.0007347709551635218
ERAL1,1,0.0012610340479193294,0.0012610340479193294,0.0,0.0,0.0008653581026010215,0.0008653581026010215,0.0013475698581794314,0.0013475698581794314
TPD52L1,1,0.0006305170239596647,0.0006305170239596647,0.0,0.0,0.006753839086741209,0.006753839086741209,0.0013059009326337858,0.0013059009326337858
DNAJC4,1,0.0006305170239596647,0.0006305170239596647,0.0,0.0,0.0045998855493962765,0.0045998855493962765,0.0010905055788992923,0.0010905055788992923
MYO16,1,0.0006305170239596647,0.0006305170239596647,0.0,0.0,0.004325933288782835,0.004325933288782835,0.0010631103528379482,0.0010631103528379482
WLS,4,0.0006305170239596647,0.0003152585119798601,0.0,0.0,0.0042294398881495,0.003585075435694307,0.0010534610127746146,0.0006737660555492908
PTPRB,1,0.0006305170239596647,0.0006305170239596647,0.0,0.0,0.004126656800508499,0.004126656800508499,0.0010431827040105145,0.0010431827040105145
CERK,1,0.0006305170239596647,0.0006305170239596647,0.0,0.0,0.003991427831351757,0.003991427831351757,0.0010296598070948404,0.0010296598070948404
ZNF513,1,0.0006305170239596647,0.0006305170239596647,0.0,0.0,0.0038954142946749926,0.0038954142946749926,0.001020058453427164,0.001020058453427164
CCM2,1,0.0006305170239596647,0.0006305170239596647,0.0,0.0,0.003725648857653141,0.003725648857653141,0.0010030819097249788,0.0010030819097249788
NXPH4,1,0.0006305170239596647,0.0006305170239596647,0.0,0.0,0.0037049653474241495,0.0037049653474241495,0.0010010135587020796,0.0010010135587020796
ASAP1,3,0.0006305170239596647,0.0004203446826397765,0.0,0.0,0.0036681361962109804,0.0020568306596639254,0.0009973306435807627,0.000626027748606169
WDR41,1,0.0006305170239597757,0.0006305170239597757,0.0,0.0,0.003640528302639723,0.003640528302639723,0.000994569854223748,0.000994569854223748
HLF,2,0.0006305170239596647,0.00031525851197983235,0.0,0.0,0.004644277039915323,0.004111917340196669,0.0009884727880074661,0.0007264502459994992
USP51,1,0.0006305170239596647,0.0006305170239596647,0.0,0.0,0.0035696395207196474,0.0035696395207196474,0.0009874809760316294,0.0009874809760316294
ZIK1,1,0.0006305170239596647,0.0006305170239596647,0.0,0.0,0.003516752040013671,0.003516752040013671,0.0009821922279610318,0.0009821922279610318
ZFAND2B,1,0.0006305170239596647,0.0006305170239596647,0.0,0.0,0.0035061510279774666,0.0035061510279774666,0.0009811321267574114,0.0009811321267574114
PODN,1,0.0006305170239596647,0.0006305170239596647,0.0,0.0,0.003496851772069931,0.003496851772069931,0.0009802022011666579,0.0009802022011666579
DBP,2,0.0006305170239596647,0.00031525851197983235,0.0,0.0,0.0034504879731684923,0.002657043922226876,0.0009755658212765139,0.0005809629042025199
FMN1,1,0.0006305170239596647,0.0006305170239596647,0.0,0.0,0.003437141655012965,0.003437141655012965,0.0009742311894609612,0.0009742311894609612
PFDN4,1,0.0006305170239596647,0.0006305170239596647,0.0,0.0,0.0033622179180383682,0.0033622179180383682,0.0009667388157635015,0.0009667388157635015
ST6GALNAC5,1,0.0006305170239596647,0.0006305170239596647,0.0,0.0,0.0033445511944592,0.0033445511944592,0.0009649721434055846,0.0009649721434055846
MGP,1,0.0006305170239596647,0.0006305170239596647,0.0,0.0,0.0033045148011296988,0.0033045148011296988,0.0009609685040726345,0.0009609685040726345
SLC36A3,1,0.0006305170239596647,0.0006305170239596647,0.0,0.0,0.0032386821694672108,0.0032386821694672108,0.0009543852409063859,0.0009543852409063859
NARF,1,0.0006305170239596647,0.0006305170239596647,0.0,0.0,0.0032340483739972115,0.0032340483739972115,0.0009539218613593859,0.0009539218613593859
CKAP2L,1,0.0006305170239596647,0.0006305170239596647,0.0,0.0,0.0031641926616430283,0.0031641926616430283,0.0009469362901239676,0.0009469362901239676
PTCH1,1,0.0006305170239596647,0.0006305170239596647,0.0,0.0,0.0031267141457647085,0.0031267141457647085,0.0009431884385361355,0.0009431884385361355
NR4A1,4,0.0006305170239597757,0.00015762925598994393,0.0,0.0,0.004019430838525295,0.0028446745418477803,0.0009410409483775695,0.000442096710174722
SGCG,1,0.0006305170239596647,0.0006305170239596647,0.0,0.0,0.0030736327171325684,0.0030736327171325684,0.0009378802956729216,0.0009378802956729216
LOC100509445,1,0.0006305170239596647,0.0006305170239596647,0.0,0.0,0.003029682207852602,0.003029682207852602,0.0009334852447449249,0.0009334852447449249
LOC728715,1,0.0006305170239596647,0.0006305170239596647,0.0,0.0,0.003029682207852602,0.003029682207852602,0.0009334852447449249,0.0009334852447449249
OVOS2*,1,0.0006305170239596647,0.0006305170239596647,0.0,0.0,0.003029682207852602,0.003029682207852602,0.0009334852447449249,0.0009334852447449249
WFDC9,1,0.0006305170239596647,0.0006305170239596647,0.0,0.0,0.0029713870026171207,0.0029713870026171207,0.0009276557242213768,0.0009276557242213768
LILRA6,1,0.0006305170239596647,0.0006305170239596647,0.0,0.0,0.002915875753387809,0.002915875753387809,0.0009221045992984456,0.0009221045992984456
GABRB2,1,0.0006305170239596647,0.0006305170239596647,0.0,0.0,0.00290108285844326,0.00290108285844326,0.0009206253098039907,0.0009206253098039907
OTUD7B,1,0.0006305170239596647,0.0006305170239596647,0.0,0.0,0.00278360559605062,0.00278360559605062,0.0009088775835647267,0.0009088775835647267
GID8,1,0.0006305170239596647,0.0006305170239596647,0.0,0.0,0.0027377004735171795,0.0027377004735171795,0.0009042870713113827,0.0009042870713113827
FLCN,1,0.0006305170239596647,0.0006305170239596647,0.0,0.0,0.002727799816057086,0.002727799816057086,0.0009032970055653733,0.0009032970055653733
OR4C13,1,0.0006305170239596647,0.0006305170239596647,0.0,0.0,0.0026900717057287693,0.0026900717057287693,0.0008995241945325416,0.0008995241945325416
KIAA1462,1,0.0006305170239596647,0.0006305170239596647,0.0,0.0,0.002669308567419648,0.002669308567419648,0.0008974478807016295,0.0008974478807016295
EDAR,1,0.0006305170239596647,0.0006305170239596647,0.0,0.0,0.0026688899379223585,0.0026688899379223585,0.0008974060177519005,0.0008974060177519005
TREML4,2,0.0006305170239596647,0.00031525851197983235,0.0,0.0,0.005221168510615826,0.003938589827157557,0.0008961181383295935,0.0007091174946955881
TECPR2,1,0.0006305170239596647,0.0006305170239596647,0.0,0.0,0.0026000146754086018,0.0026000146754086018,0.0008905184915005248,0.0008905184915005248
EPGN,1,0.0006305170239596647,0.0006305170239596647,0.0,0.0,0.0025876087602227926,0.0025876087602227926,0.000889277899981944,0.000889277899981944
C17ORF105,1,0.0006305170239596647,0.0006305170239596647,0.0,0.0,0.002535467268899083,0.002535467268899083,0.0008840637508495731,0.0008840637508495731
SNAI2,1,0.0006305170239596647,0.0006305170239596647,0.0,0.0,0.002501637674868107,0.002501637674868107,0.0008806807914464754,0.0008806807914464754
SLC22A25,1,0.0006305170239596647,0.0006305170239596647,0.0,0.0,0.0024497380945831537,0.0024497380945831537,0.0008754908334179801,0.0008754908334179801
CALCR,1,0.0006305170239596647,0.0006305170239596647,0.0,0.0,0.0024422297719866037,0.0024422297719866037,0.0008747400011583251,0.0008747400011583251
DENND3,3,0.0006305170239596647,0.00021017234131988824,0.0,0.0,0.00242263893596828,0.0019258555257692933,0.0008727809175564927,0.0004027578938968176
PDDC1,1,0.0006305170239596647,0.0006305170239596647,0.0,0.0,0.0023966862354427576,0.0023966862354427576,0.0008701856475039404,0.0008701856475039404
ADM,3,0.0006305170239596647,0.00021017234131988824,0.0,0.0,0.0023906659334897995,0.0010982058302033693,0.0008695836173086447,0.00031999292434022514
ACOX1,2,0.0006305170239596647,0.00031525851197983235,0.0,0.0,0.0023875150363892317,0.00143143416789826,0.0008692685275985878,0.00045840192876965834
RPS14,1,0.0006305170239596647,0.0006305170239596647,0.0,0.0,0.002371665323153138,0.002371665323153138,0.0008676835562749785,0.0008676835562749785
DDAH1,1,0.0006305170239596647,0.0006305170239596647,0.0,0.0,0.0023662729654461145,0.0023662729654461145,0.0008671443205042761,0.0008671443205042761
PLEKHS1,1,0.0006305170239596647,0.0006305170239596647,0.0,0.0,0.002365309279412031,0.002365309279412031,0.0008670479519008678,0.0008670479519008678
OR13H1,1,0.0006305170239596647,0.0006305170239596647,0.0,0.0,0.002330720191821456,0.002330720191821456,0.0008635890431418103,0.0008635890431418103
MAP3K6,1,0.0006305170239596647,0.0006305170239596647,0.0,0.0,0.0023132488131523132,0.0023132488131523132,0.000861841905274896,0.000861841905274896
ZNF790,1,0.0006305170239596647,0.0006305170239596647,0.0,0.0,0.002308232244104147,0.002308232244104147,0.0008613402483700794,0.0008613402483700794
PHTF1,2,0.0006305170239596647,0.00031525851197983235,0.0,0.0,0.002280352171510458,0.0014570910134352744,0.0008585522411107104,0.00046096761332335977
CSPG4,1,0.0006305170239596647,0.0006305170239596647,0.0,0.0,0.0022776846308261156,0.0022776846308261156,0.0008582854870422763,0.0008582854870422763
HSDL2,1,0.0006305170239596647,0.0006305170239596647,0.0,0.0,0.0022731064818799496,0.0022731064818799496,0.0008578276721476596,0.0008578276721476596
FAM204A,2,0.0006305170239596647,5.551115123125783e-17,0.0,0.0,0.002268553478643298,0.001458858052501455,0.0008573723718239945,0.000145885805250201
HBG1,2,0.0006305170239596647,0.00031525851197983235,0.0,0.0,0.0022633085027337074,0.0020037603098899126,0.0008568478742330355,0.0005156345429688236
CDK11A,1,0.0006305170239596647,0.0006305170239596647,0.0,0.0,0.0022477160673588514,0.0022477160673588514,0.0008552886306955499,0.0008552886306955499
LYSMD1,2,0.0006305170239596647,0.00031525851197983235,0.0,0.0,0.0022308717016130686,0.002100123092532158,0.0008536041941209716,0.0005252708212330481
SPAG4,1,0.0006305170239596647,0.0006305170239596647,0.0,0.0,0.0022199263330549,0.0022199263330549,0.0008525096572651547,0.0008525096572651547
JUP,1,0.0006305170239596647,0.0006305170239596647,0.0,0.0,0.0022117008920758963,0.0022117008920758963,0.0008516871131672543,0.0008516871131672543
FIGNL2,1,0.0006305170239596647,0.0006305170239596647,0.0,0.0,0.0022042193450033665,0.0022042193450033665,0.0008509389584600013,0.0008509389584600013
SON,1,0.0006305170239596647,0.0006305170239596647,0.0,0.0,0.0021956819109618664,0.0021956819109618664,0.0008500852150558514,0.0008500852150558514
BEST1,2,0.0006305170239596647,0.0006305170239596647,0.0,0.0,0.0021821658592671156,0.0020687138894572854,0.0008487336098863763,0.0008373884129053933
GPR3,1,0.0006305170239597757,0.0006305170239597757,0.0,0.0,0.0021729529835283756,0.0021729529835283756,0.0008478123223126133,0.0008478123223126133
MEI1,1,0.0006305170239596647,0.0006305170239596647,0.0,0.0,0.0021701341029256582,0.0021701341029256582,0.0008475304342522305,0.0008475304342522305
FARP1,1,0.0006305170239596647,0.0006305170239596647,0.0,0.0,0.002143902936950326,0.002143902936950326,0.0008449073176546972,0.0008449073176546972
MUM1L1,1,0.0006305170239596647,0.0006305170239596647,0.0,0.0,0.0021431087516248226,0.0021431087516248226,0.000844827899122147,0.000844827899122147
SP1,1,0.0006305170239596647,0.0006305170239596647,0.0,0.0,0.0021418777760118246,0.0021418777760118246,0.0008447048015608472,0.0008447048015608472
LMAN1,1,0.0006305170239596647,0.0006305170239596647,0.0,0.0,0.0021383375860750675,0.0021383375860750675,0.0008443507825671714,0.0008443507825671714
IGF2BP1,1,0.0006305170239596647,0.0006305170239596647,0.0,0.0,0.0021071787923574448,0.0021071787923574448,0.0008412349031954091,0.0008412349031954091
PILRA,3,0.0006305170239596647,0.0004203446826397765,0.0,0.0,0.0021061215084046125,0.0012235486259063084,0.0008411291748001259,0.0005426995452304074
RCN3,1,0.0006305170239596647,0.0006305170239596647,0.0,0.0,0.002096722833812237,0.002096722833812237,0.0008401893073408884,0.0008401893073408884
RECQL5,1,0.0006305170239596647,0.0006305170239596647,0.0,0.0,0.0020769292023032904,0.0020769292023032904,0.0008382099441899937,0.0008382099441899937
HIVEP3,1,0.0006305170239596647,0.0006305170239596647,0.0,0.0,0.002061388920992613,0.002061388920992613,0.0008366559160589259,0.0008366559160589259
SLC11A1,2,0.0006305170239596647,0.0006305170239596647,0.0,0.0,0.002059242920950055,0.0018513996037654579,0.0008364413160546702,0.0008156569843362105
SERPINA1,1,0.0006305170239596647,0.0006305170239596647,0.0,0.0,0.0020534431096166372,0.0020534431096166372,0.0008358613349213284,0.0008358613349213284
SLITRK3,1,0.0006305170239596647,0.0006305170239596647,0.0,0.0,0.0020308794919401407,0.0020308794919401407,0.0008336049731536788,0.0008336049731536788
KDM8,1,0.0006305170239596647,0.0006305170239596647,0.0,0.0,0.002017479855567217,0.002017479855567217,0.0008322650095163864,0.0008322650095163864
LMNB1,4,0.0006305170239596647,0.00015762925598991617,0.0,0.0,0.0020151841454207897,0.001427282506483607,0.0008320354385017437,0.00030035750663827686
LONRF3,1,0.0006305170239596647,0.0006305170239596647,0.0,0.0,0.0020148716866970062,0.0020148716866970062,0.0008320041926293653,0.0008320041926293653
FLOT2,1,0.0006305170239596647,0.0006305170239596647,0.0,0.0,0.002008832059800625,0.002008832059800625,0.0008314002299397271,0.0008314002299397271
TNFRSF1A,3,0.0006305170239596647,0.00021017234131988824,0.0,0.0,0.002002815483137965,0.0012596988623651366,0.0008307985722734613,0.0003361422275564019
RDM1,1,0.0006305170239596647,0.0006305170239596647,0.0,0.0,0.0020009269937872887,0.0020009269937872887,0.0008306097233383936,0.0008306097233383936
DEPDC1B,1,0.0006305170239596647,0.0006305170239596647,0.0,0.0,0.0019834875129163265,0.0019834875129163265,0.0008288657752512973,0.0008288657752512973
CCDC74A,1,0.0006305170239596647,0.0006305170239596647,0.0,0.0,0.001977285835891962,0.001977285835891962,0.0008282456075488609,0.0008282456075488609
MAGI1,1,0.0006305170239596647,0.0006305170239596647,0.0,0.0,0.0019723062869161367,0.0019723062869161367,0.0008277476526512784,0.0008277476526512784
LOC101930235,1,0.0006305170239596647,0.0006305170239596647,0.0,0.0,0.0019666915759444237,0.0019666915759444237,0.0008271861815541071,0.0008271861815541071
LOC101930245,1,0.0006305170239596647,0.0006305170239596647,0.0,0.0,0.0019666915759444237,0.0019666915759444237,0.0008271861815541071,0.0008271861815541071
LOC440040,1,0.0006305170239596647,0.0006305170239596647,0.0,0.0,0.0019666915759444237,0.0019666915759444237,0.0008271861815541071,0.0008271861815541071
TRIM48,1,0.0006305170239596647,0.0006305170239596647,0.0,0.0,0.0019666915759444237,0.0019666915759444237,0.0008271861815541071,0.0008271861815541071
TRIM49D1,1,0.0006305170239596647,0.0006305170239596647,0.0,0.0,0.0019666915759444237,0.0019666915759444237,0.0008271861815541071,0.0008271861815541071
TRIM49D2P,1,0.0006305170239596647,0.0006305170239596647,0.0,0.0,0.0019666915759444237,0.0019666915759444237,0.0008271861815541071,0.0008271861815541071
GLT8D2,1,0.0006305170239596647,0.0006305170239596647,0.0,0.0,0.0019550456199795008,0.0019550456199795008,0.0008260215859576148,0.0008260215859576148
METTL20,2,0.0006305170239596647,0.00031525851197983235,0.0,0.0,0.0019435874419286847,0.0017033987096510828,0.0008248757681525332,0.00048559838294494063
RBP7,1,0.0006305170239596647,0.0006305170239596647,0.0,0.0,0.0019345675827935338,0.0019345675827935338,0.0008239737822390181,0.0008239737822390181
GCSH,2,0.0006305170239596647,0.00031525851197983235,0.0,0.0,0.0019238772802054882,0.0012239319330547005,0.0008229047519802135,0.0004376517052853024
LOC729080,2,0.0006305170239596647,0.00031525851197983235,0.0,0.0,0.0019238772802054882,0.0012239319330547005,0.0008229047519802135,0.0004376517052853024
RUFY3,1,0.0006305170239596647,0.0006305170239596647,0.0,0.0,0.001923384377732873,0.001923384377732873,0.0008228554617329519,0.0008228554617329519
TP53TG3,1,0.0006305170239596647,0.0006305170239596647,0.0,0.0,0.0019197663059458137,0.0019197663059458137,0.0008224936545542461,0.0008224936545542461
TP53TG3B,1,0.0006305170239596647,0.0006305170239596647,0.0,0.0,0.0019197663059458137,0.0019197663059458137,0.0008224936545542461,0.0008224936545542461
TP53TG3D,1,0.0006305170239596647,0.0006305170239596647,0.0,0.0,0.0019197663059458137,0.0019197663059458137,0.0008224936545542461,0.0008224936545542461
IL27,1,0.0006305170239596647,0.0006305170239596647,0.0,0.0,0.0019180721137672663,0.0019180721137672663,0.0008223242353363914,0.0008223242353363914
NDRG1,2,0.0006305170239596647,0.00031525851197983235,0.0,0.0,0.0018794285133481026,0.001279004936804995,0.0008184598752944749,0.00044315900566033184
SIPA1L2,3,0.0006305170239596647,0.0004203446826397765,0.0,0.0,0.0018783423583954573,0.0013873501253935199,0.0008183512597992104,0.0005590796951791284
TNPO1,1,0.0006305170239596647,0.0006305170239596647,0.0,0.0,0.0018742313841357827,0.0018742313841357827,0.000817940162373243,0.000817940162373243
PKD1L1,1,0.0006305170239596647,0.0006305170239596647,0.0,0.0,0.0018592103151604533,0.0018592103151604533,0.00081643805547571,0.00081643805547571
FAM149B1,1,0.0006305170239596647,0.0006305170239596647,0.0,0.0,0.001843090751208365,0.001843090751208365,0.0008148260990805012,0.0008148260990805012
RALYL,1,0.0006305170239596647,0.0006305170239596647,0.0,0.0,0.0018359891837462783,0.0018359891837462783,0.0008141159423342925,0.0008141159423342925
DEFB126,1,0.0006305170239596647,0.0006305170239596647,0.0,0.0,0.0018301301170140505,0.0018301301170140505,0.0008135300356610697,0.0008135300356610697
PGS1,3,0.0006305170239596647,0.00021017234131988824,0.0,0.0,0.0018282945966348052,0.0010536708286963403,0.0008133464836231452,0.00031553942418952226
CCR5,1,0.0006305170239596647,0.0006305170239596647,0.0,0.0,0.0018133908743038774,0.0018133908743038774,0.0008118561113900525,0.0008118561113900525
SERPINB1,1,0.0006305170239597757,0.0006305170239597757,0.0,0.0,0.0018058145651593804,0.0018058145651593804,0.0008110984804757138,0.0008110984804757138
ANKDD1A,1,0.0006305170239596647,0.0006305170239596647,0.0,0.0,0.0018011578358709812,0.0018011578358709812,0.0008106328075467628,0.0008106328075467628
PARP4,1,0.0006305170239596647,0.0006305170239596647,0.0,0.0,0.0017951639601960778,0.0017951639601960778,0.0008100334199792724,0.0008100334199792724
EIF3H,1,0.0006305170239596647,0.0006305170239596647,0.0,0.0,0.0017898726509884,0.0017898726509884,0.0008095042890585047,0.0008095042890585047
NPSR1,1,0.0006305170239597757,0.0006305170239597757,0.0,0.0,0.0017694052075967193,0.0017694052075967193,0.0008074575447194476,0.0008074575447194476
LSM4,1,0.0006305170239596647,0.0006305170239596647,0.0,0.0,0.0017551929922774434,0.0017551929922774434,0.000806036323187409,0.000806036323187409
PPM1F,1,0.0006305170239596647,0.0006305170239596647,0.0,0.0,0.0017528383759781718,0.0017528383759781718,0.0008058008615574819,0.0008058008615574819
PSMD6,2,0.0006305170239596647,0.0006305170239596647,0.0,0.0,0.0017474674386903644,0.0017257152358070016,0.0008052637678287011,0.0008030885475403648
GPER1,1,0.0006305170239596647,0.0006305170239596647,0.0,0.0,0.0017466540448367596,0.0017466540448367596,0.0008051824284433407,0.0008051824284433407
STMN4,1,0.0006305170239596647,0.0006305170239596647,0.0,0.0,0.0017327005043625832,0.0017327005043625832,0.000803787074395923,0.000803787074395923
CDHR1,1,0.0006305170239596647,0.0006305170239596647,0.0,0.0,0.0017280858010053635,0.0017280858010053635,0.0008033256040602011,0.0008033256040602011
COX6B2,1,0.0006305170239596647,0.0006305170239596647,0.0,0.0,0.0017218069406226277,0.0017218069406226277,0.0008026977180219275,0.0008026977180219275
RNF8,1,0.0006305170239596647,0.0006305170239596647,0.0,0.0,0.0017194370739161968,0.0017194370739161968,0.0008024607313512844,0.0008024607313512844
BOD1L2,1,0.0006305170239596647,0.0006305170239596647,0.0,0.0,0.0017155027016997337,0.0017155027016997337,0.000802067294129638,0.000802067294129638
SPATA13,1,0.0006305170239596647,0.0006305170239596647,0.0,0.0,0.0017111519118770957,0.0017111519118770957,0.0008016322151473742,0.0008016322151473742
GLS,1,0.0006305170239596647,0.0006305170239596647,0.0,0.0,0.0017071018228307366,0.0017071018228307366,0.0008012272062427383,0.0008012272062427383
SLC18A2,2,0.0006305170239596647,5.551115123125783e-17,0.0,0.0,0.003061660099774599,0.00238264404470101,0.0008008798229224068,0.0002382644044701565
CD63,2,0.0006305170239596647,0.00031525851197983235,0.0,0.0,0.0025097012985497713,0.002101580088492483,0.0007998629118031841,0.0005254165208290806
MT1X,2,0.0006305170239596647,0.00031525851197983235,0.0,0.0,0.0016924731899052858,0.0012638542975764722,0.0007997643429501933,0.0004416439417374796
PDE4B,1,0.0006305170239596647,0.0006305170239596647,0.0,0.0,0.00167652138043195,0.00167652138043195,0.0007981691620028597,0.0007981691620028597
ZC3H12D,2,0.0006305170239596647,0.0,0.0,0.0,0.0038112690672278404,0.002742939628660679,0.0007979780429690164,0.0002742939628660679
TMEM97,1,0.0006305170239596647,0.0006305170239596647,0.0,0.0,0.001660170964896679,0.001660170964896679,0.0007965341204493326,0.0007965341204493326
ATMIN,1,0.0006305170239596647,0.0006305170239596647,0.0,0.0,0.0016593921463936567,0.0016593921463936567,0.0007964562385990304,0.0007964562385990304
TLR1,1,0.0006305170239596647,0.0006305170239596647,0.0,0.0,0.0016560640651732683,0.0016560640651732683,0.0007961234304769915,0.0007961234304769915
RUVBL1,1,0.0006305170239596647,0.0006305170239596647,0.0,0.0,0.0016556166810914874,0.0016556166810914874,0.0007960786920688135,0.0007960786920688135
IQCD,1,0.0006305170239596647,0.0006305170239596647,0.0,0.0,0.0016549477586522698,0.0016549477586522698,0.0007960117998248917,0.0007960117998248917
PDLIM7,4,0.0006305170239596647,0.00031525851197983235,0.0,0.0,0.001849595457315445,0.0013769164361292496,0.0007941884681298417,0.00045295015559275735
DHFRL1,1,0.0006305170239596647,0.0006305170239596647,0.0,0.0,0.0016353795072063804,0.0016353795072063804,0.0007940549746803027,0.0007940549746803027
RAB8B,1,0.0006305170239596647,0.0006305170239596647,0.0,0.0,0.0016159014776349068,0.0016159014776349068,0.0007921071717231553,0.0007921071717231553
ALOX5,1,0.0006305170239596647,0.0006305170239596647,0.0,0.0,0.0015906404005363584,0.0015906404005363584,0.0007895810640133005,0.0007895810640133005
NARG2,1,0.0006305170239596647,0.0006305170239596647,0.0,0.0,0.0015880201244726777,0.0015880201244726777,0.0007893190364069325,0.0007893190364069325
VMO1,1,0.0006305170239596647,0.0006305170239596647,0.0,0.0,0.0015759913949295878,0.0015759913949295878,0.0007881161634526235,0.0007881161634526235
KBTBD2,2,0.0006305170239596647,0.00031525851197983235,0.0,0.0,0.0018825143342837691,0.0017231812234967947,0.0007869018352306467,0.0004875766343295118
APMAP,3,0.0006305170239596647,0.00021017234131988824,0.0,0.0,0.0015517357969656587,0.001187892824721833,0.0007856906036562306,0.00032896162379207156
SLC6A12,1,0.0006305170239596647,0.0006305170239596647,0.0,0.0,0.0015503172762691975,0.0015503172762691975,0.0007855487515865845,0.0007855487515865845
NLRP12,1,0.0006305170239596647,0.0006305170239596647,0.0,0.0,0.0015474549727514386,0.0015474549727514386,0.0007852625212348086,0.0007852625212348086
RNASEL,2,0.0006305170239596647,0.00031525851197983235,0.0,0.0,0.001540872734040022,0.0011140946298837662,0.0007846042973636668,0.00042666797496820896
RPAIN,5,0.0006305170239596647,0.0003783102143757988,0.0,0.0,0.0015383691061288118,0.0010655582183972002,0.0007843539345725459,0.0004848660362155188
LCE3E,1,0.0006305170239596647,0.0006305170239596647,0.0,0.0,0.0015315406490117311,0.0015315406490117311,0.0007836710888608378,0.0007836710888608378
MACROD2,2,0.0006305170239596647,0.0006305170239596647,0.0,0.0,0.0015282010426744819,0.0015160455950535834,0.0007833371282271129,0.000782121583465023
MAPK14,6,0.0006305170239596647,-0.00031525851197975835,0.0,0.0,0.0016575459158048034,0.001271783122016738,0.0007831212592958492,-0.00018808019977808454
PA2G4,1,0.0006305170239596647,0.0006305170239596647,0.0,0.0,0.0015230585122480989,0.0015230585122480989,0.0007828228751844746,0.0007828228751844746
LAMP2,3,0.0006305170239596647,0.00021017234131988824,0.0,0.0,0.0015197735046967864,0.0010270395044547815,0.0007824943744293433,0.0003128762917653664
IL13RA1,2,0.0006305170239596647,0.00031525851197983235,0.0,0.0,0.001503477105870843,0.0011289670073892921,0.000780864734546749,0.00042815521271876155
ZNF621,1,0.0006305170239596647,0.0006305170239596647,0.0,0.0,0.0014912282349541783,0.0014912282349541783,0.0007796398474550825,0.0007796398474550825
KRTAP5-11,1,0.0006305170239596647,0.0006305170239596647,0.0,0.0,0.0014872652245685458,0.0014872652245685458,0.0007792435464165192,0.0007792435464165192
FCN3,1,0.0006305170239596647,0.0006305170239596647,0.0,0.0,0.0014833695022389293,0.0014833695022389293,0.0007788539741835576,0.0007788539741835576
TYMP,1,0.0006305170239596647,0.0006305170239596647,0.0,0.0,0.0014827561099082232,0.0014827561099082232,0.000778792634950487,0.000778792634950487
RMND5A,2,0.0006305170239596647,0.00031525851197983235,0.0,0.0,0.0014812367735430598,0.0009758339874679223,0.0007786407013139707,0.0004128419107266246
NAIP,2,0.0006305170239596647,0.00031525851197983235,0.0,0.0,0.0014747919049113989,0.0010135675547644496,0.0007779962144508045,0.0004166152674562773
PPP1R3B,1,0.0006305170239596647,0.0006305170239596647,0.0,0.0,0.0014614015817642212,0.0014614015817642212,0.0007766571821360869,0.0007766571821360869
ISY1-RAB43,1,0.0006305170239596647,0.0006305170239596647,0.0,0.0,0.0014509521424770355,0.0014509521424770355,0.0007756122382073683,0.0007756122382073683
RAB43,1,0.0006305170239596647,0.0006305170239596647,0.0,0.0,0.0014509521424770355,0.0014509521424770355,0.0007756122382073683,0.0007756122382073683
C1ORF63,1,0.0006305170239596647,0.0006305170239596647,0.0,0.0,0.0014441987732425332,0.0014441987732425332,0.000774936901283918,0.000774936901283918
ENSA,1,0.0006305170239596647,0.0006305170239596647,0.0,0.0,0.0014435142511501908,0.0014435142511501908,0.0007748684490746838,0.0007748684490746838
MICAL3,1,0.0006305170239596647,0.0006305170239596647,0.0,0.0,0.0014399155043065548,0.0014399155043065548,0.0007745085743903202,0.0007745085743903202
NIM1*,1,0.0006305170239596647,0.0006305170239596647,0.0,0.0,0.0014311503618955612,0.0014311503618955612,0.0007736320601492208,0.0007736320601492208
ADAMTSL3,1,0.0006305170239596647,0.0006305170239596647,0.0,0.0,0.001430476550012827,0.001430476550012827,0.0007735646789609474,0.0007735646789609474
VPS39,1,0.0006305170239596647,0.0006305170239596647,0.0,0.0,0.001429168856702745,0.001429168856702745,0.0007734339096299392,0.0007734339096299392
HDAC4,1,0.0006305170239596647,0.0006305170239596647,0.0,0.0,0.0014262738404795527,0.0014262738404795527,0.00077314440800762,0.00077314440800762
MBOAT7,1,0.0006305170239596647,0.0006305170239596647,0.0,0.0,0.001426073838956654,0.001426073838956654,0.0007731244078553301,0.0007731244078553301
TSC22D4,3,0.0006305170239596647,0.00021017234131988824,0.0,0.0,0.0014236019924283028,0.000839742977404967,0.0007728772232024949,0.0002941466390603849
SAA1,1,0.0006305170239596647,0.0006305170239596647,0.0,0.0,0.0013792917598038912,0.0013792917598038912,0.0007684461999400538,0.0007684461999400538
SAA2,1,0.0006305170239596647,0.0006305170239596647,0.0,0.0,0.0013792917598038912,0.0013792917598038912,0.0007684461999400538,0.0007684461999400538
SAA2-SAA4,1,0.0006305170239596647,0.0006305170239596647,0.0,0.0,0.0013792917598038912,0.0013792917598038912,0.0007684461999400538,0.0007684461999400538
ZNF410,1,0.0006305170239596647,0.0006305170239596647,0.0,0.0,0.0013626987347379327,0.0013626987347379327,0.0007667868974334579,0.0007667868974334579
KCNMB2,1,0.0006305170239596647,0.0006305170239596647,0.0,0.0,0.001340351882390678,0.001340351882390678,0.0007645522121987325,0.0007645522121987325
CA14,1,0.0006305170239596647,0.0006305170239596647,0.0,0.0,0.0013285245513543487,0.0013285245513543487,0.0007633694790950996,0.0007633694790950996
RTN3,6,0.0006305170239596647,0.00010508617065994412,0.0,0.0,0.0013196672080084682,0.0010738626297097653,0.0007621075835726243,0.00021247243363092065
ARHGEF12,2,0.0006305170239596647,0.00031525851197983235,0.0,0.0,0.0013131292071193457,0.0009538592421449721,0.0007618299446715993,0.00041064443619432956
GLIS2,1,0.0006305170239596647,0.0006305170239596647,0.0,0.0,0.0013109411811456084,0.0013109411811456084,0.0007616111420742256,0.0007616111420742256
TMBIM6,2,0.0006305170239596647,0.00031525851197983235,0.0,0.0,0.0013095283647999167,0.0011935632792301476,0.0007614698604396563,0.0004346148399028471
SIAH2,2,0.0006305170239596647,0.00031525851197983235,0.0,0.0,0.0012906939955428243,0.001088332646759227,0.0007595864235139471,0.00042409177665575504
VNN3,2,0.0006305170239596647,0.00031525851197983235,0.0,0.0,0.0012882299488410354,0.0008551975915906951,0.0007593400188437682,0.0004007782711389018
APEX1,1,0.0006305170239596647,0.0006305170239596647,0.0,0.0,0.0012779120588675141,0.0012779120588675141,0.0007583082298464161,0.0007583082298464161
P2RY10,1,0.0006305170239596647,0.0006305170239596647,0.0,0.0,0.001277817995287478,0.001277817995287478,0.0007582988234884125,0.0007582988234884125
IFNGR2,1,0.0006305170239596647,0.0006305170239596647,0.0,0.0,0.0012755568604916334,0.0012755568604916334,0.000758072710008828,0.000758072710008828
AFG3L2,1,0.0006305170239596647,0.0006305170239596647,0.0,0.0,0.0012618460459634662,0.0012618460459634662,0.0007567016285560113,0.0007567016285560113
ABTB2,1,0.0006305170239596647,0.0006305170239596647,0.0,0.0,0.0012577230809256434,0.0012577230809256434,0.0007562893320522291,0.0007562893320522291
VCAN,2,0.0006305170239596647,0.00031525851197983235,0.0,0.0,0.001256731920875609,0.0008531802741345018,0.0007561902160472256,0.0004005765393932825
FRAT2,1,0.0006305170239596647,0.0006305170239596647,0.0,0.0,0.0012521690223366022,0.0012521690223366022,0.0007557339261933249,0.0007557339261933249
OPCML,1,0.0006305170239596647,0.0006305170239596647,0.0,0.0,0.0012339371023699641,0.0012339371023699641,0.0007539107341966611,0.0007539107341966611
TSC22D2,1,0.0006305170239596647,0.0006305170239596647,0.0,0.0,0.0012332273181527853,0.0012332273181527853,0.0007538397557749432,0.0007538397557749432
KIAA0040,2,0.0006305170239596647,0.00031525851197983235,0.0,0.0,0.0013812034158036113,0.001306613499764353,0.0007537193823321742,0.00044591986195626767
ABCG1,4,0.0006305170239596647,2.7755575615628914e-17,0.0,0.0,0.0012280088849365711,0.0008988078334368765,0.0007533179124533218,8.988078334371541e-05
NTRK2,1,0.0006305170239596647,0.0006305170239596647,0.0,0.0,0.0011914105853065848,0.0011914105853065848,0.0007496580824903232,0.0007496580824903232
TMEM144,4,0.0006305170239596647,0.00015762925598991617,0.0,0.0,0.0013772069942206144,0.0011873676849063486,0.0007492920610769671,0.000276366024480551
ANP32B,2,0.0006305170239596647,0.00031525851197983235,0.0,0.0,0.001183729968033731,0.0010216043738182634,0.0007488900207630378,0.0004174189493616587
C16ORF59,1,0.0006305170239596647,0.0006305170239596647,0.0,0.0,0.001180505845695734,0.001180505845695734,0.0007485676085292381,0.0007485676085292381
NPL,2,0.0006305170239596647,0.0006305170239596647,0.0,0.0,0.001175913494080305,0.001006705337204039,0.0007481083733676952,0.0007311875576800686
FCGR2A,4,0.0006305170239596647,0.00015762925598991617,0.0,0.0,0.0011714115971699357,0.0006489514562417753,0.0007476581836766583,0.00022252440161409372
FCGR2C,3,0.0006305170239596647,0.00021017234131988824,0.0,0.0,0.0011714115971699357,0.0006986902541636179,0.0007476581836766583,0.00028004136673625
ACTR8,1,0.0006305170239596647,0.0006305170239596647,0.0,0.0,0.0011713249841704965,0.0011713249841704965,0.0007476495223767143,0.0007476495223767143
IL10,1,0.0006305170239596647,0.0006305170239596647,0.0,0.0,0.001142445602454245,0.001142445602454245,0.0007447615842050892,0.0007447615842050892
1-Mar,1,0.0006305170239596647,0.0006305170239596647,0.0,0.0,0.001139249186962843,0.001139249186962843,0.0007444419426559489,0.0007444419426559489
PISD,4,0.0006305170239596647,0.00031525851197983235,0.0,0.0,0.0011366913095116615,0.0008551339997211471,0.0007441861549108309,0.0004007719119519471
IKBIP,2,0.0006305170239596647,0.00031525851197983235,0.0,0.0,0.001135554863139987,0.0008422522805631161,0.0007440725102736634,0.000399483740036144
ATG14,1,0.0006305170239596647,0.0006305170239596647,0.0,0.0,0.0011320245685055852,0.0011320245685055852,0.0007437194808102232,0.0007437194808102232
ACAP2,1,0.0006305170239596647,0.0006305170239596647,0.0,0.0,0.0011301218764856458,0.0011301218764856458,0.0007435292116082292,0.0007435292116082292
TMEM132A,1,0.0006305170239596647,0.0006305170239596647,0.0,0.0,0.0011298666941002011,0.0011298666941002011,0.0007435036933696848,0.0007435036933696848
NANOS1,1,0.0006305170239596647,0.0006305170239596647,0.0,0.0,0.0011238213628530502,0.0011238213628530502,0.0007428991602449697,0.0007428991602449697
RASSF2,3,0.0006305170239596647,0.00021017234131988824,0.0,0.0,0.0011211836244910955,0.0008730992364386717,0.0007426353864087743,0.0002974822649637554
MYO5B,1,0.0006305170239596647,0.0006305170239596647,0.0,0.0,0.001116231200285256,0.001116231200285256,0.0007421401439881903,0.0007421401439881903
LYPD2,1,0.0006305170239596647,0.0006305170239596647,0.0,0.0,0.0010998215293511748,0.0010998215293511748,0.0007404991768947822,0.0007404991768947822
SLC37A3,3,0.0006305170239596647,0.0004203446826397765,0.0,0.0,0.0010875742882490158,0.0007579795395334562,0.0007392744527845663,0.0004961426365931221
LOC100510707,1,0.0006305170239596647,0.0006305170239596647,0.0,0.0,0.0010829002130776644,0.0010829002130776644,0.0007388070452674312,0.0007388070452674312
LOC101060321,2,0.0006305170239596647,0.00031525851197983235,0.0,0.0,0.0010829002130776644,0.0007782374159432948,0.0007388070452674312,0.00039308225357416183
LOC101060351,2,0.0006305170239596647,0.00031525851197983235,0.0,0.0,0.0010829002130776644,0.0007782374159432948,0.0007388070452674312,0.00039308225357416183
LOC101060376,2,0.0006305170239596647,0.00031525851197983235,0.0,0.0,0.0010829002130776644,0.0007782374159432948,0.0007388070452674312,0.00039308225357416183
LOC101060389,2,0.0006305170239596647,0.00031525851197983235,0.0,0.0,0.0010829002130776644,0.0007782374159432948,0.0007388070452674312,0.00039308225357416183
LOC101060421,2,0.0006305170239596647,0.00031525851197983235,0.0,0.0,0.0010829002130776644,0.0007782374159432948,0.0007388070452674312,0.00039308225357416183
TBC1D3,2,0.0006305170239596647,0.00031525851197983235,0.0,0.0,0.0010829002130776644,0.0007782374159432948,0.0007388070452674312,0.00039308225357416183
TBC1D3B,2,0.0006305170239596647,0.00031525851197983235,0.0,0.0,0.0010829002130776644,0.0007782374159432948,0.0007388070452674312,0.00039308225357416183
TBC1D3C,2,0.0006305170239596647,0.00031525851197983235,0.0,0.0,0.0010829002130776644,0.0007782374159432948,0.0007388070452674312,0.00039308225357416183
TBC1D3F,2,0.0006305170239596647,0.00031525851197983235,0.0,0.0,0.0010829002130776644,0.0007782374159432948,0.0007388070452674312,0.00039308225357416183
TBC1D3G,2,0.0006305170239596647,0.00031525851197983235,0.0,0.0,0.0010829002130776644,0.0007782374159432948,0.0007388070452674312,0.00039308225357416183
TBC1D3H,2,0.0006305170239596647,0.00031525851197983235,0.0,0.0,0.0010829002130776644,0.0007782374159432948,0.0007388070452674312,0.00039308225357416183
PRG4*,1,0.0006305170239596647,0.0006305170239596647,0.0,0.0,0.0010708519257605076,0.0010708519257605076,0.0007376022165357154,0.0007376022165357154
TDP1,1,0.0006305170239596647,0.0006305170239596647,0.0,0.0,0.001069964375346899,0.001069964375346899,0.0007375134614943546,0.0007375134614943546
ABI2,1,0.0006305170239596647,0.0006305170239596647,0.0,0.0,0.0010645946022123098,0.0010645946022123098,0.0007369764841808957,0.0007369764841808957
RPH3A,1,0.0006305170239596647,0.0006305170239596647,0.0,0.0,0.0010555076878517866,0.0010555076878517866,0.0007360677927448434,0.0007360677927448434
TMCC3,1,0.0006305170239596647,0.0006305170239596647,0.0,0.0,0.0010547519195824862,0.0010547519195824862,0.0007359922159179133,0.0007359922159179133
TLDC1,2,0.0006305170239596647,-0.00031525851197977683,0.0,0.0,0.0012809790205210447,0.0011515427031554282,0.0007327276625386459,-0.00020010424166423403
INTS2,1,0.0006305170239596647,0.0006305170239596647,0.0,0.0,0.0010068622650578618,0.0010068622650578618,0.0007312032504654508,0.0007312032504654508
EIF3B,2,0.0006305170239596647,0.00031525851197983235,0.0,0.0,0.0009994427673518658,0.000802170397946611,0.0007304613006948512,0.00039547555177449345
CCDC115,1,0.0006305170239596647,0.0006305170239596647,0.0,0.0,0.0009907410712912679,0.0009907410712912679,0.0007295911310887914,0.0007295911310887914
ST3GAL4,3,0.0006305170239596647,0.00021017234131988824,0.0,0.0,0.0015582417836412787,0.00099707004847005,0.000729055969854353,0.0003098793461668932
B4GALT5,2,0.0006305170239596647,0.00031525851197983235,0.0,0.0,0.00097603042377159,0.0007627480372320861,0.0007281200663368237,0.000391533315703041
MEGF9,2,0.0006305170239596647,0.00031525851197983235,0.0,0.0,0.0009682114468887448,0.000827829644549638,0.0007273381686485392,0.00039804147643479615
MAPK13,2,0.0006305170239596647,0.00031525851197983235,0.0,0.0,0.0009650224819779396,0.0007581843819934875,0.0007270192721574587,0.00039107695017918107
ENTPD1,4,0.0006305170239596647,0.00015762925598991617,0.0,0.0,0.0010263711446896195,0.0008472780464217067,0.0007260355219426585,0.00024235706063208687
NIPAL4,1,0.0006305170239596647,0.0006305170239596647,0.0,0.0,0.0009499518782831728,0.0009499518782831728,0.000725512211787982,0.000725512211787982
PPFIA1,2,0.0006305170239596647,0.00031525851197983235,0.0,0.0,0.0009468279895372689,0.0006624874367844313,0.0007251998229133916,0.0003815072556582755
MSRB1,1,0.0006305170239596647,0.0006305170239596647,0.0,0.0,0.0009408894693478942,0.0009408894693478942,0.0007246059708944542,0.0007246059708944542
OSM,1,0.0006305170239596647,0.0006305170239596647,0.0,0.0,0.0009329334134235978,0.0009329334134235978,0.0007238103653020245,0.0007238103653020245
ACTR3,1,0.0006305170239596647,0.0006305170239596647,0.0,0.0,0.0009209045092575252,0.0009209045092575252,0.0007226074748854172,0.0007226074748854172
B4GALT3,1,0.0006305170239596647,0.0006305170239596647,0.0,0.0,0.0009194334852509201,0.0009194334852509201,0.0007224603724847567,0.0007224603724847567
LGSN,1,0.0006305170239596647,0.0006305170239596647,0.0,0.0,0.000906231056433171,0.000906231056433171,0.0007211401296029818,0.0007211401296029818
LILRB3,2,0.0006305170239596647,0.00031525851197983235,0.0,0.0,0.0009051731904037297,0.0007730482320766896,0.0007210343430000376,0.0003925633351875013
MID1,2,0.0006305170239596647,0.00031525851197983235,0.0,0.0,0.0012167039094492793,0.0010557970963418484,0.0007200060522831065,0.0004208382216140172
MGAM,2,0.0006305170239596647,0.00031525851197983235,0.0,0.0,0.0008863270049914718,0.0007279426499735564,0.0007191497244588118,0.00038805277697718794
TMEM159,1,0.0006305170239596647,0.0006305170239596647,0.0,0.0,0.0008802161901257932,0.0008802161901257932,0.000718538642972244,0.000718538642972244
ITM2C,3,0.0006305170239596647,0.00021017234131988824,0.0,0.0,0.0022521191276609898,0.0012588900281116366,0.0007184632465890628,0.0003360613441310519
ETV6,1,0.0006305170239596647,0.0006305170239596647,0.0,0.0,0.0008394398028030992,0.0008394398028030992,0.0007144610042399746,0.0007144610042399746
MAP2K4,1,0.0006305170239596647,0.0006305170239596647,0.0,0.0,0.0008382859523408115,0.0008382859523408115,0.0007143456191937459,0.0007143456191937459
HMGN2P46,1,0.0006305170239596647,0.0006305170239596647,0.0,0.0,0.0008336585015058517,0.0008336585015058517,0.0007138828741102499,0.0007138828741102499
HTATIP2,1,0.0006305170239596647,0.0006305170239596647,0.0,0.0,0.0008148759952746332,0.0008148759952746332,0.000712004623487128,0.000712004623487128
DOC2A,1,0.0006305170239596647,0.0006305170239596647,0.0,0.0,0.0007714582025073469,0.0007714582025073469,0.0007076628442103994,0.0007076628442103994
LPCAT2,1,0.0006305170239596647,0.0006305170239596647,0.0,0.0,0.0007599689997732639,0.0007599689997732639,0.0007065139239369911,0.0007065139239369911
WDR27,1,0.0006305170239596647,0.0006305170239596647,0.0,0.0,0.0007553852628916502,0.0007553852628916502,0.0007060555502488297,0.0007060555502488297
LOC254896,1,0.0006305170239596647,0.0006305170239596647,0.0,0.0,0.0007553716422989964,0.0007553716422989964,0.0007060541881895643,0.0007060541881895643
PSEN1,2,0.0006305170239596647,0.00031525851197983235,0.0,0.0,0.0009703218238428235,0.0008624470210634172,0.0007059742457880657,0.000401503214086174
GLO1,1,0.0006305170239596647,0.0006305170239596647,0.0,0.0,0.0007521210354752839,0.0007521210354752839,0.0007057291275071931,0.0007057291275071931
RBM18,1,0.0006305170239596647,0.0006305170239596647,0.0,0.0,0.0007386231445707381,0.0007386231445707381,0.0007043793384167385,0.0007043793384167385
C3ORF62,1,0.0006305170239596647,0.0006305170239596647,0.0,0.0,0.0007182489498518407,0.0007182489498518407,0.0007023419189448488,0.0007023419189448488
ZNF214,1,0.0006305170239596647,0.0006305170239596647,0.0,0.0,0.0007119302754290402,0.0007119302754290402,0.0007017100515025687,0.0007017100515025687
ZNF148,1,0.0006305170239596647,0.0006305170239596647,0.0,0.0,0.0007048033294267952,0.0007048033294267952,0.0007009973569023442,0.0007009973569023442
OFCC1,1,0.0006305170239596647,0.0006305170239596647,0.0,0.0,0.0006878559943288565,0.0006878559943288565,0.0006993026233925503,0.0006993026233925503
SLC9A8,2,0.0006305170239596647,0.00031525851197983235,0.0,0.0,0.0007933434681035578,0.000737440277589485,0.000698670732667206,0.00038900253973878085
ADK,1,0.0006305170239596647,0.0006305170239596647,0.0,0.0,0.0006702811806462705,0.0006702811806462705,0.0006975451420242918,0.0006975451420242918
MOCS1,1,0.0006305170239596647,0.0006305170239596647,0.0,0.0,0.0006336047663353384,0.0006336047663353384,0.0006938775005931985,0.0006938775005931985
AGPAT9,1,0.0006305170239596647,0.0006305170239596647,0.0,0.0,0.0006109140231274068,0.0006109140231274068,0.0006916084262724054,0.0006916084262724054
RNLS,1,0.0006305170239596647,0.0006305170239596647,0.0,0.0,0.0005883625708520412,0.0005883625708520412,0.0006893532810448688,0.0006893532810448688
GMIP,1,0.0006305170239596647,0.0006305170239596647,0.0,0.0,0.000554282742086798,0.000554282742086798,0.0006859452981683445,0.0006859452981683445
RAB7L1,1,0.0006305170239596647,0.0006305170239596647,0.0,0.0,0.0005508714239113033,0.0005508714239113033,0.000685604166350795,0.000685604166350795
HMCES,1,0.0006305170239596647,0.0006305170239596647,0.0,0.0,0.0005199052975513041,0.0005199052975513041,0.0006825075537147951,0.0006825075537147951
IFITM2,2,0.0006305170239596647,0.00031525851197983235,0.0,0.0,0.0005778499180451035,0.0005412705650087446,0.0006809861451569033,0.0003693855684807068
BCAS4,3,0.0006305170239596647,0.00021017234131988824,0.0,0.0,0.0010424335487186909,0.0006575769123931726,0.0006734407908464801,0.00027593003255920546
SMIM6,1,0.0,0.0,0.0,0.0,0.005197244230657816,0.005197244230657816,0.0005197244230657816,0.0005197244230657816
LOC100506257,1,0.0,0.0,0.0,0.0,0.00498373806476593,0.00498373806476593,0.0004983738064765931,0.0004983738064765931
NAF1,1,0.0,0.0,0.0,0.0,0.004921460524201393,0.004921460524201393,0.0004921460524201394,0.0004921460524201394
ZNF264,1,0.0,0.0,0.0,0.0,0.0047668274492025375,0.0047668274492025375,0.00047668274492025376,0.00047668274492025376
ATP10B,1,0.0,0.0,0.0,0.0,0.004645037464797497,0.004645037464797497,0.0004645037464797497,0.0004645037464797497
LOC284751,1,0.0,0.0,0.0,0.0,0.004249631427228451,0.004249631427228451,0.0004249631427228451,0.0004249631427228451
BAIAP2,1,0.0,0.0,0.0,0.0,0.004233397543430328,0.004233397543430328,0.00042333975434303287,0.00042333975434303287
PACSIN3,1,0.0,0.0,0.0,0.0,0.004229736980050802,0.004229736980050802,0.00042297369800508027,0.00042297369800508027
TLN2,1,0.0,0.0,0.0,0.0,0.004207864869385958,0.004207864869385958,0.0004207864869385958,0.0004207864869385958
COL13A1,3,0.0,-0.00021017234131985121,0.0,0.0,0.004110207315534353,0.0028696948817620673,0.00041102073155343535,7.679714685635553e-05
NEDD4L,1,0.0,0.0,0.0,0.0,0.004106277599930763,0.004106277599930763,0.00041062775999307634,0.00041062775999307634
GM2A,1,0.0,0.0,0.0,0.0,0.004035082645714283,0.004035082645714283,0.0004035082645714283,0.0004035082645714283
KIAA1644,1,0.0,0.0,0.0,0.0,0.003988906741142273,0.003988906741142273,0.00039889067411422733,0.00039889067411422733
C1QTNF9,1,0.0,0.0,0.0,0.0,0.003939024172723293,0.003939024172723293,0.00039390241727232933,0.00039390241727232933
C1QTNF9B,1,0.0,0.0,0.0,0.0,0.003939024172723293,0.003939024172723293,0.00039390241727232933,0.00039390241727232933
DDR2,1,0.0,0.0,0.0,0.0,0.0038465498946607113,0.0038465498946607113,0.00038465498946607115,0.00038465498946607115
ADPRH,1,0.0,0.0,0.0,0.0,0.0037523929495364428,0.0037523929495364428,0.0003752392949536443,0.0003752392949536443
NXPE2,1,0.0,0.0,0.0,0.0,0.0037512776907533407,0.0037512776907533407,0.00037512776907533407,0.00037512776907533407
PACSIN1,1,0.0,0.0,0.0,0.0,0.003731205128133297,0.003731205128133297,0.00037312051281332973,0.00037312051281332973
PRIMA1,1,0.0,0.0,0.0,0.0,0.0037135828752070665,0.0037135828752070665,0.0003713582875207067,0.0003713582875207067
ENSG00000229766,1,0.0,0.0,0.0,0.0,0.0035974259953945875,0.0035974259953945875,0.0003597425995394588,0.0003597425995394588
RICTOR,1,0.0,0.0,0.0,0.0,0.003541056765243411,0.003541056765243411,0.0003541056765243411,0.0003541056765243411
GDF5,1,0.0,0.0,0.0,0.0,0.003469651797786355,0.003469651797786355,0.0003469651797786355,0.0003469651797786355
ENTPD7,1,0.0,0.0,0.0,0.0,0.003426202805712819,0.003426202805712819,0.00034262028057128194,0.00034262028057128194
KREMEN1,2,0.0,0.0,0.0,0.0,0.0034183706156909466,0.0022939261398278177,0.00034183706156909466,0.00022939261398278177
CDK3,1,0.0,0.0,0.0,0.0,0.0034067512024194,0.0034067512024194,0.00034067512024194,0.00034067512024194
TEN1-CDK3,1,0.0,0.0,0.0,0.0,0.0034067512024194,0.0034067512024194,0.00034067512024194,0.00034067512024194
FIGLA,1,0.0,0.0,0.0,0.0,0.0033536050468683243,0.0033536050468683243,0.00033536050468683246,0.00033536050468683246
RHOBTB2,1,0.0,0.0,0.0,0.0,0.0032163101714104414,0.0032163101714104414,0.0003216310171410442,0.0003216310171410442
RAB23,1,0.0,0.0,0.0,0.0,0.0031724926084280014,0.0031724926084280014,0.0003172492608428002,0.0003172492608428002
PRKDC,2,0.0,0.0,0.0,0.0,0.003101093228906393,0.002081283484585583,0.00031010932289063934,0.00020812834845855834
TPPP3,1,0.0,0.0,0.0,0.0,0.0030953343957662582,0.0030953343957662582,0.0003095334395766258,0.0003095334395766258
MBOAT1,1,0.0,0.0,0.0,0.0,0.003035434288904071,0.003035434288904071,0.0003035434288904071,0.0003035434288904071
EPB41L2,2,0.0,0.0,0.0,0.0,0.0030333094764500856,0.002881190972402692,0.00030333094764500856,0.0002881190972402692
TAS2R3,1,0.0,0.0,0.0,0.0,0.0030302992090582848,0.0030302992090582848,0.0003030299209058285,0.0003030299209058285
CLN3,1,0.0,0.0,0.0,0.0,0.003029727842658758,0.003029727842658758,0.00030297278426587586,0.00030297278426587586
FKBP5,2,0.0,-0.00031525851197977683,0.0,0.0,0.003008590778335929,0.0028637952636927366,0.0003008590778335929,-2.8878985610503155e-05
ZNF326,2,0.0,0.0,0.0,0.0,0.002949381247162819,0.00233870605006814,0.0002949381247162819,0.00023387060500681402
ZNF705A,1,0.0,0.0,0.0,0.0,0.0029059096705168486,0.0029059096705168486,0.00029059096705168485,0.00029059096705168485
ZNF705B,1,0.0,0.0,0.0,0.0,0.0029059096705168486,0.0029059096705168486,0.00029059096705168485,0.00029059096705168485
ZNF705D,1,0.0,0.0,0.0,0.0,0.0029059096705168486,0.0029059096705168486,0.00029059096705168485,0.00029059096705168485
ZNF705E,1,0.0,0.0,0.0,0.0,0.0029059096705168486,0.0029059096705168486,0.00029059096705168485,0.00029059096705168485
FAR1,2,0.0,0.0,0.0,0.0,0.002897583646699786,0.0017042296822182834,0.0002897583646699786,0.00017042296822182833
TOR1AIP2,1,0.0,0.0,0.0,0.0,0.002883521607145667,0.002883521607145667,0.00028835216071456673,0.00028835216071456673
CDC42EP3,2,0.0,0.0,0.0,0.0,0.00284855836071074,0.0017271929536946118,0.000284855836071074,0.00017271929536946117
FBXO27,1,0.0,0.0,0.0,0.0,0.0027937781997025013,0.0027937781997025013,0.00027937781997025015,0.00027937781997025015
ICAM3,2,0.0,0.0,0.0,0.0,0.00279261008836329,0.0016880108742043376,0.000279261008836329,0.0001688010874204338
RPLP2,1,0.0,0.0,0.0,0.0,0.002790183061733842,0.002790183061733842,0.0002790183061733842,0.0002790183061733842
LINC00482,1,0.0,0.0,0.0,0.0,0.002786986529827118,0.002786986529827118,0.0002786986529827118,0.0002786986529827118
KDM5D,3,0.0,0.0,0.0,0.0,0.0027803736738860607,0.00246324324204276,0.0002780373673886061,0.000246324324204276
PHKG1,1,0.0,0.0,0.0,0.0,0.0027453408110886812,0.0027453408110886812,0.00027453408110886815,0.00027453408110886815
DECR1,1,0.0,0.0,0.0,0.0,0.0027332892641425133,0.0027332892641425133,0.00027332892641425134,0.00027332892641425134
ERG,1,0.0,0.0,0.0,0.0,0.00271751475520432,0.00271751475520432,0.000271751475520432,0.000271751475520432
OR10J5,1,0.0,0.0,0.0,0.0,0.0027025709860026836,0.0027025709860026836,0.0002702570986002684,0.0002702570986002684
TRMT10B,1,0.0,0.0,0.0,0.0,0.0026847049593925476,0.0026847049593925476,0.00026847049593925476,0.00026847049593925476
LOC101060457,1,0.0,0.0,0.0,0.0,0.0026520423125475645,0.0026520423125475645,0.00026520423125475645,0.00026520423125475645
LOC101060464,1,0.0,0.0,0.0,0.0,0.0026520423125475645,0.0026520423125475645,0.00026520423125475645,0.00026520423125475645
LOC101929858,1,0.0,0.0,0.0,0.0,0.0026520423125475645,0.0026520423125475645,0.00026520423125475645,0.00026520423125475645
LOC101930165,1,0.0,0.0,0.0,0.0,0.0026520423125475645,0.0026520423125475645,0.00026520423125475645,0.00026520423125475645
LOC101930171,1,0.0,0.0,0.0,0.0,0.0026520423125475645,0.0026520423125475645,0.00026520423125475645,0.00026520423125475645
TCEB3C,1,0.0,0.0,0.0,0.0,0.0026520423125475645,0.0026520423125475645,0.00026520423125475645,0.00026520423125475645
TCEB3CL,1,0.0,0.0,0.0,0.0,0.0026520423125475645,0.0026520423125475645,0.00026520423125475645,0.00026520423125475645
TCEB3CL2,1,0.0,0.0,0.0,0.0,0.0026520423125475645,0.0026520423125475645,0.00026520423125475645,0.00026520423125475645
FAM53C,2,0.0,0.0,0.0,0.0,0.0025817237328737974,0.0015294609329430386,0.0002581723732873798,0.0001529460932943039
CD46,4,0.0,-0.00015762925598991617,0.0,0.0,0.0025799579452723265,0.001690037657681387,0.00025799579452723265,1.1374509778222527e-05
CRB3,1,0.0,0.0,0.0,0.0,0.0025596516206860542,0.0025596516206860542,0.0002559651620686054,0.0002559651620686054
SEPHS2,1,0.0,0.0,0.0,0.0,0.002550233621150255,0.002550233621150255,0.0002550233621150255,0.0002550233621150255
KDELR2,2,0.0,0.0,0.0,0.0,0.0024863872677087784,0.002207873039878905,0.00024863872677087783,0.00022078730398789048
MSR1,2,0.0,0.0,0.0,0.0,0.002484868513420224,0.002215866814367473,0.00024848685134202245,0.00022158668143674732
ANXA3,2,0.0,0.0,0.0,0.0,0.0024813879281282425,0.002101150923408568,0.00024813879281282425,0.00021011509234085678
TCAIM,1,0.0,0.0,0.0,0.0,0.0024744390975683928,0.0024744390975683928,0.0002474439097568393,0.0002474439097568393
OR5M3,1,0.0,0.0,0.0,0.0,0.0024645174853503704,0.0024645174853503704,0.00024645174853503703,0.00024645174853503703
OSBPL2,3,0.0,0.0,0.0,0.0,0.0024213625583797693,0.0014519883940617244,0.00024213625583797694,0.00014519883940617245
CNN2,1,0.0,0.0,0.0,0.0,0.0023913676850497723,0.0023913676850497723,0.00023913676850497725,0.00023913676850497725
CPEB4,1,0.0,0.0,0.0,0.0,0.0023880209773778915,0.0023880209773778915,0.00023880209773778917,0.00023880209773778917
BANF1,4,0.0,0.0,0.0,0.0,0.002382405800744891,0.001141219778219238,0.00023824058007448912,0.00011412197782192379
MXD3,3,0.0,0.0,0.0,0.0,0.0023800991475582123,0.0018976503245842953,0.00023800991475582124,0.00018976503245842955
USP35,1,0.0,0.0,0.0,0.0,0.002364163054153323,0.002364163054153323,0.00023641630541533233,0.00023641630541533233
MPP6,1,0.0,0.0,0.0,0.0,0.0023508002050220966,0.0023508002050220966,0.00023508002050220966,0.00023508002050220966
IFT74,1,0.0,0.0,0.0,0.0,0.002339879283681512,0.002339879283681512,0.0002339879283681512,0.0002339879283681512
INTS6,4,0.0,0.0,0.0,0.0,0.002336820587515831,0.0010963205277221277,0.0002336820587515831,0.00010963205277221278
XRCC5,1,0.0,0.0,0.0,0.0,0.002325393259525299,0.002325393259525299,0.00023253932595252992,0.00023253932595252992
PRDM1,1,0.0,0.0,0.0,0.0,0.002314879558980465,0.002314879558980465,0.0002314879558980465,0.0002314879558980465
NEUROD2,1,0.0,0.0,0.0,0.0,0.002307865070179105,0.002307865070179105,0.00023078650701791048,0.00023078650701791048
FASTKD5,1,0.0,0.0,0.0,0.0,0.0022951760329306126,0.0022951760329306126,0.00022951760329306128,0.00022951760329306128
SLC38A2,1,0.0,0.0,0.0,0.0,0.0022924833465367556,0.0022924833465367556,0.00022924833465367558,0.00022924833465367558
IGF2,2,0.0,-0.00031525851197977683,0.0,0.0,0.002996267518028617,0.0026423005620017648,0.00022883336059749128,-5.102845577960034e-05
INS-IGF2,2,0.0,-0.00031525851197977683,0.0,0.0,0.002996267518028617,0.0026423005620017648,0.00022883336059749128,-5.102845577960034e-05
FLT3,1,0.0,0.0,0.0,0.0,0.002284914255142212,0.002284914255142212,0.0002284914255142212,0.0002284914255142212
C3,1,0.0,0.0,0.0,0.0,0.0022720969282090664,0.0022720969282090664,0.00022720969282090666,0.00022720969282090666
KIAA1432,1,0.0,0.0,0.0,0.0,0.002256703795865178,0.002256703795865178,0.00022567037958651782,0.00022567037958651782
GDPD1,1,0.0,0.0,0.0,0.0,0.0022073090076446533,0.0022073090076446533,0.00022073090076446533,0.00022073090076446533
CXORF22,1,0.0,0.0,0.0,0.0,0.0021956637501716614,0.0021956637501716614,0.00021956637501716614,0.00021956637501716614
SORCS1,2,0.0,0.0,0.0,0.0,0.0021649000700563192,0.0013735505053773522,0.00021649000700563192,0.0001373550505377352
ADAT2,1,0.0,0.0,0.0,0.0,0.0021648649126291275,0.0021648649126291275,0.00021648649126291276,0.00021648649126291276
GH1,1,0.0,0.0,0.0,0.0,0.002162501448765397,0.002162501448765397,0.00021625014487653972,0.00021625014487653972
ADAMTS20,1,0.0,0.0,0.0,0.0,0.0021624986547976732,0.0021624986547976732,0.00021624986547976734,0.00021624986547976734
OXER1,1,0.0,0.0,0.0,0.0,0.0021586718503385782,0.0021586718503385782,0.00021586718503385782,0.00021586718503385782
IFNA21,1,0.0,0.0,0.0,0.0,0.0021535372361540794,0.0021535372361540794,0.00021535372361540796,0.00021535372361540796
ALX3,1,0.0,0.0,0.0,0.0,0.0021485548932105303,0.0021485548932105303,0.00021485548932105304,0.00021485548932105304
CNOT8,2,0.0,0.0,0.0,0.0,0.002144753700122237,0.0015100179589353502,0.00021447537001222374,0.00015100179589353502
SSH2,1,0.0,0.0,0.0,0.0,0.0021432284265756607,0.0021432284265756607,0.0002143228426575661,0.0002143228426575661
INSC,1,0.0,0.0,0.0,0.0,0.0021240771748125553,0.0021240771748125553,0.00021240771748125555,0.00021240771748125555
PATL1,2,0.0,0.0,0.0,0.0,0.002118620090186596,0.00137679697945714,0.0002118620090186596,0.000137679697945714
ZNF703,2,0.0,0.0,0.0,0.0,0.002114567207172513,0.002081618062220514,0.00021145672071725132,0.00020816180622205141
RAD23B,2,0.0,0.0,0.0,0.0,0.0021121990866959095,0.0019519595080055296,0.00021121990866959097,0.00019519595080055299
ABRA,1,0.0,0.0,0.0,0.0,0.0021005014423280954,0.0021005014423280954,0.00021005014423280954,0.00021005014423280954
PHF23,1,0.0,0.0,0.0,0.0,0.0020907986909151077,0.0020907986909151077,0.0002090798690915108,0.0002090798690915108
KIT,1,0.0,0.0,0.0,0.0,0.002079369267448783,0.002079369267448783,0.0002079369267448783,0.0002079369267448783
SNED1,1,0.0,0.0,0.0,0.0,0.002055447082966566,0.002055447082966566,0.00020554470829665662,0.00020554470829665662
CARTPT,1,0.0,0.0,0.0,0.0,0.002047710819169879,0.002047710819169879,0.00020477108191698792,0.00020477108191698792
ENOX2,1,0.0,0.0,0.0,0.0,0.0020302319899201393,0.0020302319899201393,0.00020302319899201393,0.00020302319899201393
BCL10,1,0.0,0.0,0.0,0.0,0.0020187306217849255,0.0020187306217849255,0.00020187306217849256,0.00020187306217849256
COL10A1,1,0.0,0.0,0.0,0.0,0.002014709869399667,0.002014709869399667,0.0002014709869399667,0.0002014709869399667
CCRN4L,1,0.0,0.0,0.0,0.0,0.0019899855833500624,0.0019899855833500624,0.00019899855833500625,0.00019899855833500625
PLIN4,1,0.0,0.0,0.0,0.0,0.0019871185068041086,0.0019871185068041086,0.00019871185068041087,0.00019871185068041087
MPZL3,1,0.0,0.0,0.0,0.0,0.0019858067389577627,0.0019858067389577627,0.00019858067389577627,0.00019858067389577627
OR14C36,1,0.0,0.0,0.0,0.0,0.0019856528379023075,0.0019856528379023075,0.00019856528379023076,0.00019856528379023076
NSMAF,1,0.0,0.0,0.0,0.0,0.001982045592740178,0.001982045592740178,0.00019820455927401783,0.00019820455927401783
CPPED1,1,0.0,0.0,0.0,0.0,0.0019702562130987644,0.0019702562130987644,0.00019702562130987646,0.00019702562130987646
COL1A2,1,0.0,0.0,0.0,0.0,0.0019672648049890995,0.0019672648049890995,0.00019672648049890996,0.00019672648049890996
KIF1B,2,0.0,0.0,0.0,0.0,0.0019365795888006687,0.0012602861388586462,0.0001936579588800669,0.00012602861388586462
USP21,1,0.0,0.0,0.0,0.0,0.001927810488268733,0.001927810488268733,0.0001927810488268733,0.0001927810488268733
BTN3A2,3,0.0,0.0,0.0,0.0,0.0019233283819630742,0.0016303667798638344,0.00019233283819630742,0.00016303667798638345
LOC101928771,1,0.0,0.0,0.0,0.0,0.0019233283819630742,0.0019233283819630742,0.00019233283819630742,0.00019233283819630742
C16ORF72,1,0.0,0.0,0.0,0.0,0.0019130731234326959,0.0019130731234326959,0.0001913073123432696,0.0001913073123432696
RAP1A,1,0.0,0.0,0.0,0.0,0.0019113937160000205,0.0019113937160000205,0.00019113937160000207,0.00019113937160000207
RET,1,0.0,0.0,0.0,0.0,0.0019035611767321825,0.0019035611767321825,0.00019035611767321826,0.00019035611767321826
KIAA1191,1,0.0,0.0,0.0,0.0,0.0018950875382870436,0.0018950875382870436,0.00018950875382870436,0.00018950875382870436
BNIP1,1,0.0,0.0,0.0,0.0,0.0018852526554837823,0.0018852526554837823,0.00018852526554837825,0.00018852526554837825
TRIM25,2,0.0,0.0,0.0,0.0,0.0018595530418679118,0.0017213222454302013,0.0001859553041867912,0.00017213222454302016
STX1A,1,0.0,0.0,0.0,0.0,0.0018423247383907437,0.0018423247383907437,0.0001842324738390744,0.0001842324738390744
SNORA18,1,0.0,0.0,0.0,0.0,0.0018414418445900083,0.0018414418445900083,0.00018414418445900083,0.00018414418445900083
TAF1D,1,0.0,0.0,0.0,0.0,0.0018414418445900083,0.0018414418445900083,0.00018414418445900083,0.00018414418445900083
PRL,1,0.0,0.0,0.0,0.0,0.0018410468474030495,0.0018410468474030495,0.00018410468474030497,0.00018410468474030497
IRF5,1,0.0,0.0,0.0,0.0,0.0018322326941415668,0.0018322326941415668,0.0001832232694141567,0.0001832232694141567
SLC8A1,1,0.0,0.0,0.0,0.0,0.0018236953765153885,0.0018236953765153885,0.00018236953765153887,0.00018236953765153887
CDH26,1,0.0,0.0,0.0,0.0,0.0018202494829893112,0.0018202494829893112,0.00018202494829893114,0.00018202494829893114
JAZF1,1,0.0,0.0,0.0,0.0,0.0018154325662180781,0.0018154325662180781,0.00018154325662180784,0.00018154325662180784
ZNF440,1,0.0,0.0,0.0,0.0,0.0018121633911505342,0.0018121633911505342,0.00018121633911505342,0.00018121633911505342
NUMB,4,0.0,0.0,0.0,0.0,0.0018097837455570698,0.0009813928336370736,0.000180978374555707,9.813928336370738e-05
RPS6KL1,1,0.0,0.0,0.0,0.0,0.0017968913307413459,0.0017968913307413459,0.0001796891330741346,0.0001796891330741346
C17ORF82,1,0.0,0.0,0.0,0.0,0.001779212849214673,0.001779212849214673,0.00017792128492146733,0.00017792128492146733
EIF1AY,1,0.0,0.0,0.0,0.0,0.0017791836289688945,0.0017791836289688945,0.00017791836289688946,0.00017791836289688946
TTC26,1,0.0,0.0,0.0,0.0,0.0017668604850769043,0.0017668604850769043,0.00017668604850769044,0.00017668604850769044
VCPIP1,1,0.0,0.0,0.0,0.0,0.0017549152253195643,0.0017549152253195643,0.00017549152253195646,0.00017549152253195646
NXF5,1,0.0,0.0,0.0,0.0,0.001748664304614067,0.001748664304614067,0.00017486643046140673,0.00017486643046140673
PRKCB,1,0.0,0.0,0.0,0.0,0.0017444519326090813,0.0017444519326090813,0.00017444519326090813,0.00017444519326090813
HBG2,4,0.0,0.0,0.0,0.0,0.0017442121170461178,0.0011884297709912062,0.00017442121170461178,0.00011884297709912063
CREB5,4,0.0,0.0,0.0,0.0,0.0017380618955940008,0.00114397045399528,0.0001738061895594001,0.000114397045399528
ZRANB3,1,0.0,0.0,0.0,0.0,0.0017374613089486957,0.0017374613089486957,0.00017374613089486958,0.00017374613089486958
KCNE1,1,0.0,0.0,0.0,0.0,0.0017306251684203744,0.0017306251684203744,0.00017306251684203746,0.00017306251684203746
SUGP1,1,0.0,0.0,0.0,0.0,0.0017292776610702276,0.0017292776610702276,0.00017292776610702278,0.00017292776610702278
CSF1R,2,0.0,-0.00031525851197977683,0.0,0.0,0.002607612404972315,0.002157412876840681,0.0001707213348709047,-9.951722429570875e-05
PCDHB6,1,0.0,0.0,0.0,0.0,0.0017043722327798605,0.0017043722327798605,0.00017043722327798606,0.00017043722327798606
ENSG00000203761,1,0.0,0.0,0.0,0.0,0.00169828359503299,0.00169828359503299,0.000169828359503299,0.000169828359503299
MSTO1,1,0.0,0.0,0.0,0.0,0.00169828359503299,0.00169828359503299,0.000169828359503299,0.000169828359503299
DCAF6,4,0.0,0.0,0.0,0.0,0.0016934381565079093,0.0012203176302136853,0.00016934381565079094,0.00012203176302136854
SNAP25,1,0.0,0.0,0.0,0.0,0.0016891665291041136,0.0016891665291041136,0.00016891665291041136,0.00016891665291041136
PCNX,1,0.0,0.0,0.0,0.0,0.0016876325244084,0.0016876325244084,0.00016876325244084,0.00016876325244084
GTF2H2,1,0.0,0.0,0.0,0.0,0.0016872939886525273,0.0016872939886525273,0.00016872939886525273,0.00016872939886525273
GTF2H2B,1,0.0,0.0,0.0,0.0,0.0016872939886525273,0.0016872939886525273,0.00016872939886525273,0.00016872939886525273
GTF2H2C,1,0.0,0.0,0.0,0.0,0.0016872939886525273,0.0016872939886525273,0.00016872939886525273,0.00016872939886525273
GTF2H2D,1,0.0,0.0,0.0,0.0,0.0016872939886525273,0.0016872939886525273,0.00016872939886525273,0.00016872939886525273
ABHD12B,2,0.0,-0.0006305170239596647,0.0,0.0,0.0023610168136656284,0.002023967681452632,0.00016869185492396355,-0.0004281202558144015
DLC1,1,0.0,0.0,0.0,0.0,0.0016812370158731937,0.0016812370158731937,0.00016812370158731938,0.00016812370158731938
LOC81691,1,0.0,0.0,0.0,0.0,0.001673117745667696,0.001673117745667696,0.00016731177456676962,0.00016731177456676962
CCDC176,1,0.0,0.0,0.0,0.0,0.001658006338402629,0.001658006338402629,0.0001658006338402629,0.0001658006338402629
USP40,1,0.0,0.0,0.0,0.0,0.0016569707076996565,0.0016569707076996565,0.00016569707076996565,0.00016569707076996565
FNDC3B,2,0.0,0.0,0.0,0.0,0.001653217594139278,0.001311466417973861,0.0001653217594139278,0.00013114664179738613
AHCTF1,1,0.0,0.0,0.0,0.0,0.00165025785099715,0.00165025785099715,0.00016502578509971502,0.00016502578509971502
ASB2,1,0.0,0.0,0.0,0.0,0.0016324309399351478,0.0016324309399351478,0.00016324309399351478,0.00016324309399351478
PALMD,2,0.0,0.0,0.0,0.0,0.0016249523032456636,0.0014738941681571305,0.00016249523032456638,0.00014738941681571307
RNF166,2,0.0,0.0,0.0,0.0,0.001622676500119269,0.001214234041981399,0.0001622676500119269,0.00012142340419813992
OR4N2,1,0.0,0.0,0.0,0.0,0.001621575909666717,0.001621575909666717,0.00016215759096667172,0.00016215759096667172
CKAP4,2,0.0,0.0,0.0,0.0,0.0016212023328989744,0.0011483688722364604,0.00016212023328989746,0.00011483688722364606
RNF13,1,0.0,0.0,0.0,0.0,0.001621154136955738,0.001621154136955738,0.0001621154136955738,0.0001621154136955738
KCNJ2,1,0.0,0.0,0.0,0.0,0.0016182403778657317,0.0016182403778657317,0.0001618240377865732,0.0001618240377865732
WDR49,1,0.0,0.0,0.0,0.0,0.001611574669368565,0.001611574669368565,0.00016115746693685652,0.00016115746693685652
DCAF4L1,1,0.0,0.0,0.0,0.0,0.0015865647001191974,0.0015865647001191974,0.00015865647001191976,0.00015865647001191976
CYP4F2,4,0.0,0.0,0.0,0.0,0.00157128123100847,0.0007936943147797137,0.000157128123100847,7.936943147797137e-05
FRMD4A,1,0.0,0.0,0.0,0.0,0.0015631725545972586,0.0015631725545972586,0.00015631725545972586,0.00015631725545972586
NFE4,1,0.0,0.0,0.0,0.0,0.001560661825351417,0.001560661825351417,0.0001560661825351417,0.0001560661825351417
HAL,3,0.0,0.0,0.0,0.0,0.0015600795159116387,0.0013969405554234982,0.00015600795159116388,0.00013969405554234982
DDI2,1,0.0,0.0,0.0,0.0,0.001557256793603301,0.001557256793603301,0.00015572567936033012,0.00015572567936033012
RSC1A1,1,0.0,0.0,0.0,0.0,0.001557256793603301,0.001557256793603301,0.00015572567936033012,0.00015572567936033012
XPO4,1,0.0,0.0,0.0,0.0,0.0015446444740518928,0.0015446444740518928,0.00015446444740518928,0.00015446444740518928
NDEL1,1,0.0,0.0,0.0,0.0,0.0015268964925780892,0.0015268964925780892,0.00015268964925780893,0.00015268964925780893
ROPN1L,1,0.0,0.0,0.0,0.0,0.0015268485294654965,0.0015268485294654965,0.00015268485294654967,0.00015268485294654967
MCTP2,3,0.0,0.0,0.0,0.0,0.0015255867037922144,0.0011318336279752355,0.00015255867037922144,0.00011318336279752353
NR5A2,1,0.0,0.0,0.0,0.0,0.0015210574492812157,0.0015210574492812157,0.00015210574492812158,0.00015210574492812158
CDCA7L,1,0.0,0.0,0.0,0.0,0.0015163226053118706,0.0015163226053118706,0.00015163226053118708,0.00015163226053118708
CD55,1,0.0,0.0,0.0,0.0,0.0015156305162236094,0.0015156305162236094,0.00015156305162236097,0.00015156305162236097
PPP1R12B,1,0.0,0.0,0.0,0.0,0.0015140905743464828,0.0015140905743464828,0.0001514090574346483,0.0001514090574346483
CLEC4E,2,0.0,0.0,0.0,0.0,0.0015140651958063245,0.0010657754901330918,0.00015140651958063246,0.00010657754901330919
RAB30,1,0.0,0.0,0.0,0.0,0.0015123352641239762,0.0015123352641239762,0.00015123352641239763,0.00015123352641239763
FZD4,1,0.0,0.0,0.0,0.0,0.0015069689834490418,0.0015069689834490418,0.00015069689834490418,0.00015069689834490418
GSR,1,0.0,0.0,0.0,0.0,0.0015059862053021789,0.0015059862053021789,0.0001505986205302179,0.0001505986205302179
TNS1,3,0.0,0.0,0.0,0.0,0.0015018472913652658,0.0007778106761785845,0.00015018472913652658,7.778106761785845e-05
KIF3C,2,0.0,0.0,0.0,0.0,0.001500844955444336,0.001268717460334301,0.0001500844955444336,0.0001268717460334301
FAM178A,1,0.0,0.0,0.0,0.0,0.0015001706779003143,0.0015001706779003143,0.00015001706779003144,0.00015001706779003144
TRIM58,2,0.0,0.0,0.0,0.0,0.0015000420389696956,0.0009963439079001546,0.00015000420389696956,9.963439079001546e-05
LYPD5,1,0.0,0.0,0.0,0.0,0.0014987923204898834,0.0014987923204898834,0.00014987923204898835,0.00014987923204898835
TRMT112,1,0.0,0.0,0.0,0.0,0.0014950636541470885,0.0014950636541470885,0.00014950636541470887,0.00014950636541470887
BTN3A1,2,0.0,0.0,0.0,0.0,0.0014939993852749467,0.0014838859788142145,0.0001493999385274947,0.00014838859788142146
TBC1D13,1,0.0,0.0,0.0,0.0,0.0014905727002769709,0.0014905727002769709,0.0001490572700276971,0.0001490572700276971
RBMS2,1,0.0,0.0,0.0,0.0,0.001487536821514368,0.001487536821514368,0.00014875368215143682,0.00014875368215143682
ST3GAL1,1,0.0,0.0,0.0,0.0,0.0014813494635745883,0.0014813494635745883,0.00014813494635745883,0.00014813494635745883
ASPH,4,0.0,0.0,0.0,0.0,0.0014756801538169384,0.0008619043219368905,0.00014756801538169385,8.619043219368905e-05
CDKN1C,3,0.0,0.0,0.0,0.0,0.0014730385737493634,0.0010087804985232651,0.00014730385737493634,0.00010087804985232652
TRPC3,1,0.0,0.0,0.0,0.0,0.001461047912016511,0.001461047912016511,0.0001461047912016511,0.0001461047912016511
FBXO10,1,0.0,0.0,0.0,0.0,0.0014583291485905647,0.0014583291485905647,0.00014583291485905647,0.00014583291485905647
MYBPC3,1,0.0,0.0,0.0,0.0,0.0014582457952201366,0.0014582457952201366,0.00014582457952201368,0.00014582457952201368
ETV1,1,0.0,0.0,0.0,0.0,0.0014580455608665943,0.0014580455608665943,0.00014580455608665944,0.00014580455608665944
CELF2,2,0.0,0.0,0.0,0.0,0.00145714171230793,0.0009707804128993303,0.000145714171230793,9.707804128993303e-05
RFPL2,1,0.0,0.0,0.0,0.0,0.0014551529893651605,0.0014551529893651605,0.00014551529893651606,0.00014551529893651606
RFPL3,1,0.0,0.0,0.0,0.0,0.0014551529893651605,0.0014551529893651605,0.00014551529893651606,0.00014551529893651606
CLIC1,2,0.0,0.0,0.0,0.0,0.0014528253814205527,0.0012841502903029323,0.00014528253814205527,0.00012841502903029322
PHF21A,2,0.0,0.0,0.0,0.0,0.0014526622835546732,0.0013573195319622755,0.00014526622835546734,0.00013573195319622756
SLMAP,1,0.0,0.0,0.0,0.0,0.0014502645935863256,0.0014502645935863256,0.00014502645935863257,0.00014502645935863257
ZNF438,1,0.0,0.0,0.0,0.0,0.0014499397948384285,0.0014499397948384285,0.00014499397948384286,0.00014499397948384286
TNFRSF9,1,0.0,0.0,0.0,0.0,0.0014451207825914025,0.0014451207825914025,0.00014451207825914026,0.00014451207825914026
C14ORF159,1,0.0,0.0,0.0,0.0,0.0014450466260313988,0.0014450466260313988,0.0001445046626031399,0.0001445046626031399
PMEPA1,1,0.0,0.0,0.0,0.0,0.0014421397354453802,0.0014421397354453802,0.00014421397354453803,0.00014421397354453803
FPR1,2,0.0,0.0,0.0,0.0,0.0014418642967939377,0.0009375927184009925,0.00014418642967939377,9.375927184009924e-05
CR1,3,0.0,0.0,0.0,0.0,0.0014385994290933013,0.0011412464470292132,0.00014385994290933013,0.00011412464470292132
CR1L,1,0.0,0.0,0.0,0.0,0.0014385994290933013,0.0014385994290933013,0.00014385994290933013,0.00014385994290933013
ACPL2,3,0.0,-0.00021017234131985121,0.0,0.0,0.0016255087684839964,0.0012231953830147784,0.00014374173479154707,-8.785280301837338e-05
C9ORF3,1,0.0,0.0,0.0,0.0,0.0014358138432726264,0.0014358138432726264,0.00014358138432726263,0.00014358138432726263
STXBP5,1,0.0,0.0,0.0,0.0,0.0014352734433487058,0.0014352734433487058,0.00014352734433487058,0.00014352734433487058
PTPN12,2,0.0,0.0,0.0,0.0,0.0014302694471552968,0.0012361551052890718,0.0001430269447155297,0.0001236155105289072
ODF3L2,1,0.0,0.0,0.0,0.0,0.0014251103857532144,0.0014251103857532144,0.00014251103857532144,0.00014251103857532144
ARL17B,2,0.0,-0.00031525851197977683,0.0,0.0,0.002104284008964896,0.0017585097812116146,0.0001412735553458333,-0.00013940753385861536
ABCB4,1,0.0,0.0,0.0,0.0,0.0014109481126070023,0.0014109481126070023,0.00014109481126070022,0.00014109481126070022
KCNH7,1,0.0,0.0,0.0,0.0,0.001410527154803276,0.001410527154803276,0.00014105271548032762,0.00014105271548032762
AQP8,1,0.0,0.0,0.0,0.0,0.0013991055311635137,0.0013991055311635137,0.00013991055311635137,0.00013991055311635137
MYD88,1,0.0,0.0,0.0,0.0,0.0013955585891380906,0.0013955585891380906,0.00013955585891380906,0.00013955585891380906
FILIP1,1,0.0,0.0,0.0,0.0,0.0013949363492429256,0.0013949363492429256,0.00013949363492429256,0.00013949363492429256
PCMTD2,1,0.0,0.0,0.0,0.0,0.0013859811006113887,0.0013859811006113887,0.00013859811006113886,0.00013859811006113886
FAM101B,2,0.0,0.0,0.0,0.0,0.0013745561009272933,0.0011439449444878846,0.00013745561009272932,0.00011439449444878846
ITCH,2,0.0,0.0,0.0,0.0,0.001374090206809342,0.0010994103795383126,0.0001374090206809342,0.00010994103795383125
ABL1,1,0.0,0.0,0.0,0.0,0.0013736890396103263,0.0013736890396103263,0.00013736890396103265,0.00013736890396103265
GPR20,1,0.0,0.0,0.0,0.0,0.0013713552616536617,0.0013713552616536617,0.00013713552616536617,0.00013713552616536617
CDK1,1,0.0,0.0,0.0,0.0,0.001364929717965424,0.001364929717965424,0.0001364929717965424,0.0001364929717965424
PSMF1,3,0.0,0.0,0.0,0.0,0.0013628335436806083,0.0008751301211304963,0.00013628335436806084,8.751301211304965e-05
KIAA0020,1,0.0,0.0,0.0,0.0,0.0013619072269648314,0.0013619072269648314,0.00013619072269648315,0.00013619072269648315
QPCT,2,0.0,-0.00031525851197977683,0.0,0.0,0.0013586153509095311,0.0012568836682476103,0.0001358615350909531,-0.0001895701451550158
PHF10,1,0.0,0.0,0.0,0.0,0.001354245119728148,0.001354245119728148,0.0001354245119728148,0.0001354245119728148
TAF1C,1,0.0,0.0,0.0,0.0,0.0013514867750927806,0.0013514867750927806,0.00013514867750927806,0.00013514867750927806
YTHDF3,1,0.0,0.0,0.0,0.0,0.0013507618568837643,0.0013507618568837643,0.00013507618568837644,0.00013507618568837644
POMT1,1,0.0,0.0,0.0,0.0,0.001348363235592842,0.001348363235592842,0.0001348363235592842,0.0001348363235592842
TMTC1,1,0.0,0.0,0.0,0.0,0.00134530127979815,0.00134530127979815,0.000134530127979815,0.000134530127979815
PPM1K,1,0.0,0.0,0.0,0.0,0.001343269133940339,0.001343269133940339,0.00013432691339403393,0.00013432691339403393
PXDNL,1,0.0,0.0,0.0,0.0,0.0013411862310022116,0.0013411862310022116,0.00013411862310022115,0.00013411862310022115
BCL11A,2,0.0,0.0,0.0,0.0,0.001338454196229577,0.0010352919343858957,0.00013384541962295772,0.00010352919343858957
CFLAR,7,0.0,0.0,0.0,0.0,0.001337881782092154,0.0006960541275995118,0.0001337881782092154,6.960541275995119e-05
NCF1B,2,0.0,0.0,0.0,0.0,0.001337177585810423,0.0009940759046003222,0.0001337177585810423,9.940759046003222e-05
FAM129C,4,0.0,0.0,0.0,0.0,0.0013369942316785455,0.0008341241991729476,0.00013369942316785455,8.341241991729476e-05
CYP2F1,1,0.0,0.0,0.0,0.0,0.00133155204821378,0.00133155204821378,0.000133155204821378,0.000133155204821378
ALPK1,2,0.0,0.0,0.0,0.0,0.0013300867285579443,0.0009427726326975971,0.00013300867285579444,9.427726326975972e-05
SPG20,1,0.0,0.0,0.0,0.0,0.0013257547980174422,0.0013257547980174422,0.00013257547980174422,0.00013257547980174422
SVIL,6,0.0,0.0,0.0,0.0,0.0013251822674646974,0.0007868706355414664,0.00013251822674646975,7.868706355414663e-05
IL1R2,1,0.0,0.0,0.0,0.0,0.0013234211364760995,0.0013234211364760995,0.00013234211364760996,0.00013234211364760996
CYP4F3,7,0.0,0.0,0.0,0.0,0.0013199459062889218,0.0006116476392240397,0.0001319945906288922,6.116476392240397e-05
ARFGAP3,1,0.0,0.0,0.0,0.0,0.001313959015533328,0.001313959015533328,0.0001313959015533328,0.0001313959015533328
RPA3-AS1,1,0.0,0.0,0.0,0.0,0.001309579354710877,0.001309579354710877,0.0001309579354710877,0.0001309579354710877
MPP7,1,0.0,0.0,0.0,0.0,0.001308585167862475,0.001308585167862475,0.0001308585167862475,0.0001308585167862475
RFPL4B,1,0.0,0.0,0.0,0.0,0.001305649522691965,0.001305649522691965,0.00013056495226919653,0.00013056495226919653
CLCN2,1,0.0,0.0,0.0,0.0,0.001305597834289074,0.001305597834289074,0.0001305597834289074,0.0001305597834289074
MT1JP,1,0.0,0.0,0.0,0.0,0.001304842415265739,0.001304842415265739,0.0001304842415265739,0.0001304842415265739
MT1M,1,0.0,0.0,0.0,0.0,0.001304842415265739,0.001304842415265739,0.0001304842415265739,0.0001304842415265739
CASP4,6,0.0,0.0,0.0,0.0,0.001303794444538653,0.0006855041768479472,0.0001303794444538653,6.855041768479472e-05
NHSL1,1,0.0,0.0,0.0,0.0,0.0013023619540035725,0.0013023619540035725,0.00013023619540035726,0.00013023619540035726
STGC3*,1,0.0,0.0,0.0,0.0,0.0013005229411646724,0.0013005229411646724,0.00013005229411646723,0.00013005229411646723
ERGIC1,1,0.0,0.0,0.0,0.0,0.001298472168855369,0.001298472168855369,0.00012984721688553692,0.00012984721688553692
MDM2,2,0.0,0.0,0.0,0.0,0.0012972363037988544,0.0008619504806119949,0.00012972363037988544,8.619504806119948e-05
LIPM,1,0.0,0.0,0.0,0.0,0.0012966172071173787,0.0012966172071173787,0.00012966172071173787,0.00012966172071173787
FBXL13,2,0.0,0.0,0.0,0.0,0.0012961170868948102,0.0008650243107695132,0.00012961170868948103,8.650243107695134e-05
CCDC126,1,0.0,0.0,0.0,0.0,0.0012924008769914508,0.0012924008769914508,0.0001292400876991451,0.0001292400876991451
CDKL2,1,0.0,0.0,0.0,0.0,0.0012916040141135454,0.0012916040141135454,0.00012916040141135456,0.00012916040141135456
RNF125,1,0.0,0.0,0.0,0.0,0.0012895242543891072,0.0012895242543891072,0.00012895242543891074,0.00012895242543891074
LINC00494,1,0.0,0.0,0.0,0.0,0.0012854442466050386,0.0012854442466050386,0.00012854442466050386,0.00012854442466050386
DCTN4,1,0.0,0.0,0.0,0.0,0.0012816352536901832,0.0012816352536901832,0.00012816352536901832,0.00012816352536901832
UBXN1,1,0.0,0.0,0.0,0.0,0.001277709612622857,0.001277709612622857,0.0001277709612622857,0.0001277709612622857
TNFSF8,1,0.0,0.0,0.0,0.0,0.0012759737437590957,0.0012759737437590957,0.00012759737437590958,0.00012759737437590958
RRAS,1,0.0,0.0,0.0,0.0,0.0012705130502581596,0.0012705130502581596,0.00012705130502581598,0.00012705130502581598
ZNF470,1,0.0,0.0,0.0,0.0,0.001268456457182765,0.001268456457182765,0.0001268456457182765,0.0001268456457182765
RASGRP4,2,0.0,0.0,0.0,0.0,0.0012670941650867462,0.0010115909099113196,0.00012670941650867463,0.00010115909099113197
DHFR,1,0.0,0.0,0.0,0.0,0.001265808241441846,0.001265808241441846,0.0001265808241441846,0.0001265808241441846
TXLNG2P,1,0.0,0.0,0.0,0.0,0.0012651877477765083,0.0012651877477765083,0.00012651877477765083,0.00012651877477765083
UGT2A1,1,0.0,0.0,0.0,0.0,0.0012646843679249287,0.0012646843679249287,0.00012646843679249288,0.00012646843679249288
UGT2A2,1,0.0,0.0,0.0,0.0,0.0012646843679249287,0.0012646843679249287,0.00012646843679249288,0.00012646843679249288
PPP1R9A,1,0.0,0.0,0.0,0.0,0.00126463093329221,0.00126463093329221,0.000126463093329221,0.000126463093329221
GSTM2P1,1,0.0,0.0,0.0,0.0,0.0012635266175493598,0.0012635266175493598,0.000126352661754936,0.000126352661754936
PHF11,1,0.0,0.0,0.0,0.0,0.0012630010023713112,0.0012630010023713112,0.00012630010023713113,0.00012630010023713113
MAPT,1,0.0,0.0,0.0,0.0,0.0012591807171702385,0.0012591807171702385,0.00012591807171702385,0.00012591807171702385
TCF3,2,0.0,0.0,0.0,0.0,0.0012590952683240175,0.0008939409162849188,0.00012590952683240176,8.939409162849188e-05
MRAS,1,0.0,0.0,0.0,0.0,0.0012537154834717512,0.0012537154834717512,0.00012537154834717514,0.00012537154834717514
ARHGAP27,1,0.0,0.0,0.0,0.0,0.0012471741065382957,0.0012471741065382957,0.0001247174106538296,0.0001247174106538296
ENSG00000257961,1,0.0,0.0,0.0,0.0,0.0012471741065382957,0.0012471741065382957,0.0001247174106538296,0.0001247174106538296
BACE2,2,0.0,0.0,0.0,0.0,0.0012442419538274407,0.0010518006747588515,0.00012442419538274407,0.00010518006747588516
ATL3,1,0.0,0.0,0.0,0.0,0.0012424694141373038,0.0012424694141373038,0.0001242469414137304,0.0001242469414137304
CUL4A,1,0.0,0.0,0.0,0.0,0.0012372730998322368,0.0012372730998322368,0.00012372730998322368,0.00012372730998322368
ARMC8,1,0.0,0.0,0.0,0.0,0.0012367672752588987,0.0012367672752588987,0.00012367672752588987,0.00012367672752588987
SLC6A6,4,0.0,0.0,0.0,0.0,0.001234330702573061,0.000671724381390959,0.0001234330702573061,6.717243813909591e-05
LMO3,1,0.0,0.0,0.0,0.0,0.0012319986708462238,0.0012319986708462238,0.0001231998670846224,0.0001231998670846224
COL18A1,1,0.0,0.0,0.0,0.0,0.0012308768928050995,0.0012308768928050995,0.00012308768928050994,0.00012308768928050994
HMHA1,2,0.0,0.0,0.0,0.0,0.001223864033818245,0.0012220698408782482,0.0001223864033818245,0.00012220698408782482
DNTT,1,0.0,0.0,0.0,0.0,0.001220596837811172,0.001220596837811172,0.00012205968378111721,0.00012205968378111721
IL23R,1,0.0,0.0,0.0,0.0,0.0012174875009804964,0.0012174875009804964,0.00012174875009804965,0.00012174875009804965
ECHDC3,1,0.0,0.0,0.0,0.0,0.001216770033352077,0.001216770033352077,0.0001216770033352077,0.0001216770033352077
PHC2,3,0.0,0.0,0.0,0.0,0.0012140563922002912,0.0009201419500944515,0.00012140563922002912,9.201419500944515e-05
DNAJC3,2,0.0,0.0,0.0,0.0,0.0012134385760873556,0.0011368656996637583,0.00012134385760873557,0.00011368656996637584
DSC2,1,0.0,0.0,0.0,0.0,0.0012117695296183228,0.0012117695296183228,0.0001211769529618323,0.0001211769529618323
RBM38,1,0.0,0.0,0.0,0.0,0.0012083940673619509,0.0012083940673619509,0.0001208394067361951,0.0001208394067361951
CPD,3,0.0,0.0,0.0,0.0,0.001207736087962985,0.0007197407733959457,0.0001207736087962985,7.197407733959457e-05
ZFC3H1,1,0.0,0.0,0.0,0.0,0.0012057940475642681,0.0012057940475642681,0.00012057940475642682,0.00012057940475642682
EMD,1,0.0,0.0,0.0,0.0,0.001203983905725181,0.001203983905725181,0.00012039839057251812,0.00012039839057251812
LDOC1L,1,0.0,0.0,0.0,0.0,0.001199370832182467,0.001199370832182467,0.0001199370832182467,0.0001199370832182467
ANK1,5,0.0,0.0,0.0,0.0,0.0011960965348407626,0.0007100382703356445,0.00011960965348407627,7.100382703356446e-05
PGPEP1L,1,0.0,0.0,0.0,0.0,0.001195940189063549,0.001195940189063549,0.00011959401890635491,0.00011959401890635491
NUDT4,2,0.0,0.0,0.0,0.0,0.001194347976706922,0.0007995069026947021,0.00011943479767069222,7.995069026947022e-05
NUDT4P1,2,0.0,0.0,0.0,0.0,0.001194347976706922,0.0007995069026947021,0.00011943479767069222,7.995069026947022e-05
NUDT4P2,2,0.0,0.0,0.0,0.0,0.001194347976706922,0.0007995069026947021,0.00011943479767069222,7.995069026947022e-05
HIP1R,1,0.0,0.0,0.0,0.0,0.001193813979625702,0.001193813979625702,0.00011938139796257019,0.00011938139796257019
CDH19,1,0.0,0.0,0.0,0.0,0.0011924727587029338,0.0011924727587029338,0.00011924727587029338,0.00011924727587029338
HCN4,1,0.0,0.0,0.0,0.0,0.0011846731649711728,0.0011846731649711728,0.00011846731649711728,0.00011846731649711728
PPP4R1,2,0.0,0.0,0.0,0.0,0.0011816777987405658,0.0010649619798641652,0.00011816777987405658,0.00010649619798641652
ZSWIM7,1,0.0,0.0,0.0,0.0,0.0011813458986580372,0.0011813458986580372,0.00011813458986580372,0.00011813458986580372
SUN1,1,0.0,0.0,0.0,0.0,0.0011812910670414567,0.0011812910670414567,0.00011812910670414568,0.00011812910670414568
PGLYRP1,1,0.0,0.0,0.0,0.0,0.0011801591608673334,0.0011801591608673334,0.00011801591608673334,0.00011801591608673334
SIN3B,1,0.0,0.0,0.0,0.0,0.0011786826653406024,0.0011786826653406024,0.00011786826653406025,0.00011786826653406025
PTEN,1,0.0,0.0,0.0,0.0,0.0011762271169573069,0.0011762271169573069,0.00011762271169573069,0.00011762271169573069
LILRB1,1,0.0,0.0,0.0,0.0,0.0011755876475945115,0.0011755876475945115,0.00011755876475945116,0.00011755876475945116
PLAUR,2,0.0,0.0,0.0,0.0,0.0011742778588086367,0.0009807917231228203,0.00011742778588086367,9.807917231228203e-05
ACSL1,2,0.0,-0.00031525851197977683,0.0,0.0,0.001326866215094924,0.0012493734247982502,0.00011718806345015765,-0.0001903211694999518
TCL1A,3,0.0,0.0,0.0,0.0,0.0011715544387698174,0.0008405272577268382,0.00011715544387698175,8.405272577268381e-05
LIPG,1,0.0,0.0,0.0,0.0,0.0011704618809744716,0.0011704618809744716,0.00011704618809744717,0.00011704618809744717
C1ORF56,2,0.0,0.0,0.0,0.0,0.0011637426214292645,0.0007940833311295137,0.00011637426214292646,7.940833311295138e-05
LHFPL2,1,0.0,0.0,0.0,0.0,0.0011592877563089132,0.0011592877563089132,0.00011592877563089133,0.00011592877563089133
ACTN1,1,0.0,0.0,0.0,0.0,0.0011582073057070374,0.0011582073057070374,0.00011582073057070374,0.00011582073057070374
RNF10,2,0.0,0.0,0.0,0.0,0.0011540480190888047,0.0008766873797867447,0.00011540480190888048,8.766873797867448e-05
ATP1B3,1,0.0,0.0,0.0,0.0,0.001151495729573071,0.001151495729573071,0.0001151495729573071,0.0001151495729573071
SPAG11A,1,0.0,0.0,0.0,0.0,0.0011507670860737562,0.0011507670860737562,0.00011507670860737562,0.00011507670860737562
SPAG11B,1,0.0,0.0,0.0,0.0,0.0011507670860737562,0.0011507670860737562,0.00011507670860737562,0.00011507670860737562
RPL36AP33,1,0.0,0.0,0.0,0.0,0.0011504688300192356,0.0011504688300192356,0.00011504688300192357,0.00011504688300192357
ARHGDIB,1,0.0,0.0,0.0,0.0,0.001148243434727192,0.001148243434727192,0.0001148243434727192,0.0001148243434727192
BAG1,3,0.0,0.0,0.0,0.0,0.0011477407533675432,0.0008576046869469186,0.00011477407533675433,8.576046869469187e-05
SH3GLB1,2,0.0,0.0,0.0,0.0,0.001142286229878664,0.000909874215722084,0.0001142286229878664,9.09874215722084e-05
FCAR,1,0.0,0.0,0.0,0.0,0.0011405734112486243,0.0011405734112486243,0.00011405734112486244,0.00011405734112486244
DNAH11,1,0.0,0.0,0.0,0.0,0.0011401408119127154,0.0011401408119127154,0.00011401408119127154,0.00011401408119127154
RNF220,1,0.0,0.0,0.0,0.0,0.001139403902925551,0.001139403902925551,0.0001139403902925551,0.0001139403902925551
CIB1,1,0.0,0.0,0.0,0.0,0.0011349095730111003,0.0011349095730111003,0.00011349095730111003,0.00011349095730111003
F5,3,0.0,-0.00021017234131985121,0.0,0.0,0.0016720113344490528,0.0011693536265132327,0.00011333259753882886,-9.323697866852795e-05
TBX15,1,0.0,0.0,0.0,0.0,0.0011265234788879752,0.0011265234788879752,0.00011265234788879753,0.00011265234788879753
AKAP2,1,0.0,0.0,0.0,0.0,0.0011249296367168427,0.0011249296367168427,0.00011249296367168427,0.00011249296367168427
PALM2-AKAP2,1,0.0,0.0,0.0,0.0,0.0011249296367168427,0.0011249296367168427,0.00011249296367168427,0.00011249296367168427
BASP1,3,0.0,-0.00021017234131985121,0.0,0.0,0.0018375411164015532,0.0011548794573172927,0.00011223412584513426,-9.468439558812197e-05
ZNF3,1,0.0,0.0,0.0,0.0,0.0011218099389225245,0.0011218099389225245,0.00011218099389225245,0.00011218099389225245
CTNNB1,1,0.0,0.0,0.0,0.0,0.0011184829054400325,0.0011184829054400325,0.00011184829054400325,0.00011184829054400325
PTGDR2,1,0.0,0.0,0.0,0.0,0.0011169516947120428,0.0011169516947120428,0.00011169516947120429,0.00011169516947120429
PFKFB4,2,0.0,0.0,0.0,0.0,0.0011150616919621825,0.0007913466833997518,0.00011150616919621826,7.913466833997518e-05
FAM46C,2,0.0,0.0,0.0,0.0,0.0011140638962388039,0.0008490351610817015,0.0001114063896238804,8.490351610817015e-05
CDAN1,1,0.0,0.0,0.0,0.0,0.0011099919211119413,0.0011099919211119413,0.00011099919211119414,0.00011099919211119414
SLC2A14,5,0.0,-0.00012610340479191073,0.0,0.0,0.002022894099354744,0.0010344273876398801,0.00011078950483351947,-2.2660666027922717e-05
SLC2A3,5,0.0,-0.00012610340479191073,0.0,0.0,0.002022894099354744,0.0010344273876398801,0.00011078950483351947,-2.2660666027922717e-05
MBD4,2,0.0,0.0,0.0,0.0,0.0011042749974876642,0.0009288975270465016,0.00011042749974876642,9.288975270465017e-05
FGD4,1,0.0,0.0,0.0,0.0,0.001102134701795876,0.001102134701795876,0.0001102134701795876,0.0001102134701795876
UBE2W,1,0.0,0.0,0.0,0.0,0.0011009814916178584,0.0011009814916178584,0.00011009814916178584,0.00011009814916178584
OR2W3,1,0.0,0.0,0.0,0.0,0.0010983109241351485,0.0010983109241351485,0.00010983109241351486,0.00010983109241351486
BCL6,5,0.0,0.0,0.0,0.0,0.001092060236260295,0.0007199832587502896,0.0001092060236260295,7.199832587502897e-05
HCK,1,0.0,0.0,0.0,0.0,0.0010876216692849994,0.0010876216692849994,0.00010876216692849994,0.00010876216692849994
ABHD5,4,0.0,0.0,0.0,0.0,0.0010864295763894916,0.0006869226199341938,0.00010864295763894916,6.869226199341939e-05
LRRC6,1,0.0,0.0,0.0,0.0,0.0010745739564299583,0.0010745739564299583,0.00010745739564299583,0.00010745739564299583
SH3BP5L,1,0.0,0.0,0.0,0.0,0.0010744105093181133,0.0010744105093181133,0.00010744105093181134,0.00010744105093181134
C2CD2,1,0.0,0.0,0.0,0.0,0.0010594958439469337,0.0010594958439469337,0.00010594958439469337,0.00010594958439469337
TNFRSF10B,1,0.0,0.0,0.0,0.0,0.001054263673722744,0.001054263673722744,0.00010542636737227441,0.00010542636737227441
CBLN2,1,0.0,0.0,0.0,0.0,0.0010512230219319463,0.0010512230219319463,0.00010512230219319464,0.00010512230219319464
TLR2,3,0.0,0.0,0.0,0.0,0.0010499615455046296,0.0007419843847552935,0.00010499615455046297,7.419843847552936e-05
IL4R,1,0.0,0.0,0.0,0.0,0.0010499078780412674,0.0010499078780412674,0.00010499078780412674,0.00010499078780412674
CBL,1,0.0,0.0,0.0,0.0,0.0010487409308552742,0.0010487409308552742,0.00010487409308552743,0.00010487409308552743
STAG2,1,0.0,0.0,0.0,0.0,0.0010484192753210664,0.0010484192753210664,0.00010484192753210664,0.00010484192753210664
MAFG,3,0.0,0.0,0.0,0.0,0.0010482552461326122,0.0007596093637403101,0.00010482552461326123,7.5960936374031e-05
KIAA0319,1,0.0,0.0,0.0,0.0,0.0010472884168848395,0.0010472884168848395,0.00010472884168848396,0.00010472884168848396
TG,1,0.0,0.0,0.0,0.0,0.0010459930635988712,0.0010459930635988712,0.00010459930635988713,0.00010459930635988713
ARID3B,2,0.0,0.0,0.0,0.0,0.0010420833714306355,0.000990751461358741,0.00010420833714306355,9.90751461358741e-05
BRWD3,1,0.0,0.0,0.0,0.0,0.0010386412031948566,0.0010386412031948566,0.00010386412031948566,0.00010386412031948566
AUTS2,1,0.0,0.0,0.0,0.0,0.0010362255852669477,0.0010362255852669477,0.00010362255852669477,0.00010362255852669477
CEP164,1,0.0,0.0,0.0,0.0,0.0010357287246733904,0.0010357287246733904,0.00010357287246733905,0.00010357287246733905
EYA2,1,0.0,0.0,0.0,0.0,0.0010328375501558185,0.0010328375501558185,0.00010328375501558185,0.00010328375501558185
ITGAX,2,0.0,0.0,0.0,0.0,0.0010241485433652997,0.0008340684289578348,0.00010241485433652997,8.340684289578348e-05
HPSE,1,0.0,0.0,0.0,0.0,0.0010224825236946344,0.0010224825236946344,0.00010224825236946345,0.00010224825236946345
HECW2,3,0.0,0.0,0.0,0.0,0.0010216134833171964,0.0007653140443532417,0.00010216134833171964,7.653140443532418e-05
RTTN,1,0.0,0.0,0.0,0.0,0.0010209227912127972,0.0010209227912127972,0.00010209227912127972,0.00010209227912127972
SLC50A1,1,0.0,0.0,0.0,0.0,0.0010200205724686384,0.0010200205724686384,0.00010200205724686384,0.00010200205724686384
SNX5,1,0.0,0.0,0.0,0.0,0.0010187517618760467,0.0010187517618760467,0.00010187517618760468,0.00010187517618760468
RAB10,1,0.0,0.0,0.0,0.0,0.0010183739941567183,0.0010183739941567183,0.00010183739941567184,0.00010183739941567184
EVL,1,0.0,0.0,0.0,0.0,0.0010165636194869876,0.0010165636194869876,0.00010165636194869876,0.00010165636194869876
REM2,2,0.0,0.0,0.0,0.0,0.0010150526650249958,0.000751100538764149,0.00010150526650249959,7.51100538764149e-05
FCGRT,1,0.0,0.0,0.0,0.0,0.001014280947856605,0.001014280947856605,0.00010142809478566051,0.00010142809478566051
C5ORF20,1,0.0,0.0,0.0,0.0,0.00101302785333246,0.00101302785333246,0.000101302785333246,0.000101302785333246
ST20,1,0.0,0.0,0.0,0.0,0.001012312714010477,0.001012312714010477,0.0001012312714010477,0.0001012312714010477
DOK3,1,0.0,0.0,0.0,0.0,0.0010094790486618876,0.0010094790486618876,0.00010094790486618877,0.00010094790486618877
GAB2,1,0.0,0.0,0.0,0.0,0.0010060130152851343,0.0010060130152851343,0.00010060130152851344,0.00010060130152851344
C7ORF25,1,0.0,0.0,0.0,0.0,0.0010056934552267194,0.0010056934552267194,0.00010056934552267195,0.00010056934552267195
NABP1,3,0.0,-0.00021017234131985121,0.0,0.0,0.0010023156646639109,0.0008435900090262294,0.0001002315664663911,-0.00012581334041722827
GIPC3,1,0.0,0.0,0.0,0.0,0.000999200390651822,0.000999200390651822,9.992003906518222e-05,9.992003906518222e-05
NBN,4,0.0,0.0,0.0,0.0,0.0009988807141780853,0.000671578265610151,9.988807141780853e-05,6.71578265610151e-05
TREML2,1,0.0,0.0,0.0,0.0,0.0009987899102270603,0.0009987899102270603,9.987899102270603e-05,9.987899102270603e-05
PXN,5,0.0,0.0,0.0,0.0,0.0009987788507714868,0.0006760727032087743,9.987788507714868e-05,6.760727032087744e-05
RNF24,3,0.0,0.0,0.0,0.0,0.0009979255264624953,0.0009303178327778975,9.979255264624953e-05,9.303178327778977e-05
UBXN4,2,0.0,0.0,0.0,0.0,0.0009960879106074572,0.0007428815879393369,9.960879106074572e-05,7.42881587939337e-05
TMEM55A,1,0.0,0.0,0.0,0.0,0.0009937514550983906,0.0009937514550983906,9.937514550983906e-05,9.937514550983906e-05
ZDHHC18,1,0.0,0.0,0.0,0.0,0.0009936860296875238,0.0009936860296875238,9.936860296875239e-05,9.936860296875239e-05
DOCK4,1,0.0,0.0,0.0,0.0,0.000993538647890091,0.000993538647890091,9.93538647890091e-05,9.93538647890091e-05
DCTD,1,0.0,0.0,0.0,0.0,0.0009883474558591843,0.0009883474558591843,9.883474558591843e-05,9.883474558591843e-05
SBNO2,1,0.0,0.0,0.0,0.0,0.000984476413577795,0.000984476413577795,9.844764135777951e-05,9.844764135777951e-05
COMMD3,1,0.0,0.0,0.0,0.0,0.0009842391591519117,0.0009842391591519117,9.842391591519117e-05,9.842391591519117e-05
HLA-F,1,0.0,0.0,0.0,0.0,0.0009835584787651896,0.0009835584787651896,9.835584787651897e-05,9.835584787651897e-05
OR6T1,1,0.0,0.0,0.0,0.0,0.0009795642690733075,0.0009795642690733075,9.795642690733076e-05,9.795642690733076e-05
MBD6,1,0.0,0.0,0.0,0.0,0.000978966592811048,0.000978966592811048,9.78966592811048e-05,9.78966592811048e-05
FAM104B,1,0.0,0.0,0.0,0.0,0.000976082228589803,0.000976082228589803,9.76082228589803e-05,9.76082228589803e-05
GRB10,1,0.0,0.0,0.0,0.0,0.0009758268715813756,0.0009758268715813756,9.758268715813756e-05,9.758268715813756e-05
ATP6V1C1,3,0.0,-0.00021017234131985121,0.0,0.0,0.0018943729810416698,0.001196591571594278,9.756088256835939e-05,-9.051318416042342e-05
SIGLEC9,1,0.0,0.0,0.0,0.0,0.0009752764599397779,0.0009752764599397779,9.75276459939778e-05,9.75276459939778e-05
QRSL1,1,0.0,0.0,0.0,0.0,0.0009735377389006317,0.0009735377389006317,9.735377389006317e-05,9.735377389006317e-05
ILVBL,1,0.0,0.0,0.0,0.0,0.0009687081910669804,0.0009687081910669804,9.687081910669804e-05,9.687081910669804e-05
TMEM233,1,0.0,0.0,0.0,0.0,0.0009684886317700148,0.0009684886317700148,9.684886317700148e-05,9.684886317700148e-05
GOLGA6L1,1,0.0,0.0,0.0,0.0,0.0009562338818795979,0.0009562338818795979,9.562338818795979e-05,9.562338818795979e-05
GOLGA6L6,1,0.0,0.0,0.0,0.0,0.0009562338818795979,0.0009562338818795979,9.562338818795979e-05,9.562338818795979e-05
LOC440243,1,0.0,0.0,0.0,0.0,0.0009562338818795979,0.0009562338818795979,9.562338818795979e-05,9.562338818795979e-05
GCA,3,0.0,0.0,0.0,0.0,0.0009556656004860997,0.0006549563355899105,9.556656004860997e-05,6.549563355899106e-05
MAN2B2,1,0.0,0.0,0.0,0.0,0.0009455215185880661,0.0009455215185880661,9.455215185880662e-05,9.455215185880662e-05
CEBPD,3,0.0,0.0,0.0,0.0,0.0009446818730793893,0.0006328490853775293,9.446818730793894e-05,6.328490853775292e-05
ELL,1,0.0,0.0,0.0,0.0,0.0009445726172998548,0.0009445726172998548,9.445726172998548e-05,9.445726172998548e-05
SLC15A1,1,0.0,0.0,0.0,0.0,0.0009440666763111949,0.0009440666763111949,9.44066676311195e-05,9.44066676311195e-05
MAP1B,1,0.0,0.0,0.0,0.0,0.0009376764646731317,0.0009376764646731317,9.376764646731318e-05,9.376764646731318e-05
AKIRIN1,2,0.0,0.0,0.0,0.0,0.0009365424630232155,0.0007584824052173644,9.365424630232156e-05,7.584824052173645e-05
BPGM,2,0.0,0.0,0.0,0.0,0.0009322353871539235,0.000782777729909867,9.322353871539236e-05,7.827777299098671e-05
PCBP2,2,0.0,0.0,0.0,0.0,0.0009309008601121604,0.000824927759822458,9.309008601121604e-05,8.249277598224581e-05
DOCK5,2,0.0,0.0,0.0,0.0,0.0009296639473177493,0.0006181476783240214,9.296639473177493e-05,6.181476783240214e-05
GMPR2,1,0.0,0.0,0.0,0.0,0.0009231932344846427,0.0009231932344846427,9.231932344846428e-05,9.231932344846428e-05
PYGO2,1,0.0,0.0,0.0,0.0,0.0009203674853779376,0.0009203674853779376,9.203674853779376e-05,9.203674853779376e-05
ITSN1,1,0.0,0.0,0.0,0.0,0.000918034347705543,0.000918034347705543,9.18034347705543e-05,9.18034347705543e-05
HSPH1,2,0.0,0.0,0.0,0.0,0.0009178455802612007,0.0008580398571211845,9.178455802612008e-05,8.580398571211845e-05
MIPEP,1,0.0,0.0,0.0,0.0,0.0009173849248327315,0.0009173849248327315,9.173849248327315e-05,9.173849248327315e-05
DICER1,2,0.0,0.0,0.0,0.0,0.0009131538681685925,0.0006722488324157894,9.131538681685925e-05,6.722488324157895e-05
PRAMEF24*,1,0.0,0.0,0.0,0.0,0.0009096718858927488,0.0009096718858927488,9.096718858927489e-05,9.096718858927489e-05
PRAMEF7,1,0.0,0.0,0.0,0.0,0.0009096718858927488,0.0009096718858927488,9.096718858927489e-05,9.096718858927489e-05
PRAMEF8,1,0.0,0.0,0.0,0.0,0.0009096718858927488,0.0009096718858927488,9.096718858927489e-05,9.096718858927489e-05
CCAR2,1,0.0,0.0,0.0,0.0,0.0009075495763681829,0.0009075495763681829,9.075495763681829e-05,9.075495763681829e-05
KIAA0232,1,0.0,0.0,0.0,0.0,0.0009071816457435489,0.0009071816457435489,9.07181645743549e-05,9.07181645743549e-05
GYG1,3,0.0,0.0,0.0,0.0,0.0009058890282176435,0.0006237616277455041,9.058890282176435e-05,6.237616277455042e-05
ASPRV1,1,0.0,0.0,0.0,0.0,0.0009020608267746866,0.0009020608267746866,9.020608267746867e-05,9.020608267746867e-05
OR10H2,1,0.0,0.0,0.0,0.0,0.0009013938251882792,0.0009013938251882792,9.013938251882792e-05,9.013938251882792e-05
NAMPT,1,0.0,0.0,0.0,0.0,0.0009012818336486816,0.0009012818336486816,9.012818336486817e-05,9.012818336486817e-05
ENSG00000266607,1,0.0,0.0,0.0,0.0,0.0008932783966884017,0.0008932783966884017,8.932783966884018e-05,8.932783966884018e-05
PGM5,1,0.0,0.0,0.0,0.0,0.0008932783966884017,0.0008932783966884017,8.932783966884018e-05,8.932783966884018e-05
SESN3,2,0.0,0.0,0.0,0.0,0.0008921107510104775,0.0007110624574124813,8.921107510104776e-05,7.110624574124813e-05
TRIM14,1,0.0,0.0,0.0,0.0,0.0008917232626117766,0.0008917232626117766,8.917232626117767e-05,8.917232626117767e-05
RGS14,1,0.0,0.0,0.0,0.0,0.0008899997919797897,0.0008899997919797897,8.899997919797897e-05,8.899997919797897e-05
GBA,2,0.0,0.0,0.0,0.0,0.0008897974039427936,0.0006812959327362478,8.897974039427936e-05,6.812959327362478e-05
SV2B,1,0.0,0.0,0.0,0.0,0.000889760151039809,0.000889760151039809,8.89760151039809e-05,8.89760151039809e-05
SSBP3,2,0.0,-0.0006305170239596647,0.0,0.0,0.0020461175590753555,0.0014678790757898241,8.896405925042928e-05,-0.0004837291163806823
OARD1,1,0.0,0.0,0.0,0.0,0.0008851276943460107,0.0008851276943460107,8.851276943460107e-05,8.851276943460107e-05
ABI1,1,0.0,0.0,0.0,0.0,0.0008842960232868791,0.0008842960232868791,8.84296023286879e-05,8.84296023286879e-05
DPYD,2,0.0,0.0,0.0,0.0,0.0008840051596052945,0.0006406318716472015,8.840051596052945e-05,6.406318716472015e-05
ZSWIM6,1,0.0,0.0,0.0,0.0,0.000880845298524946,0.000880845298524946,8.808452985249461e-05,8.808452985249461e-05
SREBF2,2,0.0,0.0,0.0,0.0,0.0008768099942244589,0.0006765328580513597,8.76809994224459e-05,6.765328580513597e-05
GPATCH4,1,0.0,0.0,0.0,0.0,0.0008732856367714703,0.0008732856367714703,8.732856367714703e-05,8.732856367714703e-05
PNOC,1,0.0,0.0,0.0,0.0,0.0008725153165869415,0.0008725153165869415,8.725153165869416e-05,8.725153165869416e-05
MCTP1,3,0.0,0.0,0.0,0.0,0.0008698309538885951,0.0006715490308124572,8.698309538885952e-05,6.715490308124573e-05
SNX29P2,1,0.0,0.0,0.0,0.0,0.0008624378242529929,0.0008624378242529929,8.62437824252993e-05,8.62437824252993e-05
MAP3K3,1,0.0,0.0,0.0,0.0,0.000862349639646709,0.000862349639646709,8.62349639646709e-05,8.62349639646709e-05
ABHD3,1,0.0,0.0,0.0,0.0,0.0008622873574495316,0.0008622873574495316,8.622873574495316e-05,8.622873574495316e-05
DCAF12,2,0.0,0.0,0.0,0.0,0.0008617807179689407,0.0007113582687452435,8.617807179689407e-05,7.113582687452435e-05
TNFRSF12A,1,0.0,0.0,0.0,0.0,0.0008594083483330905,0.0008594083483330905,8.594083483330906e-05,8.594083483330906e-05
TBC1D10A,1,0.0,0.0,0.0,0.0,0.0008558080880902708,0.0008558080880902708,8.558080880902708e-05,8.558080880902708e-05
SMAD4,1,0.0,0.0,0.0,0.0,0.0008558043627999723,0.0008558043627999723,8.558043627999724e-05,8.558043627999724e-05
MANSC1,2,0.0,0.0,0.0,0.0,0.0008515655645169318,0.0007800378662068397,8.515655645169318e-05,7.800378662068397e-05
EGLN1,2,0.0,0.0,0.0,0.0,0.0008504051365889609,0.0007761743618175387,8.50405136588961e-05,7.761743618175388e-05
MOB3A,1,0.0,0.0,0.0,0.0,0.0008501220145262778,0.0008501220145262778,8.501220145262778e-05,8.501220145262778e-05
CD79A,3,0.0,0.0,0.0,0.0,0.0008479788666591048,0.0007083825961065789,8.479788666591049e-05,7.08382596106579e-05
ADAP1,1,0.0,0.0,0.0,0.0,0.0008475049398839474,0.0008475049398839474,8.475049398839475e-05,8.475049398839475e-05
PPFIBP1,1,0.0,0.0,0.0,0.0,0.0008472671615891159,0.0008472671615891159,8.47267161589116e-05,8.47267161589116e-05
LINC01000,3,0.0,0.0,0.0,0.0,0.0008452456095255911,0.0006118412614644816,8.452456095255912e-05,6.118412614644816e-05
OXSR1,1,0.0,0.0,0.0,0.0,0.0008447951404377818,0.0008447951404377818,8.447951404377818e-05,8.447951404377818e-05
MEGF10,1,0.0,0.0,0.0,0.0,0.0008416720665991306,0.0008416720665991306,8.416720665991307e-05,8.416720665991307e-05
TANC2,1,0.0,0.0,0.0,0.0,0.000839927583001554,0.000839927583001554,8.39927583001554e-05,8.39927583001554e-05
ATP11B,5,0.0,0.0,0.0,0.0,0.0008380690705962479,0.0006490686035249382,8.38069070596248e-05,6.490686035249383e-05
FLOT1,1,0.0,0.0,0.0,0.0,0.0008364696404896677,0.0008364696404896677,8.364696404896677e-05,8.364696404896677e-05
7-Mar,1,0.0,0.0,0.0,0.0,0.0008359205676242709,0.0008359205676242709,8.35920567624271e-05,8.35920567624271e-05
NF1,1,0.0,0.0,0.0,0.0,0.000835046696010977,0.000835046696010977,8.35046696010977e-05,8.35046696010977e-05
FPR2,2,0.0,0.0,0.0,0.0,0.0008338165935128927,0.0006989664980210364,8.338165935128927e-05,6.989664980210364e-05
TMEM50A,1,0.0,0.0,0.0,0.0,0.0008316583116538823,0.0008316583116538823,8.316583116538823e-05,8.316583116538823e-05
NAA50,1,0.0,0.0,0.0,0.0,0.0008309597615152597,0.0008309597615152597,8.309597615152597e-05,8.309597615152597e-05
UBC,1,0.0,0.0,0.0,0.0,0.0008268374367617071,0.0008268374367617071,8.268374367617071e-05,8.268374367617071e-05
GTF2E1,1,0.0,0.0,0.0,0.0,0.0008247653022408485,0.0008247653022408485,8.247653022408485e-05,8.247653022408485e-05
CHURC1,1,0.0,0.0,0.0,0.0,0.0008242690237239003,0.0008242690237239003,8.242690237239004e-05,8.242690237239004e-05
CD180,1,0.0,0.0,0.0,0.0,0.0008223378681577742,0.0008223378681577742,8.223378681577743e-05,8.223378681577743e-05
IRAK3,4,0.0,0.0,0.0,0.0,0.0008209407678805292,0.0005599032665486448,8.209407678805292e-05,5.599032665486448e-05
FAM170A,1,0.0,0.0,0.0,0.0,0.0008150286157615483,0.0008150286157615483,8.150286157615483e-05,8.150286157615483e-05
HINT3,1,0.0,0.0,0.0,0.0,0.0008146121399477124,0.0008146121399477124,8.146121399477124e-05,8.146121399477124e-05
RPP40,1,0.0,0.0,0.0,0.0,0.0008144364692270756,0.0008144364692270756,8.144364692270757e-05,8.144364692270757e-05
APC,1,0.0,0.0,0.0,0.0,0.0008130518835969269,0.0008130518835969269,8.130518835969269e-05,8.130518835969269e-05
CXCR1,2,0.0,0.0,0.0,0.0,0.0008095917291939259,0.0006415014358935878,8.095917291939259e-05,6.415014358935877e-05
CD52,1,0.0,0.0,0.0,0.0,0.0008093586075119674,0.0008093586075119674,8.093586075119674e-05,8.093586075119674e-05
SAMD7,1,0.0,0.0,0.0,0.0,0.0008085030713118613,0.0008085030713118613,8.085030713118614e-05,8.085030713118614e-05
FGFR1OP2,2,0.0,0.0,0.0,0.0,0.0008082608110271394,0.0006923531473148614,8.082608110271394e-05,6.923531473148614e-05
FAM71F1,1,0.0,0.0,0.0,0.0,0.0008078933460637927,0.0008078933460637927,8.078933460637928e-05,8.078933460637928e-05
FAM209A,2,0.0,-0.00031525851197977683,0.0,0.0,0.0012087541399523616,0.0010061881330329925,8.036221261136234e-05,-0.00021463969867647757
FAM209B,1,0.0,0.0,0.0,0.0,0.0008036221261136234,0.0008036221261136234,8.036221261136234e-05,8.036221261136234e-05
TCP10,1,0.0,0.0,0.0,0.0,0.00080318987602368,0.00080318987602368,8.031898760236801e-05,8.031898760236801e-05
DDX60L,1,0.0,0.0,0.0,0.0,0.0008030070457607508,0.0008030070457607508,8.030070457607508e-05,8.030070457607508e-05
NCF2,1,0.0,0.0,0.0,0.0,0.0007999347290024161,0.0007999347290024161,7.999347290024162e-05,7.999347290024162e-05
CARD17,1,0.0,0.0,0.0,0.0,0.0007995418272912502,0.0007995418272912502,7.995418272912503e-05,7.995418272912503e-05
PGM1,2,0.0,0.0,0.0,0.0,0.0007980077061802149,0.000718987692380324,7.980077061802149e-05,7.189876923803241e-05
CDC16,1,0.0,0.0,0.0,0.0,0.0007974490872584283,0.0007974490872584283,7.974490872584284e-05,7.974490872584284e-05
OLAH,1,0.0,0.0,0.0,0.0,0.000794577703345567,0.000794577703345567,7.94577703345567e-05,7.94577703345567e-05
CREBRF,3,0.0,0.0,0.0,0.0,0.0007935777539387345,0.0006034881807863712,7.935777539387346e-05,6.034881807863713e-05
OR13A1,1,0.0,0.0,0.0,0.0,0.0007921611540950835,0.0007921611540950835,7.921611540950835e-05,7.921611540950835e-05
GLRX5,3,0.0,0.0,0.0,0.0,0.0007914352463558316,0.0005821990392481288,7.914352463558317e-05,5.8219903924812875e-05
TMSB4Y,1,0.0,0.0,0.0,0.0,0.0007893864531069994,0.0007893864531069994,7.893864531069995e-05,7.893864531069995e-05
SPIN3,1,0.0,0.0,0.0,0.0,0.0007888798136264086,0.0007888798136264086,7.888798136264087e-05,7.888798136264087e-05
RNF169,1,0.0,0.0,0.0,0.0,0.0007882260251790285,0.0007882260251790285,7.882260251790285e-05,7.882260251790285e-05
PUS1,2,0.0,0.0,0.0,0.0,0.0007868710672482848,0.0007561295933555812,7.868710672482849e-05,7.561295933555812e-05
AIFM2,1,0.0,0.0,0.0,0.0,0.0007829645765013993,0.0007829645765013993,7.829645765013994e-05,7.829645765013994e-05
NMNAT1,1,0.0,0.0,0.0,0.0,0.000778732355684042,0.000778732355684042,7.78732355684042e-05,7.78732355684042e-05
TADA2B,1,0.0,0.0,0.0,0.0,0.0007779185543768108,0.0007779185543768108,7.779185543768109e-05,7.779185543768109e-05
PRR5,4,0.0,0.0,0.0,0.0,0.0007777700666338205,0.0005229991511441767,7.777700666338206e-05,5.2299915114417676e-05
DAZAP1,1,0.0,0.0,0.0,0.0,0.000777695095166564,0.000777695095166564,7.77695095166564e-05,7.77695095166564e-05
PPP3CA,1,0.0,0.0,0.0,0.0,0.0007766308845020831,0.0007766308845020831,7.766308845020832e-05,7.766308845020832e-05
PWP1,1,0.0,0.0,0.0,0.0,0.0007757300627417862,0.0007757300627417862,7.757300627417863e-05,7.757300627417863e-05
RGL2,2,0.0,0.0,0.0,0.0,0.0007756829145364463,0.0007241166313178837,7.756829145364464e-05,7.241166313178837e-05
MEGF6,1,0.0,0.0,0.0,0.0,0.0007743547903373837,0.0007743547903373837,7.743547903373838e-05,7.743547903373838e-05
SNRPE,1,0.0,0.0,0.0,0.0,0.0007737207924947143,0.0007737207924947143,7.737207924947144e-05,7.737207924947144e-05
SKAP2,2,0.0,-0.00031525851197977683,0.0,0.0,0.0021879395935684443,0.0014776985917706043,7.674575899727643e-05,-0.00016748865280271643
GNAI3,1,0.0,0.0,0.0,0.0,0.0007668056059628725,0.0007668056059628725,7.668056059628725e-05,7.668056059628725e-05
ARHGAP19,1,0.0,0.0,0.0,0.0,0.0007667152676731348,0.0007667152676731348,7.667152676731348e-05,7.667152676731348e-05
MOSPD2,1,0.0,0.0,0.0,0.0,0.0007652080385014415,0.0007652080385014415,7.652080385014416e-05,7.652080385014416e-05
RIT1,1,0.0,0.0,0.0,0.0,0.0007635611109435558,0.0007635611109435558,7.635611109435558e-05,7.635611109435558e-05
LPGAT1,1,0.0,0.0,0.0,0.0,0.0007628638995811343,0.0007628638995811343,7.628638995811344e-05,7.628638995811344e-05
STAT5B,2,0.0,0.0,0.0,0.0,0.0007617900846526027,0.0006530164391733706,7.617900846526028e-05,6.530164391733707e-05
SOWAHC,1,0.0,0.0,0.0,0.0,0.0007596891955472529,0.0007596891955472529,7.59689195547253e-05,7.59689195547253e-05
FFAR2,1,0.0,0.0,0.0,0.0,0.0007527717389166355,0.0007527717389166355,7.527717389166355e-05,7.527717389166355e-05
CREB3L2,1,0.0,0.0,0.0,0.0,0.0007502095540985465,0.0007502095540985465,7.502095540985466e-05,7.502095540985466e-05
CCT3,3,0.0,0.0,0.0,0.0,0.000749922008253634,0.0007196891043956081,7.499220082536341e-05,7.196891043956082e-05
EXOC6,1,0.0,0.0,0.0,0.0,0.0007498323684558272,0.0007498323684558272,7.498323684558273e-05,7.498323684558273e-05
MAP3K2,1,0.0,0.0,0.0,0.0,0.0007482458604499698,0.0007482458604499698,7.482458604499698e-05,7.482458604499698e-05
PIP4K2A,4,0.0,0.0,0.0,0.0,0.0007472860161215067,0.0005478716411744244,7.472860161215067e-05,5.4787164117442444e-05
FNIP1,2,0.0,0.0,0.0,0.0,0.0007465272792614996,0.0006780993135180324,7.465272792614997e-05,6.780993135180324e-05
TLR8,2,0.0,0.0,0.0,0.0,0.0007458972977474332,0.0007053944864310324,7.458972977474332e-05,7.053944864310324e-05
PLEK2,1,0.0,0.0,0.0,0.0,0.0007457943866029382,0.0007457943866029382,7.457943866029382e-05,7.457943866029382e-05
CLVS1,1,0.0,0.0,0.0,0.0,0.0007436167798005044,0.0007436167798005044,7.436167798005045e-05,7.436167798005045e-05
FCRL1,2,0.0,0.0,0.0,0.0,0.0007431921549141407,0.0006809260521549731,7.431921549141408e-05,6.809260521549732e-05
RERE,1,0.0,0.0,0.0,0.0,0.0007415032014250755,0.0007415032014250755,7.415032014250756e-05,7.415032014250756e-05
DDX3X,1,0.0,0.0,0.0,0.0,0.0007400836329907179,0.0007400836329907179,7.400836329907179e-05,7.400836329907179e-05
IL18R1,1,0.0,0.0,0.0,0.0,0.0007370072999037802,0.0007370072999037802,7.370072999037803e-05,7.370072999037803e-05
C9ORF78,1,0.0,0.0,0.0,0.0,0.0007368765654973686,0.0007368765654973686,7.368765654973686e-05,7.368765654973686e-05
P2RX5,2,0.0,0.0,0.0,0.0,0.0007363665499724448,0.0006267623684834689,7.363665499724448e-05,6.267623684834689e-05
NDUFA9,1,0.0,0.0,0.0,0.0,0.0007356712012551725,0.0007356712012551725,7.356712012551725e-05,7.356712012551725e-05
VWA9,2,0.0,-0.0006305170239596092,0.0,0.0,0.002077075419947505,0.0014062059635762125,7.3533650720492e-05,-0.000489896427601988
NDRG3,1,0.0,0.0,0.0,0.0,0.0007331347442232072,0.0007331347442232072,7.331347442232073e-05,7.331347442232073e-05
PPDPF,1,0.0,0.0,0.0,0.0,0.0007324289181269705,0.0007324289181269705,7.324289181269706e-05,7.324289181269706e-05
CRIP1,1,0.0,0.0,0.0,0.0,0.0007323331665247679,0.0007323331665247679,7.323331665247679e-05,7.323331665247679e-05
ACSL3,1,0.0,0.0,0.0,0.0,0.0007319611613638699,0.0007319611613638699,7.319611613638699e-05,7.319611613638699e-05
BNC1,1,0.0,0.0,0.0,0.0,0.0007314793183468282,0.0007314793183468282,7.314793183468283e-05,7.314793183468283e-05
ZNF766,1,0.0,0.0,0.0,0.0,0.0007314718095585704,0.0007314718095585704,7.314718095585704e-05,7.314718095585704e-05
VAPA,1,0.0,0.0,0.0,0.0,0.0007313873502425849,0.0007313873502425849,7.31387350242585e-05,7.31387350242585e-05
ADA,2,0.0,0.0,0.0,0.0,0.0007309384527616203,0.0005938079993939027,7.309384527616203e-05,5.938079993939027e-05
NIN,1,0.0,0.0,0.0,0.0,0.000729755440261215,0.000729755440261215,7.29755440261215e-05,7.29755440261215e-05
TMEM245,1,0.0,0.0,0.0,0.0,0.0007290709763765335,0.0007290709763765335,7.290709763765336e-05,7.290709763765336e-05
OSBP2,2,0.0,0.0,0.0,0.0,0.0007288740016520023,0.000549926029634662,7.288740016520023e-05,5.49926029634662e-05
FECH,2,0.0,0.0,0.0,0.0,0.0007278603152371943,0.0007139369263313711,7.278603152371943e-05,7.139369263313711e-05
ZNF746,1,0.0,0.0,0.0,0.0,0.0007255712989717722,0.0007255712989717722,7.255712989717722e-05,7.255712989717722e-05
HCAR2,2,0.0,0.0,0.0,0.0,0.0007239739643409848,0.0007060289208311588,7.239739643409848e-05,7.060289208311589e-05
HCAR3,2,0.0,0.0,0.0,0.0,0.0007239739643409848,0.0007060289208311588,7.239739643409848e-05,7.060289208311589e-05
FHAD1,1,0.0,0.0,0.0,0.0,0.0007231612107716501,0.0007231612107716501,7.231612107716501e-05,7.231612107716501e-05
FAM19A1,1,0.0,0.0,0.0,0.0,0.0007223648717626929,0.0007223648717626929,7.22364871762693e-05,7.22364871762693e-05
AGO4,2,0.0,0.0,0.0,0.0,0.0007211004267446697,0.0006954897253308445,7.211004267446697e-05,6.954897253308445e-05
PATZ1,1,0.0,0.0,0.0,0.0,0.0007197852828539908,0.0007197852828539908,7.197852828539908e-05,7.197852828539908e-05
PDPR,1,0.0,0.0,0.0,0.0,0.0007175010396167636,0.0007175010396167636,7.175010396167637e-05,7.175010396167637e-05
PLA2G1B,1,0.0,0.0,0.0,0.0,0.0007147267460823059,0.0007147267460823059,7.147267460823059e-05,7.147267460823059e-05
SPATA5L1,1,0.0,0.0,0.0,0.0,0.0007131510064937174,0.0007131510064937174,7.131510064937175e-05,7.131510064937175e-05
IGF2R,1,0.0,0.0,0.0,0.0,0.0007131210877560079,0.0007131210877560079,7.131210877560079e-05,7.131210877560079e-05
RANBP10,2,0.0,0.0,0.0,0.0,0.000712506880518049,0.000619530095718801,7.12506880518049e-05,6.195300957188011e-05
NRBF2,4,0.0,0.0,0.0,0.0,0.0007123841787688434,0.0006061515450710431,7.123841787688434e-05,6.061515450710431e-05
RAB27A,1,0.0,0.0,0.0,0.0,0.0007083549862727523,0.0007083549862727523,7.083549862727523e-05,7.083549862727523e-05
UBE2Z,1,0.0,0.0,0.0,0.0,0.0007050071144476533,0.0007050071144476533,7.050071144476533e-05,7.050071144476533e-05
ALAS1,1,0.0,0.0,0.0,0.0,0.00070352473994717,0.00070352473994717,7.0352473994717e-05,7.0352473994717e-05
AMD1,2,0.0,0.0,0.0,0.0,0.0007031155982986093,0.0005523063737200573,7.031155982986093e-05,5.523063737200574e-05
FRZB,1,0.0,0.0,0.0,0.0,0.0007027043611742556,0.0007027043611742556,7.027043611742557e-05,7.027043611742557e-05
SELK*,2,0.0,0.0,0.0,0.0,0.0006987295928411186,0.0005689199460903183,6.987295928411186e-05,5.689199460903183e-05
PRR13,1,0.0,0.0,0.0,0.0,0.000696654140483588,0.000696654140483588,6.96654140483588e-05,6.96654140483588e-05
CLEC12A,1,0.0,0.0,0.0,0.0,0.0006963610649108887,0.0006963610649108887,6.963610649108886e-05,6.963610649108886e-05
ST3GAL3,1,0.0,0.0,0.0,0.0,0.0006962842890061438,0.0006962842890061438,6.962842890061438e-05,6.962842890061438e-05
EIF4G3,3,0.0,0.0,0.0,0.0,0.0006960753235034645,0.0006037189353567859,6.960753235034645e-05,6.037189353567859e-05
SNX29,1,0.0,0.0,0.0,0.0,0.0006959474994800985,0.0006959474994800985,6.959474994800985e-05,6.959474994800985e-05
POFUT1,1,0.0,0.0,0.0,0.0,0.0006945464992895722,0.0006945464992895722,6.945464992895723e-05,6.945464992895723e-05
PIK3IP1,1,0.0,0.0,0.0,0.0,0.0006938125588931143,0.0006938125588931143,6.938125588931144e-05,6.938125588931144e-05
MAP2K6,1,0.0,0.0,0.0,0.0,0.000693728041369468,0.000693728041369468,6.93728041369468e-05,6.93728041369468e-05
CLGN,1,0.0,0.0,0.0,0.0,0.0006932247779332101,0.0006932247779332101,6.932247779332102e-05,6.932247779332102e-05
SNX22,1,0.0,0.0,0.0,0.0,0.0006929431110620499,0.0006929431110620499,6.929431110620498e-05,6.929431110620498e-05
ATXN7,2,0.0,0.0,0.0,0.0,0.0006926392670720816,0.0005284029321046546,6.926392670720815e-05,5.284029321046546e-05
APH1B,1,0.0,0.0,0.0,0.0,0.0006925477646291256,0.0006925477646291256,6.925477646291256e-05,6.925477646291256e-05
VAMP3,1,0.0,0.0,0.0,0.0,0.0006920182495377958,0.0006920182495377958,6.920182495377958e-05,6.920182495377958e-05
TRIB2,1,0.0,0.0,0.0,0.0,0.0006917011342011392,0.0006917011342011392,6.917011342011392e-05,6.917011342011392e-05
VAPB,1,0.0,0.0,0.0,0.0,0.0006914482801221311,0.0006914482801221311,6.914482801221312e-05,6.914482801221312e-05
IGSF6,2,0.0,0.0,0.0,0.0,0.0006909604417160153,0.0006416474934667349,6.909604417160153e-05,6.416474934667349e-05
ADAT1,1,0.0,0.0,0.0,0.0,0.0006900501321069896,0.0006900501321069896,6.900501321069897e-05,6.900501321069897e-05
ENSG00000230551,1,0.0,0.0,0.0,0.0,0.0006898022256791592,0.0006898022256791592,6.898022256791591e-05,6.898022256791591e-05
BIN3,1,0.0,0.0,0.0,0.0,0.0006895752158015966,0.0006895752158015966,6.895752158015966e-05,6.895752158015966e-05
8-Sep,1,0.0,0.0,0.0,0.0,0.0006894827820360661,0.0006894827820360661,6.894827820360661e-05,6.894827820360661e-05
TRNAU1AP,1,0.0,0.0,0.0,0.0,0.0006893867393955588,0.0006893867393955588,6.893867393955589e-05,6.893867393955589e-05
RBM23,1,0.0,0.0,0.0,0.0,0.0006893061799928546,0.0006893061799928546,6.893061799928546e-05,6.893061799928546e-05
RAB11FIP3,1,0.0,0.0,0.0,0.0,0.0006889003561809659,0.0006889003561809659,6.889003561809659e-05,6.889003561809659e-05
GTDC1,1,0.0,0.0,0.0,0.0,0.000688688363879919,0.000688688363879919,6.886883638799191e-05,6.886883638799191e-05
SSX7,1,0.0,0.0,0.0,0.0,0.0006860194844193757,0.0006860194844193757,6.860194844193757e-05,6.860194844193757e-05
OLFML1,1,0.0,0.0,0.0,0.0,0.0006810272461734712,0.0006810272461734712,6.810272461734713e-05,6.810272461734713e-05
TAOK2,1,0.0,0.0,0.0,0.0,0.0006795708904974163,0.0006795708904974163,6.795708904974163e-05,6.795708904974163e-05
GTF2I,1,0.0,0.0,0.0,0.0,0.0006791225750930607,0.0006791225750930607,6.791225750930607e-05,6.791225750930607e-05
GTF2IP1,1,0.0,0.0,0.0,0.0,0.0006791225750930607,0.0006791225750930607,6.791225750930607e-05,6.791225750930607e-05
LOC100093631,1,0.0,0.0,0.0,0.0,0.0006791225750930607,0.0006791225750930607,6.791225750930607e-05,6.791225750930607e-05
PANX2,1,0.0,0.0,0.0,0.0,0.0006738351075910032,0.0006738351075910032,6.738351075910033e-05,6.738351075910033e-05
TNNC1,1,0.0,0.0,0.0,0.0,0.0006719343946315348,0.0006719343946315348,6.719343946315348e-05,6.719343946315348e-05
GNAQ,2,0.0,0.0,0.0,0.0,0.0006715364288538694,0.0006263349787332118,6.715364288538695e-05,6.263349787332118e-05
ATF6,2,0.0,0.0,0.0,0.0,0.0006714804330840707,0.0005808213900309056,6.714804330840707e-05,5.808213900309056e-05
MSI2,1,0.0,0.0,0.0,0.0,0.0006700125522911549,0.0006700125522911549,6.700125522911549e-05,6.700125522911549e-05
LINC00885,1,0.0,0.0,0.0,0.0,0.0006699624937027693,0.0006699624937027693,6.699624937027693e-05,6.699624937027693e-05
INPP4B,1,0.0,0.0,0.0,0.0,0.0006697798962704837,0.0006697798962704837,6.697798962704838e-05,6.697798962704838e-05
CD58,1,0.0,0.0,0.0,0.0,0.0006691823364235461,0.0006691823364235461,6.691823364235461e-05,6.691823364235461e-05
SLC6A10P,1,0.0,0.0,0.0,0.0,0.0006672609597444534,0.0006672609597444534,6.672609597444535e-05,6.672609597444535e-05
SLC6A10PB*,1,0.0,0.0,0.0,0.0,0.0006672609597444534,0.0006672609597444534,6.672609597444535e-05,6.672609597444535e-05
SLC6A8,2,0.0,0.0,0.0,0.0,0.0006672609597444534,0.0006107025837991387,6.672609597444535e-05,6.107025837991387e-05
KIF5B,1,0.0,0.0,0.0,0.0,0.0006669472204521298,0.0006669472204521298,6.669472204521299e-05,6.669472204521299e-05
SPATA7,1,0.0,0.0,0.0,0.0,0.0006653085583820939,0.0006653085583820939,6.65308558382094e-05,6.65308558382094e-05
BCL2L1,1,0.0,0.0,0.0,0.0,0.000660151825286448,0.000660151825286448,6.60151825286448e-05,6.60151825286448e-05
MLPH,1,0.0,0.0,0.0,0.0,0.0006598625332117081,0.0006598625332117081,6.59862533211708e-05,6.59862533211708e-05
ANKRD22,2,0.0,0.0,0.0,0.0,0.0006576197338290513,0.0005728169344365597,6.576197338290513e-05,5.728169344365597e-05
VPS26A,1,0.0,0.0,0.0,0.0,0.0006559139001183212,0.0006559139001183212,6.559139001183212e-05,6.559139001183212e-05
CORO1C,1,0.0,0.0,0.0,0.0,0.0006551957922056317,0.0006551957922056317,6.551957922056318e-05,6.551957922056318e-05
MEFV,2,0.0,-0.00031525851197977683,0.0,0.0,0.002048861002549529,0.0013504409580491483,6.520209135487676e-05,-0.00018021441617486198
SLC36A2,1,0.0,0.0,0.0,0.0,0.0006514340057037771,0.0006514340057037771,6.514340057037771e-05,6.514340057037771e-05
USP37,1,0.0,0.0,0.0,0.0,0.0006504838238470256,0.0006504838238470256,6.504838238470256e-05,6.504838238470256e-05
SPOPL,1,0.0,0.0,0.0,0.0,0.0006495374836958945,0.0006495374836958945,6.495374836958946e-05,6.495374836958946e-05
AATK,1,0.0,0.0,0.0,0.0,0.0006487916689366102,0.0006487916689366102,6.487916689366103e-05,6.487916689366103e-05
HDGF2*,1,0.0,0.0,0.0,0.0,0.0006472420645877719,0.0006472420645877719,6.47242064587772e-05,6.47242064587772e-05
FOSL2,2,0.0,0.0,0.0,0.0,0.0006458200514316559,0.0005693337297998369,6.45820051431656e-05,5.6933372979983696e-05
TRAPPC4,1,0.0,0.0,0.0,0.0,0.0006445238250307739,0.0006445238250307739,6.445238250307739e-05,6.445238250307739e-05
GK,3,0.0,0.0,0.0,0.0,0.0006443395395763218,0.0005981644887166718,6.443395395763219e-05,5.981644887166719e-05
CCDC47,1,0.0,0.0,0.0,0.0,0.0006442564772441983,0.0006442564772441983,6.442564772441983e-05,6.442564772441983e-05
TTTY6,1,0.0,0.0,0.0,0.0,0.0006441238219849765,0.0006441238219849765,6.441238219849766e-05,6.441238219849766e-05
TTTY6B,1,0.0,0.0,0.0,0.0,0.0006441238219849765,0.0006441238219849765,6.441238219849766e-05,6.441238219849766e-05
RRAGD,1,0.0,0.0,0.0,0.0,0.0006439942517317832,0.0006439942517317832,6.439942517317831e-05,6.439942517317831e-05
KLHL42,1,0.0,0.0,0.0,0.0,0.0006438212585635483,0.0006438212585635483,6.438212585635483e-05,6.438212585635483e-05
TPST1,1,0.0,0.0,0.0,0.0,0.0006437881384044886,0.0006437881384044886,6.437881384044886e-05,6.437881384044886e-05
NFAM1,1,0.0,0.0,0.0,0.0,0.0006437156698666513,0.0006437156698666513,6.437156698666514e-05,6.437156698666514e-05
PAGE2,1,0.0,0.0,0.0,0.0,0.0006426790496334434,0.0006426790496334434,6.426790496334433e-05,6.426790496334433e-05
PAGE2B,1,0.0,0.0,0.0,0.0,0.0006426790496334434,0.0006426790496334434,6.426790496334433e-05,6.426790496334433e-05
CIR1,1,0.0,0.0,0.0,0.0,0.0006422192673198879,0.0006422192673198879,6.422192673198879e-05,6.422192673198879e-05
LOC101929809,1,0.0,0.0,0.0,0.0,0.0006409232737496495,0.0006409232737496495,6.409232737496496e-05,6.409232737496496e-05
WSB1,1,0.0,0.0,0.0,0.0,0.000639110803604126,0.000639110803604126,6.39110803604126e-05,6.39110803604126e-05
CCNL1,1,0.0,0.0,0.0,0.0,0.0006362884305417538,0.0006362884305417538,6.362884305417537e-05,6.362884305417537e-05
PADI4,1,0.0,0.0,0.0,0.0,0.000635133998002857,0.000635133998002857,6.35133998002857e-05,6.35133998002857e-05
ARRDC2,1,0.0,0.0,0.0,0.0,0.0006349228788167238,0.0006349228788167238,6.349228788167238e-05,6.349228788167238e-05
FAM104A,1,0.0,0.0,0.0,0.0,0.0006338373059406877,0.0006338373059406877,6.338373059406876e-05,6.338373059406876e-05
TTLL1,1,0.0,0.0,0.0,0.0,0.000633415998890996,0.000633415998890996,6.33415998890996e-05,6.33415998890996e-05
TIAM2,1,0.0,0.0,0.0,0.0,0.0006333598284982145,0.0006333598284982145,6.333598284982146e-05,6.333598284982146e-05
LDLRAD1,1,0.0,0.0,0.0,0.0,0.0006302049732767045,0.0006302049732767045,6.302049732767046e-05,6.302049732767046e-05
ATP5G1,1,0.0,0.0,0.0,0.0,0.0006296828505583107,0.0006296828505583107,6.296828505583108e-05,6.296828505583108e-05
MRPL43,1,0.0,0.0,0.0,0.0,0.0006275548948906362,0.0006275548948906362,6.275548948906363e-05,6.275548948906363e-05
TMEM254-AS1,1,0.0,0.0,0.0,0.0,0.0006245244294404984,0.0006245244294404984,6.245244294404984e-05,6.245244294404984e-05
NT5C2,1,0.0,0.0,0.0,0.0,0.0006211712607182562,0.0006211712607182562,6.211712607182563e-05,6.211712607182563e-05
CKB,1,0.0,0.0,0.0,0.0,0.0006199926720000803,0.0006199926720000803,6.199926720000804e-05,6.199926720000804e-05
NBPF1,1,0.0,0.0,0.0,0.0,0.0006183378282003105,0.0006183378282003105,6.183378282003105e-05,6.183378282003105e-05
GPR97,2,0.0,0.0,0.0,0.0,0.0006175945163704455,0.0005765635578427464,6.175945163704455e-05,5.765635578427464e-05
DENND5A,1,0.0,0.0,0.0,0.0,0.0006170131964609027,0.0006170131964609027,6.170131964609027e-05,6.170131964609027e-05
PYGL,1,0.0,0.0,0.0,0.0,0.000616748642642051,0.000616748642642051,6.16748642642051e-05,6.16748642642051e-05
LBH,1,0.0,0.0,0.0,0.0,0.0006161712226457894,0.0006161712226457894,6.161712226457894e-05,6.161712226457894e-05
RNF130,1,0.0,0.0,0.0,0.0,0.0006144194630905986,0.0006144194630905986,6.144194630905986e-05,6.144194630905986e-05
CLK4,1,0.0,0.0,0.0,0.0,0.0006127941887825727,0.0006127941887825727,6.127941887825728e-05,6.127941887825728e-05
LINC00266-1,2,0.0,0.0,0.0,0.0,0.0006125805666670203,0.00048681253974791616,6.125805666670204e-05,4.868125397479162e-05
SMCHD1,1,0.0,0.0,0.0,0.0,0.0006121107726357877,0.0006121107726357877,6.121107726357878e-05,6.121107726357878e-05
PLD4,1,0.0,0.0,0.0,0.0,0.0006115729920566082,0.0006115729920566082,6.115729920566083e-05,6.115729920566083e-05
EIF2AK1,1,0.0,0.0,0.0,0.0,0.0006111830589361489,0.0006111830589361489,6.111830589361489e-05,6.111830589361489e-05
STRADB,1,0.0,0.0,0.0,0.0,0.0006087356596253812,0.0006087356596253812,6.0873565962538124e-05,6.0873565962538124e-05
PTPRE,3,0.0,0.0,0.0,0.0,0.0006084702326916158,0.0005039583872227619,6.084702326916158e-05,5.039583872227619e-05
ADAM9,2,0.0,0.0,0.0,0.0,0.0006064360495656729,0.0005419735243776813,6.064360495656729e-05,5.4197352437768134e-05
CXCL1,1,0.0,0.0,0.0,0.0,0.0006043899338692427,0.0006043899338692427,6.043899338692427e-05,6.043899338692427e-05
EFCAB12,1,0.0,0.0,0.0,0.0,0.0006039959262125194,0.0006039959262125194,6.0399592621251946e-05,6.0399592621251946e-05
ATP6V0D1,2,0.0,0.0,0.0,0.0,0.0006035800324752927,0.0005671605176758021,6.0358003247529274e-05,5.6716051767580217e-05
IL1R1,1,0.0,0.0,0.0,0.0,0.0006023703026585281,0.0006023703026585281,6.023703026585281e-05,6.023703026585281e-05
RNF149,1,0.0,0.0,0.0,0.0,0.0006014251848682761,0.0006014251848682761,6.014251848682762e-05,6.014251848682762e-05
TAL2,1,0.0,0.0,0.0,0.0,0.0006009464850649238,0.0006009464850649238,6.009464850649238e-05,6.009464850649238e-05
HPD,1,0.0,0.0,0.0,0.0,0.0005998300621286035,0.0005998300621286035,5.998300621286035e-05,5.998300621286035e-05
PROK2,2,0.0,0.0,0.0,0.0,0.0005988813936710358,0.0005793753953184932,5.988813936710358e-05,5.793753953184933e-05
OSBPL8,3,0.0,0.0,0.0,0.0,0.0005977684631943703,0.0005128941459891697,5.977684631943703e-05,5.128941459891696e-05
PLCB4,1,0.0,0.0,0.0,0.0,0.0005965753807686269,0.0005965753807686269,5.96575380768627e-05,5.96575380768627e-05
ZC3H14,1,0.0,0.0,0.0,0.0,0.0005960588459856808,0.0005960588459856808,5.9605884598568085e-05,5.9605884598568085e-05
IL18BP,1,0.0,0.0,0.0,0.0,0.0005960218841210008,0.0005960218841210008,5.960218841210008e-05,5.960218841210008e-05
TBL2,1,0.0,0.0,0.0,0.0,0.000594579556491226,0.000594579556491226,5.94579556491226e-05,5.94579556491226e-05
APOBEC3D,1,0.0,0.0,0.0,0.0,0.000593788456171751,0.000593788456171751,5.9378845617175105e-05,5.9378845617175105e-05
GSPT1,3,0.0,0.0,0.0,0.0,0.0005930734914727509,0.00048229971434921026,5.930734914727509e-05,4.8229971434921025e-05
VTI1B,1,0.0,0.0,0.0,0.0,0.0005908215534873307,0.0005908215534873307,5.908215534873307e-05,5.908215534873307e-05
ADCK2,1,0.0,0.0,0.0,0.0,0.0005906001897528768,0.0005906001897528768,5.906001897528768e-05,5.906001897528768e-05
LOC494150,1,0.0,0.0,0.0,0.0,0.0005899048410356045,0.0005899048410356045,5.899048410356045e-05,5.899048410356045e-05
SLC19A1,1,0.0,0.0,0.0,0.0,0.0005876088980585337,0.0005876088980585337,5.876088980585337e-05,5.876088980585337e-05
ZNF573,1,0.0,0.0,0.0,0.0,0.0005870332242920995,0.0005870332242920995,5.870332242920995e-05,5.870332242920995e-05
C1QTNF2,1,0.0,0.0,0.0,0.0,0.0005869811284355819,0.0005869811284355819,5.8698112843558194e-05,5.8698112843558194e-05
ENSG00000230724,1,0.0,0.0,0.0,0.0,0.0005850324523635209,0.0005850324523635209,5.850324523635209e-05,5.850324523635209e-05
ENSG00000237683,1,0.0,0.0,0.0,0.0,0.0005850324523635209,0.0005850324523635209,5.850324523635209e-05,5.850324523635209e-05
ENSG00000238035,1,0.0,0.0,0.0,0.0,0.0005850324523635209,0.0005850324523635209,5.850324523635209e-05,5.850324523635209e-05
RP4-669L17.10*,1,0.0,0.0,0.0,0.0,0.0005850324523635209,0.0005850324523635209,5.850324523635209e-05,5.850324523635209e-05
LTBR,1,0.0,0.0,0.0,0.0,0.000582539418246597,0.000582539418246597,5.825394182465971e-05,5.825394182465971e-05
C10ORF118,2,0.0,-0.00031525851197983235,0.0,0.0,0.0008109686314128339,0.0006961161270737648,5.812636227346957e-05,-0.00024564689927245584
SOAT1,1,0.0,0.0,0.0,0.0,0.0005793863092549145,0.0005793863092549145,5.793863092549146e-05,5.793863092549146e-05
ELP6,1,0.0,0.0,0.0,0.0,0.0005789687857031822,0.0005789687857031822,5.7896878570318225e-05,5.7896878570318225e-05
SNCA,5,0.0,0.0,0.0,0.0,0.0005760443164035678,0.000417268619639799,5.7604431640356785e-05,4.17268619639799e-05
MKNK1,2,0.0,0.0,0.0,0.0,0.0005757578182965517,0.0005035056965425611,5.757578182965517e-05,5.03505696542561e-05
LRRC4,2,0.0,0.0,0.0,0.0,0.0005741150816902518,0.000520300745847635,5.741150816902519e-05,5.20300745847635e-05
FBXO38,2,0.0,0.0,0.0,0.0,0.0005724526708945632,0.0005089593469165266,5.7245267089456324e-05,5.0895934691652656e-05
ZSWIM2,1,0.0,0.0,0.0,0.0,0.0005722830537706614,0.0005722830537706614,5.722830537706614e-05,5.722830537706614e-05
HRH2,1,0.0,0.0,0.0,0.0,0.0005711033591069281,0.0005711033591069281,5.7110335910692816e-05,5.7110335910692816e-05
DNASE1L1,1,0.0,0.0,0.0,0.0,0.000571036827750504,0.000571036827750504,5.7103682775050404e-05,5.7103682775050404e-05
GPN1,1,0.0,0.0,0.0,0.0,0.0005699421162717044,0.0005699421162717044,5.699421162717045e-05,5.699421162717045e-05
FOLR3,1,0.0,0.0,0.0,0.0,0.0005693637067452073,0.0005693637067452073,5.693637067452073e-05,5.693637067452073e-05
TMEM184B,1,0.0,0.0,0.0,0.0,0.0005671231774613261,0.0005671231774613261,5.6712317746132616e-05,5.6712317746132616e-05
KAT6A,1,0.0,0.0,0.0,0.0,0.0005645185010507703,0.0005645185010507703,5.645185010507703e-05,5.645185010507703e-05
CD302,1,0.0,0.0,0.0,0.0,0.0005643030162900686,0.0005643030162900686,5.643030162900687e-05,5.643030162900687e-05
LY75-CD302,1,0.0,0.0,0.0,0.0,0.0005643030162900686,0.0005643030162900686,5.643030162900687e-05,5.643030162900687e-05
NFIA,1,0.0,0.0,0.0,0.0,0.000563326058909297,0.000563326058909297,5.63326058909297e-05,5.63326058909297e-05
AK1,1,0.0,0.0,0.0,0.0,0.0005621648742817342,0.0005621648742817342,5.6216487428173424e-05,5.6216487428173424e-05
H1FX,1,0.0,0.0,0.0,0.0,0.0005617217975668609,0.0005617217975668609,5.6172179756686095e-05,5.6172179756686095e-05
FBXL2,1,0.0,0.0,0.0,0.0,0.0005614015972241759,0.0005614015972241759,5.61401597224176e-05,5.61401597224176e-05
SPINK8,1,0.0,0.0,0.0,0.0,0.0005611605010926723,0.0005611605010926723,5.6116050109267236e-05,5.6116050109267236e-05
KPNA1,1,0.0,0.0,0.0,0.0,0.0005594881367869675,0.0005594881367869675,5.5948813678696754e-05,5.5948813678696754e-05
DNAJC10,1,0.0,0.0,0.0,0.0,0.0005593498353846371,0.0005593498353846371,5.5934983538463716e-05,5.5934983538463716e-05
ALOX5AP,1,0.0,0.0,0.0,0.0,0.000559164909645915,0.000559164909645915,5.59164909645915e-05,5.59164909645915e-05
DPCD,1,0.0,0.0,0.0,0.0,0.0005591125227510929,0.0005591125227510929,5.591125227510929e-05,5.591125227510929e-05
ORC6,1,0.0,0.0,0.0,0.0,0.0005587009945884347,0.0005587009945884347,5.587009945884347e-05,5.587009945884347e-05
KLHL2,1,0.0,0.0,0.0,0.0,0.0005585571634583175,0.0005585571634583175,5.585571634583175e-05,5.585571634583175e-05
USP3,1,0.0,0.0,0.0,0.0,0.0005578885320574045,0.0005578885320574045,5.5788853205740456e-05,5.5788853205740456e-05
DYSF,3,0.0,0.0,0.0,0.0,0.0005577103584073484,0.0005029230669606477,5.5771035840734845e-05,5.029230669606477e-05
SWAP70,2,0.0,0.0,0.0,0.0,0.0005576916155405343,0.0004966813721694052,5.576916155405343e-05,4.966813721694053e-05
ODC1,1,0.0,0.0,0.0,0.0,0.000555629376322031,0.000555629376322031,5.55629376322031e-05,5.55629376322031e-05
MCMBP,1,0.0,0.0,0.0,0.0,0.0005538270925171673,0.0005538270925171673,5.538270925171674e-05,5.538270925171674e-05
RAF1,1,0.0,0.0,0.0,0.0,0.0005537785473279655,0.0005537785473279655,5.537785473279655e-05,5.537785473279655e-05
LMOD1,1,0.0,0.0,0.0,0.0,0.0005513970390893519,0.0005513970390893519,5.513970390893519e-05,5.513970390893519e-05
ABHD6,1,0.0,0.0,0.0,0.0,0.0005509016918949783,0.0005509016918949783,5.509016918949783e-05,5.509016918949783e-05
IQGAP1,1,0.0,0.0,0.0,0.0,0.0005508627509698272,0.0005508627509698272,5.508627509698272e-05,5.508627509698272e-05
LRRC41,1,0.0,0.0,0.0,0.0,0.0005504295113496482,0.0005504295113496482,5.504295113496483e-05,5.504295113496483e-05
ZBTB47,1,0.0,0.0,0.0,0.0,0.0005498954560607672,0.0005498954560607672,5.498954560607672e-05,5.498954560607672e-05
C19ORF59,2,0.0,0.0,0.0,0.0,0.0005493697826750576,0.0005027582810726017,5.493697826750577e-05,5.0275828107260176e-05
NBEAL2,2,0.0,-0.00031525851197977683,0.0,0.0,0.0025271510239690542,0.0015381903212983161,5.4922961862757805e-05,-0.00016143947984994522
KLHL8,1,0.0,0.0,0.0,0.0,0.0005478529492393136,0.0005478529492393136,5.4785294923931364e-05,5.4785294923931364e-05
FUT7,1,0.0,0.0,0.0,0.0,0.0005470581236295402,0.0005470581236295402,5.4705812362954025e-05,5.4705812362954025e-05
THEMIS2,1,0.0,0.0,0.0,0.0,0.0005447625298984349,0.0005447625298984349,5.447625298984349e-05,5.447625298984349e-05
LGALSL,1,0.0,0.0,0.0,0.0,0.000543600064702332,0.000543600064702332,5.4360006470233205e-05,5.4360006470233205e-05
ANGPTL2,1,0.0,0.0,0.0,0.0,0.0005434193299151957,0.0005434193299151957,5.434193299151957e-05,5.434193299151957e-05
GDF15,1,0.0,0.0,0.0,0.0,0.0005427376017905772,0.0005427376017905772,5.427376017905772e-05,5.427376017905772e-05
FCGR3A,3,0.0,0.0,0.0,0.0,0.0005422152462415397,0.0005103026439125339,5.4221524624153976e-05,5.1030264391253395e-05
FCGR3B,2,0.0,0.0,0.0,0.0,0.0005422152462415397,0.0005036028160247952,5.4221524624153976e-05,5.036028160247952e-05
GALK2,1,0.0,0.0,0.0,0.0,0.0005419147782959044,0.0005419147782959044,5.419147782959044e-05,5.419147782959044e-05
METTL4,1,0.0,0.0,0.0,0.0,0.0005416335188783705,0.0005416335188783705,5.4163351887837055e-05,5.4163351887837055e-05
MKRN1,6,0.0,0.0,0.0,0.0,0.0005414732731878757,0.00042977843258995563,5.4147327318787575e-05,4.297784325899556e-05
USP12,1,0.0,0.0,0.0,0.0,0.0005397796048782766,0.0005397796048782766,5.397796048782766e-05,5.397796048782766e-05
VEGFA,1,0.0,0.0,0.0,0.0,0.0005368227721191943,0.0005368227721191943,5.368227721191943e-05,5.368227721191943e-05
ALG1,1,0.0,0.0,0.0,0.0,0.0005363702075555921,0.0005363702075555921,5.3637020755559206e-05,5.3637020755559206e-05
CTBS,1,0.0,0.0,0.0,0.0,0.0005361767834983766,0.0005361767834983766,5.3617678349837665e-05,5.3617678349837665e-05
PRPF4,1,0.0,0.0,0.0,0.0,0.0005350105930119753,0.0005350105930119753,5.350105930119753e-05,5.350105930119753e-05
SULT1B1,1,0.0,0.0,0.0,0.0,0.0005342884105630219,0.0005342884105630219,5.342884105630219e-05,5.342884105630219e-05
YBX3,1,0.0,0.0,0.0,0.0,0.0005323965451680124,0.0005323965451680124,5.323965451680124e-05,5.323965451680124e-05
C11ORF54,1,0.0,0.0,0.0,0.0,0.0005321073113009334,0.0005321073113009334,5.321073113009334e-05,5.321073113009334e-05
TMEM134,1,0.0,0.0,0.0,0.0,0.0005304492078721523,0.0005304492078721523,5.3044920787215236e-05,5.3044920787215236e-05
ANKRD34B,1,0.0,0.0,0.0,0.0,0.0005294232978485525,0.0005294232978485525,5.294232978485525e-05,5.294232978485525e-05
TACC3,1,0.0,0.0,0.0,0.0,0.0005261264741420746,0.0005261264741420746,5.261264741420746e-05,5.261264741420746e-05
SLC22A15,1,0.0,0.0,0.0,0.0,0.0005260168109089136,0.0005260168109089136,5.260168109089136e-05,5.260168109089136e-05
AKNAD1,1,0.0,0.0,0.0,0.0,0.0005253840936347842,0.0005253840936347842,5.253840936347842e-05,5.253840936347842e-05
CD83,1,0.0,0.0,0.0,0.0,0.0005246625514701009,0.0005246625514701009,5.246625514701009e-05,5.246625514701009e-05
STAP1,1,0.0,0.0,0.0,0.0,0.0005233418196439743,0.0005233418196439743,5.233418196439743e-05,5.233418196439743e-05
GPBP1,1,0.0,0.0,0.0,0.0,0.0005230690003372729,0.0005230690003372729,5.230690003372729e-05,5.230690003372729e-05
FCRL2,2,0.0,-0.00031525851197977683,0.0,0.0,0.0011721125338226557,0.000846592360176146,5.210721865296364e-05,-0.00023059927596216223
RAB31,1,0.0,0.0,0.0,0.0,0.0005209189839661121,0.0005209189839661121,5.2091898396611214e-05,5.2091898396611214e-05
LARP4B,1,0.0,0.0,0.0,0.0,0.0005209021619521081,0.0005209021619521081,5.209021619521082e-05,5.209021619521082e-05
ABCD4,1,0.0,0.0,0.0,0.0,0.0005199101287871599,0.0005199101287871599,5.1991012878715995e-05,5.1991012878715995e-05
LIMD1,1,0.0,0.0,0.0,0.0,0.0005195541889406741,0.0005195541889406741,5.195541889406741e-05,5.195541889406741e-05
WDR59,1,0.0,0.0,0.0,0.0,0.0005194811965338886,0.0005194811965338886,5.194811965338886e-05,5.194811965338886e-05
NCOA1,1,0.0,0.0,0.0,0.0,0.0005175743135623634,0.0005175743135623634,5.175743135623634e-05,5.175743135623634e-05
LILRA2,5,0.0,0.0,0.0,0.0,0.0005169756477698684,0.00043030407978221773,5.169756477698684e-05,4.3030407978221776e-05
BHLHB9,1,0.0,0.0,0.0,0.0,0.0005166610353626311,0.0005166610353626311,5.166610353626311e-05,5.166610353626311e-05
PITHD1,2,0.0,0.0,0.0,0.0,0.0005159607389941812,0.0004532846651272848,5.159607389941812e-05,4.532846651272848e-05
VWA1,1,0.0,0.0,0.0,0.0,0.0005138925625942647,0.0005138925625942647,5.138925625942648e-05,5.138925625942648e-05
DYRK4,1,0.0,0.0,0.0,0.0,0.0005133301601745188,0.0005133301601745188,5.133301601745188e-05,5.133301601745188e-05
ASCC2,1,0.0,0.0,0.0,0.0,0.0005114497034810483,0.0005114497034810483,5.1144970348104836e-05,5.1144970348104836e-05
UBE2D1,1,0.0,0.0,0.0,0.0,0.000510755053255707,0.000510755053255707,5.10755053255707e-05,5.10755053255707e-05
IRS2,1,0.0,0.0,0.0,0.0,0.000509950565174222,0.000509950565174222,5.09950565174222e-05,5.09950565174222e-05
NUDCD3,1,0.0,0.0,0.0,0.0,0.0005090706399641931,0.0005090706399641931,5.0907063996419315e-05,5.0907063996419315e-05
IFIT1B,1,0.0,0.0,0.0,0.0,0.0005088295438326895,0.0005088295438326895,5.088295438326895e-05,5.088295438326895e-05
CD72,1,0.0,0.0,0.0,0.0,0.0005075503140687943,0.0005075503140687943,5.075503140687943e-05,5.075503140687943e-05
PGM2,1,0.0,0.0,0.0,0.0,0.0005071978084743023,0.0005071978084743023,5.071978084743023e-05,5.071978084743023e-05
AIMP2,1,0.0,0.0,0.0,0.0,0.0005065221921540797,0.0005065221921540797,5.065221921540797e-05,5.065221921540797e-05
KRT33B,1,0.0,0.0,0.0,0.0,0.0005063052522018552,0.0005063052522018552,5.063052522018552e-05,5.063052522018552e-05
VGLL4,1,0.0,0.0,0.0,0.0,0.0005058874376118183,0.0005058874376118183,5.058874376118183e-05,5.058874376118183e-05
INPP5A,1,0.0,0.0,0.0,0.0,0.0005054751527495682,0.0005054751527495682,5.0547515274956826e-05,5.0547515274956826e-05
MAPKAP1,1,0.0,0.0,0.0,0.0,0.0005044922581873834,0.0005044922581873834,5.044922581873835e-05,5.044922581873835e-05
C8ORF33,1,0.0,0.0,0.0,0.0,0.0005038592498749495,0.0005038592498749495,5.038592498749495e-05,5.038592498749495e-05
LRRK2,2,0.0,0.0,0.0,0.0,0.0005037486553192139,0.0004553456528810784,5.037486553192139e-05,4.553456528810784e-05
FBXL5,1,0.0,0.0,0.0,0.0,0.000502866692841053,0.000502866692841053,5.02866692841053e-05,5.02866692841053e-05
LTB4R,2,0.0,0.0,0.0,0.0,0.0005019607488065958,0.0004500475333770737,5.019607488065958e-05,4.500475333770737e-05
SAP30L,1,0.0,0.0,0.0,0.0,0.0005010198801755905,0.0005010198801755905,5.010198801755906e-05,5.010198801755906e-05
STEAP4,2,0.0,0.0,0.0,0.0,0.0005007288418710232,0.00045761981164105237,5.007288418710232e-05,4.576198116410524e-05
KCNG1,1,0.0,0.0,0.0,0.0,0.0005002972320653498,0.0005002972320653498,5.002972320653499e-05,5.002972320653499e-05
CHID1,2,0.0,-0.0006305170239596092,0.0,0.0,0.0017368943663313985,0.0011181297013536096,4.993650363758207e-05,-0.0005187040538242482
USP32,1,0.0,0.0,0.0,0.0,0.0004988536238670349,0.0004988536238670349,4.988536238670349e-05,4.988536238670349e-05
ZNF281,2,0.0,-0.00031525851197977683,0.0,0.0,0.0017095484072342515,0.0011039091914426535,4.982699756510556e-05,-0.00020486759283551146
EPDR1,1,0.0,0.0,0.0,0.0,0.000497216999065131,0.000497216999065131,4.97216999065131e-05,4.97216999065131e-05
ALS2CR12,1,0.0,0.0,0.0,0.0,0.0004967135610058904,0.0004967135610058904,4.967135610058904e-05,4.967135610058904e-05
PLAGL1,1,0.0,0.0,0.0,0.0,0.0004949512076564133,0.0004949512076564133,4.9495120765641336e-05,4.9495120765641336e-05
SLC25A39,1,0.0,0.0,0.0,0.0,0.0004934393800795078,0.0004934393800795078,4.9343938007950784e-05,4.9343938007950784e-05
ATG3,1,0.0,0.0,0.0,0.0,0.0004909267881885171,0.0004909267881885171,4.909267881885171e-05,4.909267881885171e-05
ZNF467,1,0.0,0.0,0.0,0.0,0.0004889164702035487,0.0004889164702035487,4.889164702035487e-05,4.889164702035487e-05
IGLL1,1,0.0,0.0,0.0,0.0,0.0004876992607023567,0.0004876992607023567,4.8769926070235674e-05,4.8769926070235674e-05
OSBPL9,1,0.0,0.0,0.0,0.0,0.0004855195584241301,0.0004855195584241301,4.855195584241301e-05,4.855195584241301e-05
MAZ,1,0.0,0.0,0.0,0.0,0.00048417452489957213,0.00048417452489957213,4.8417452489957213e-05,4.8417452489957213e-05
CLYBL,1,0.0,0.0,0.0,0.0,0.00048402344691567123,0.00048402344691567123,4.840234469156713e-05,4.840234469156713e-05
HSPA1L,1,0.0,0.0,0.0,0.0,0.00048154848627746105,0.00048154848627746105,4.8154848627746105e-05,4.8154848627746105e-05
NFIL3,1,0.0,0.0,0.0,0.0,0.0004811969993170351,0.0004811969993170351,4.811969993170351e-05,4.811969993170351e-05
MAEA,2,0.0,0.0,0.0,0.0,0.0004785075434483588,0.0004391431575641036,4.785075434483588e-05,4.3914315756410364e-05
FAM117A,1,0.0,0.0,0.0,0.0,0.00047752735554240644,0.00047752735554240644,4.7752735554240644e-05,4.7752735554240644e-05
CCDC125,1,0.0,0.0,0.0,0.0,0.0004759632865898311,0.0004759632865898311,4.7596328658983115e-05,4.7596328658983115e-05
LACTB,1,0.0,0.0,0.0,0.0,0.00047593191266059875,0.00047593191266059875,4.759319126605988e-05,4.759319126605988e-05
PFN2,1,0.0,0.0,0.0,0.0,0.0004759028379339725,0.0004759028379339725,4.759028379339725e-05,4.759028379339725e-05
YME1L1,1,0.0,0.0,0.0,0.0,0.0004756212583743036,0.0004756212583743036,4.756212583743036e-05,4.756212583743036e-05
SF3B3,1,0.0,0.0,0.0,0.0,0.00047345468192361295,0.00047345468192361295,4.73454681923613e-05,4.73454681923613e-05
GBAP1,1,0.0,0.0,0.0,0.0,0.00047279446152970195,0.00047279446152970195,4.72794461529702e-05,4.72794461529702e-05
STK4,2,0.0,0.0,0.0,0.0,0.0004727767955046147,0.0004126926214667037,4.7277679550461477e-05,4.126926214667038e-05
CNPPD1,1,0.0,0.0,0.0,0.0,0.00047179387183859944,0.00047179387183859944,4.717938718385995e-05,4.717938718385995e-05
TBCEL,1,0.0,0.0,0.0,0.0,0.0004717336851172149,0.0004717336851172149,4.7173368511721495e-05,4.7173368511721495e-05
TMEM156,1,0.0,0.0,0.0,0.0,0.0004702722653746605,0.0004702722653746605,4.7027226537466055e-05,4.7027226537466055e-05
ANKFY1,1,0.0,0.0,0.0,0.0,0.0004702301521319896,0.0004702301521319896,4.702301521319896e-05,4.702301521319896e-05
JADE2,1,0.0,0.0,0.0,0.0,0.0004701462748926133,0.0004701462748926133,4.701462748926133e-05,4.701462748926133e-05
LAPTM5,1,0.0,0.0,0.0,0.0,0.0004677427059505135,0.0004677427059505135,4.6774270595051354e-05,4.6774270595051354e-05
CA4,1,0.0,0.0,0.0,0.0,0.0004668522160500288,0.0004668522160500288,4.668522160500288e-05,4.668522160500288e-05
BSDC1,1,0.0,0.0,0.0,0.0,0.00046581082278862596,0.00046581082278862596,4.65810822788626e-05,4.65810822788626e-05
CKLF,3,0.0,0.0,0.0,0.0,0.0004657590470742434,0.0004061030437393735,4.657590470742435e-05,4.061030437393735e-05
CKLF-CMTM1,2,0.0,0.0,0.0,0.0,0.0004657590470742434,0.00042125670006498694,4.657590470742435e-05,4.2125670006498694e-05
GDPD3,1,0.0,0.0,0.0,0.0,0.0004657031095121056,0.0004657031095121056,4.6570310951210564e-05,4.6570310951210564e-05
MAGED2,1,0.0,0.0,0.0,0.0,0.0004651780182030052,0.0004651780182030052,4.651780182030052e-05,4.651780182030052e-05
TRIM31,1,0.0,0.0,0.0,0.0,0.0004636423836927861,0.0004636423836927861,4.636423836927861e-05,4.636423836927861e-05
TDRD9,1,0.0,0.0,0.0,0.0,0.0004633988719433546,0.0004633988719433546,4.6339887194335465e-05,4.6339887194335465e-05
UBE2J1,1,0.0,0.0,0.0,0.0,0.0004630323383025825,0.0004630323383025825,4.630323383025825e-05,4.630323383025825e-05
MANBAL,1,0.0,0.0,0.0,0.0,0.0004628115566447377,0.0004628115566447377,4.6281155664473776e-05,4.6281155664473776e-05
IL3RA,1,0.0,0.0,0.0,0.0,0.00046269723679870367,0.00046269723679870367,4.626972367987037e-05,4.626972367987037e-05
LPCAT3,2,0.0,0.0,0.0,0.0,0.0004625582369044423,0.00045491475611925125,4.625582369044423e-05,4.549147561192513e-05
TMOD1,2,0.0,0.0,0.0,0.0,0.00046142999781295657,0.000433276713010855,4.614299978129566e-05,4.332767130108551e-05
MAP3K5,1,0.0,0.0,0.0,0.0,0.0004587110015563667,0.0004587110015563667,4.587110015563667e-05,4.587110015563667e-05
SULT2B1,1,0.0,0.0,0.0,0.0,0.0004570709716062993,0.0004570709716062993,4.570709716062993e-05,4.570709716062993e-05
DMD,1,0.0,0.0,0.0,0.0,0.0004568310978356749,0.0004568310978356749,4.5683109783567494e-05,4.5683109783567494e-05
ST3GAL6,1,0.0,0.0,0.0,0.0,0.0004568087460938841,0.0004568087460938841,4.5680874609388415e-05,4.5680874609388415e-05
DCTN2,1,0.0,0.0,0.0,0.0,0.0004556110652629286,0.0004556110652629286,4.5561106526292866e-05,4.5561106526292866e-05
RFWD2,2,0.0,-0.00031525851197977683,0.0,0.0,0.0016946266405284405,0.0010740562429418787,4.53485845355317e-05,-0.00020785288768558895
E2F2,1,0.0,0.0,0.0,0.0,0.00045015144860371947,0.00045015144860371947,4.501514486037195e-05,4.501514486037195e-05
FN1,1,0.0,0.0,0.0,0.0,0.00045009920722804964,0.00045009920722804964,4.5009920722804966e-05,4.5009920722804966e-05
CD300A,1,0.0,0.0,0.0,0.0,0.00044899454223923385,0.00044899454223923385,4.4899454223923385e-05,4.4899454223923385e-05
MIR600HG,1,0.0,0.0,0.0,0.0,0.0004483469820115715,0.0004483469820115715,4.483469820115715e-05,4.483469820115715e-05
SKP2,1,0.0,0.0,0.0,0.0,0.00044778778101317585,0.00044778778101317585,4.477877810131759e-05,4.477877810131759e-05
ADAM8,1,0.0,0.0,0.0,0.0,0.0004474593442864716,0.0004474593442864716,4.474593442864716e-05,4.474593442864716e-05
C18ORF8,1,0.0,0.0,0.0,0.0,0.0004470316634979099,0.0004470316634979099,4.470316634979099e-05,4.470316634979099e-05
VAV2,1,0.0,0.0,0.0,0.0,0.00044554463238455355,0.00044554463238455355,4.455446323845536e-05,4.455446323845536e-05
GID4,1,0.0,0.0,0.0,0.0,0.0004445067315828055,0.0004445067315828055,4.445067315828055e-05,4.445067315828055e-05
PNP,1,0.0,0.0,0.0,0.0,0.00044371740659698844,0.00044371740659698844,4.437174065969885e-05,4.437174065969885e-05
CCNB1IP1,1,0.0,0.0,0.0,0.0,0.0004431275592651218,0.0004431275592651218,4.431275592651219e-05,4.431275592651219e-05
C5ORF58,1,0.0,0.0,0.0,0.0,0.00044307057396508753,0.00044307057396508753,4.430705739650876e-05,4.430705739650876e-05
RNF11,1,0.0,0.0,0.0,0.0,0.00044301405432634056,0.00044301405432634056,4.430140543263406e-05,4.430140543263406e-05
CLEC2D,1,0.0,0.0,0.0,0.0,0.00044116631033830345,0.00044116631033830345,4.411663103383035e-05,4.411663103383035e-05
ZNF516,1,0.0,0.0,0.0,0.0,0.00044093397445976734,0.00044093397445976734,4.409339744597674e-05,4.409339744597674e-05
CENPM,1,0.0,0.0,0.0,0.0,0.0004408358654472977,0.0004408358654472977,4.408358654472977e-05,4.408358654472977e-05
TENM2,1,0.0,0.0,0.0,0.0,0.00043919257586821914,0.00043919257586821914,4.391925758682192e-05,4.391925758682192e-05
ARL15,1,0.0,0.0,0.0,0.0,0.0004386876244097948,0.0004386876244097948,4.3868762440979486e-05,4.3868762440979486e-05
FAHD1,1,0.0,0.0,0.0,0.0,0.00043778755934908986,0.00043778755934908986,4.377875593490899e-05,4.377875593490899e-05
DMRTA2,1,0.0,0.0,0.0,0.0,0.00043718083179555833,0.00043718083179555833,4.371808317955584e-05,4.371808317955584e-05
PLXNC1,1,0.0,0.0,0.0,0.0,0.00043635600013658404,0.00043635600013658404,4.3635600013658406e-05,4.3635600013658406e-05
IFT52,1,0.0,0.0,0.0,0.0,0.000435638619819656,0.000435638619819656,4.3563861981965606e-05,4.3563861981965606e-05
DPM2,1,0.0,0.0,0.0,0.0,0.00043532715062610805,0.00043532715062610805,4.353271506261081e-05,4.353271506261081e-05
ARHGAP9,2,0.0,0.0,0.0,0.0,0.0004336945712566376,0.0003597823524614796,4.336945712566376e-05,3.597823524614796e-05
FBXO7,2,0.0,0.0,0.0,0.0,0.0004329209914430976,0.0004082289960933849,4.3292099144309765e-05,4.0822899609338496e-05
CAMKK2,1,0.0,0.0,0.0,0.0,0.00043198629282414913,0.00043198629282414913,4.3198629282414916e-05,4.3198629282414916e-05
RNF145,1,0.0,0.0,0.0,0.0,0.00043195983744226396,0.00043195983744226396,4.31959837442264e-05,4.31959837442264e-05
CTCFL,1,0.0,0.0,0.0,0.0,0.00043163547525182366,0.00043163547525182366,4.316354752518237e-05,4.316354752518237e-05
DAPP1,1,0.0,0.0,0.0,0.0,0.0004305568872950971,0.0004305568872950971,4.305568872950972e-05,4.305568872950972e-05
LOC100653194,1,0.0,0.0,0.0,0.0,0.0004295466933399439,0.0004295466933399439,4.2954669333994394e-05,4.2954669333994394e-05
SIRPB1,1,0.0,0.0,0.0,0.0,0.0004295466933399439,0.0004295466933399439,4.2954669333994394e-05,4.2954669333994394e-05
DNAJC5,1,0.0,0.0,0.0,0.0,0.0004294845275580883,0.0004294845275580883,4.294845275580883e-05,4.294845275580883e-05
SNX13,1,0.0,0.0,0.0,0.0,0.00042816397035494447,0.00042816397035494447,4.281639703549445e-05,4.281639703549445e-05
RNF207,1,0.0,0.0,0.0,0.0,0.0004278880951460451,0.0004278880951460451,4.278880951460451e-05,4.278880951460451e-05
ITM2B,1,0.0,0.0,0.0,0.0,0.0004276181571185589,0.0004276181571185589,4.276181571185589e-05,4.276181571185589e-05
PFKFB3,1,0.0,0.0,0.0,0.0,0.0004275035171303898,0.0004275035171303898,4.2750351713038985e-05,4.2750351713038985e-05
TSPAN5,1,0.0,0.0,0.0,0.0,0.0004273462400306016,0.0004273462400306016,4.273462400306016e-05,4.273462400306016e-05
SLC25A37,1,0.0,0.0,0.0,0.0,0.0004271459474693984,0.0004271459474693984,4.271459474693984e-05,4.271459474693984e-05
HLX,1,0.0,0.0,0.0,0.0,0.00042623953777365386,0.00042623953777365386,4.262395377736539e-05,4.262395377736539e-05
LSMEM2,1,0.0,0.0,0.0,0.0,0.000424881000071764,0.000424881000071764,4.24881000071764e-05,4.24881000071764e-05
SLC14A1,1,0.0,0.0,0.0,0.0,0.00042465628939680755,0.00042465628939680755,4.246562893968076e-05,4.246562893968076e-05
UBXN2B,1,0.0,0.0,0.0,0.0,0.000423037214204669,0.000423037214204669,4.23037214204669e-05,4.23037214204669e-05
CSN1S1,1,0.0,0.0,0.0,0.0,0.0004196109075564891,0.0004196109075564891,4.1961090755648914e-05,4.1961090755648914e-05
RPIA,2,0.0,0.0,0.0,0.0,0.00041954952757805586,0.00041056450572796166,4.195495275780559e-05,4.105645057279617e-05
S100A12,1,0.0,0.0,0.0,0.0,0.00041703227907419205,0.00041703227907419205,4.1703227907419205e-05,4.1703227907419205e-05
CCL23,1,0.0,0.0,0.0,0.0,0.0004166592552792281,0.0004166592552792281,4.166592552792281e-05,4.166592552792281e-05
TBL1X,1,0.0,0.0,0.0,0.0,0.0004163936246186495,0.0004163936246186495,4.163936246186495e-05,4.163936246186495e-05
E2F3,1,0.0,0.0,0.0,0.0,0.00041550208698026836,0.00041550208698026836,4.155020869802684e-05,4.155020869802684e-05
KLF7,1,0.0,0.0,0.0,0.0,0.0004148018779233098,0.0004148018779233098,4.1480187792330984e-05,4.1480187792330984e-05
SRRD,1,0.0,0.0,0.0,0.0,0.0004135323688387871,0.0004135323688387871,4.135323688387871e-05,4.135323688387871e-05
ECE1,1,0.0,0.0,0.0,0.0,0.0004134159244131297,0.0004134159244131297,4.134159244131297e-05,4.134159244131297e-05
MMD2,1,0.0,0.0,0.0,0.0,0.0004132052999921143,0.0004132052999921143,4.132052999921143e-05,4.132052999921143e-05
SLC25A44,1,0.0,0.0,0.0,0.0,0.0004109643050469458,0.0004109643050469458,4.1096430504694584e-05,4.1096430504694584e-05
YPEL1,1,0.0,0.0,0.0,0.0,0.00040934226126410067,0.00040934226126410067,4.093422612641007e-05,4.093422612641007e-05
TDP2,1,0.0,0.0,0.0,0.0,0.0004081316292285919,0.0004081316292285919,4.0813162922859195e-05,4.0813162922859195e-05
ITGB2,1,0.0,0.0,0.0,0.0,0.0004080078797414899,0.0004080078797414899,4.080078797414899e-05,4.080078797414899e-05
PPP1R21,1,0.0,0.0,0.0,0.0,0.000407345563871786,0.000407345563871786,4.0734556387178605e-05,4.0734556387178605e-05
TLE4,1,0.0,0.0,0.0,0.0,0.00040612052544020116,0.00040612052544020116,4.0612052544020116e-05,4.0612052544020116e-05
TCF19,1,0.0,0.0,0.0,0.0,0.0004056116158608347,0.0004056116158608347,4.0561161586083476e-05,4.0561161586083476e-05
RBCK1,1,0.0,0.0,0.0,0.0,0.00040450080996379256,0.00040450080996379256,4.045008099637926e-05,4.045008099637926e-05
NCF4,1,0.0,0.0,0.0,0.0,0.0004044125380460173,0.0004044125380460173,4.044125380460173e-05,4.044125380460173e-05
UBR2,1,0.0,0.0,0.0,0.0,0.00040408430504612625,0.00040408430504612625,4.040843050461263e-05,4.040843050461263e-05
KIAA0125,1,0.0,0.0,0.0,0.0,0.00040340860141441226,0.00040340860141441226,4.034086014144123e-05,4.034086014144123e-05
USP4,1,0.0,0.0,0.0,0.0,0.0004028261755593121,0.0004028261755593121,4.0282617555931216e-05,4.0282617555931216e-05
FCRLA,3,0.0,0.0,0.0,0.0,0.0004021490167360753,0.00034425353320936364,4.021490167360753e-05,3.442535332093637e-05
EXOSC7,1,0.0,0.0,0.0,0.0,0.0003995248698629439,0.0003995248698629439,3.995248698629439e-05,3.995248698629439e-05
NUP50,1,0.0,0.0,0.0,0.0,0.00039401432150043547,0.00039401432150043547,3.940143215004355e-05,3.940143215004355e-05
SELENBP1,1,0.0,0.0,0.0,0.0,0.00039007177110761404,0.00039007177110761404,3.900717711076141e-05,3.900717711076141e-05
FXYD6,1,0.0,0.0,0.0,0.0,0.00038932892493903637,0.00038932892493903637,3.893289249390364e-05,3.893289249390364e-05
IL5RA,1,0.0,0.0,0.0,0.0,0.0003875205875374377,0.0003875205875374377,3.875205875374377e-05,3.875205875374377e-05
MTMR3,1,0.0,0.0,0.0,0.0,0.0003873941022902727,0.0003873941022902727,3.873941022902727e-05,3.873941022902727e-05
HDAC6,1,0.0,0.0,0.0,0.0,0.0003870137734338641,0.0003870137734338641,3.870137734338642e-05,3.870137734338642e-05
PTPRJ,1,0.0,0.0,0.0,0.0,0.00038697413401678205,0.00038697413401678205,3.8697413401678205e-05,3.8697413401678205e-05
PLBD1,1,0.0,0.0,0.0,0.0,0.00038696741103194654,0.00038696741103194654,3.869674110319466e-05,3.869674110319466e-05
POLA1,1,0.0,0.0,0.0,0.0,0.00038640692946501076,0.00038640692946501076,3.864069294650108e-05,3.864069294650108e-05
ZNF230,1,0.0,0.0,0.0,0.0,0.0003861793957185,0.0003861793957185,3.861793957185e-05,3.861793957185e-05
SUSD3,1,0.0,0.0,0.0,0.0,0.0003860259603243321,0.0003860259603243321,3.8602596032433215e-05,3.8602596032433215e-05
TBC1D22B,1,0.0,0.0,0.0,0.0,0.00038456544280052185,0.00038456544280052185,3.8456544280052186e-05,3.8456544280052186e-05
CDK19,1,0.0,0.0,0.0,0.0,0.00038367771776393056,0.00038367771776393056,3.836777177639306e-05,3.836777177639306e-05
DPY19L3,1,0.0,0.0,0.0,0.0,0.0003836241376120597,0.0003836241376120597,3.836241376120597e-05,3.836241376120597e-05
PIK3C2B,1,0.0,0.0,0.0,0.0,0.00038255369872786105,0.00038255369872786105,3.8255369872786105e-05,3.8255369872786105e-05
LSM5,1,0.0,0.0,0.0,0.0,0.00037924619391560555,0.00037924619391560555,3.7924619391560555e-05,3.7924619391560555e-05
TSTD2,1,0.0,0.0,0.0,0.0,0.0003767784219235182,0.0003767784219235182,3.767784219235182e-05,3.767784219235182e-05
MRPL44,1,0.0,0.0,0.0,0.0,0.0003761588013730943,0.0003761588013730943,3.761588013730943e-05,3.761588013730943e-05
IQSEC1,1,0.0,0.0,0.0,0.0,0.0003761514672078192,0.0003761514672078192,3.7615146720781925e-05,3.7615146720781925e-05
CHCHD4,1,0.0,0.0,0.0,0.0,0.00037339195841923356,0.00037339195841923356,3.7339195841923356e-05,3.7339195841923356e-05
VMP1,1,0.0,0.0,0.0,0.0,0.00036953872768208385,0.00036953872768208385,3.695387276820839e-05,3.695387276820839e-05
SNX27,1,0.0,0.0,0.0,0.0,0.00036745419492945075,0.00036745419492945075,3.6745419492945075e-05,3.6745419492945075e-05
WDR77,1,0.0,0.0,0.0,0.0,0.0003651172446552664,0.0003651172446552664,3.651172446552664e-05,3.651172446552664e-05
CCND1,1,0.0,0.0,0.0,0.0,0.0003638722118921578,0.0003638722118921578,3.638722118921578e-05,3.638722118921578e-05
CD79B,1,0.0,0.0,0.0,0.0,0.00036376912612468004,0.00036376912612468004,3.6376912612468e-05,3.6376912612468e-05
PCDH9,1,0.0,0.0,0.0,0.0,0.0003597091417759657,0.0003597091417759657,3.597091417759657e-05,3.597091417759657e-05
CD22,2,0.0,0.0,0.0,0.0,0.0003591927234083414,0.00031168933492153883,3.591927234083414e-05,3.116893349215388e-05
PSMB2,1,0.0,0.0,0.0,0.0,0.00035857869079336524,0.00035857869079336524,3.5857869079336524e-05,3.5857869079336524e-05
ALDH5A1,1,0.0,0.0,0.0,0.0,0.0003542127087712288,0.0003542127087712288,3.542127087712288e-05,3.542127087712288e-05
SEL1L,1,0.0,0.0,0.0,0.0,0.00035388785181567073,0.00035388785181567073,3.538878518156708e-05,3.538878518156708e-05
UBE2O,1,0.0,0.0,0.0,0.0,0.00035306389327161014,0.00035306389327161014,3.5306389327161015e-05,3.5306389327161015e-05
AMN1,1,0.0,0.0,0.0,0.0,0.0003507081128191203,0.0003507081128191203,3.507081128191203e-05,3.507081128191203e-05
GUCD1,1,0.0,0.0,0.0,0.0,0.00034936837619170547,0.00034936837619170547,3.493683761917055e-05,3.493683761917055e-05
DDB1,1,0.0,0.0,0.0,0.0,0.000346264336258173,0.000346264336258173,3.46264336258173e-05,3.46264336258173e-05
FBXO31,1,0.0,0.0,0.0,0.0,0.0003417041734792292,0.0003417041734792292,3.4170417347922924e-05,3.4170417347922924e-05
MMP9,1,0.0,0.0,0.0,0.0,0.0003405309980735183,0.0003405309980735183,3.405309980735183e-05,3.405309980735183e-05
RASGEF1B,1,0.0,0.0,0.0,0.0,0.0003320261894259602,0.0003320261894259602,3.320261894259602e-05,3.320261894259602e-05
DUSP13,1,0.0,0.0,0.0,0.0,0.00032630254281684756,0.00032630254281684756,3.2630254281684756e-05,3.2630254281684756e-05
ACP1,1,0.0,0.0,0.0,0.0,0.0003220470971427858,0.0003220470971427858,3.220470971427858e-05,3.220470971427858e-05
APAF1,1,0.0,0.0,0.0,0.0,0.00031541683711111546,0.00031541683711111546,3.1541683711111546e-05,3.1541683711111546e-05
LGALS3,1,0.0,0.0,0.0,0.0,0.0003105060604866594,0.0003105060604866594,3.105060604866594e-05,3.105060604866594e-05
FRY,1,0.0,0.0,0.0,0.0,0.0003027555940207094,0.0003027555940207094,3.027555940207094e-05,3.027555940207094e-05
TMEM127,1,0.0,0.0,0.0,0.0,0.00030274776509031653,0.00030274776509031653,3.0274776509031654e-05,3.0274776509031654e-05
ABCC6,1,0.0,0.0,0.0,0.0,0.0003005774924531579,0.0003005774924531579,3.005774924531579e-05,3.005774924531579e-05
BLNK,1,0.0,0.0,0.0,0.0,0.0002917469828389585,0.0002917469828389585,2.917469828389585e-05,2.917469828389585e-05
LILRB5,1,0.0,0.0,0.0,0.0,0.00029123539570719004,0.00029123539570719004,2.9123539570719006e-05,2.9123539570719006e-05
BCL7A,1,0.0,0.0,0.0,0.0,0.00028245485736988485,0.00028245485736988485,2.8245485736988485e-05,2.8245485736988485e-05
SPANXB1,1,0.0,0.0,0.0,0.0,0.00028072751592844725,0.00028072751592844725,2.8072751592844725e-05,2.8072751592844725e-05
SPANXB2,1,0.0,0.0,0.0,0.0,0.00028072751592844725,0.00028072751592844725,2.8072751592844725e-05,2.8072751592844725e-05
SPANXF1,1,0.0,0.0,0.0,0.0,0.00028072751592844725,0.00028072751592844725,2.8072751592844725e-05,2.8072751592844725e-05
PRKCD,1,0.0,0.0,0.0,0.0,0.00024508312344551086,0.00024508312344551086,2.450831234455109e-05,2.450831234455109e-05
PIK3CB,1,0.0,0.0,0.0,0.0,0.00017394580936525017,0.00017394580936525017,1.7394580936525017e-05,1.7394580936525017e-05
PROSER2,1,-0.0006305170239595537,-0.0006305170239595537,0.0,0.0,0.004967644810676575,0.004967644810676575,-0.00013375254289189615,-0.00013375254289189615
ZNF630,1,-0.0006305170239595537,-0.0006305170239595537,0.0,0.0,0.00452926941215992,0.00452926941215992,-0.00017759008274356166,-0.00017759008274356166
SLC22A1,1,-0.0006305170239595537,-0.0006305170239595537,0.0,0.0,0.004392258822917938,0.004392258822917938,-0.00019129114166775983,-0.00019129114166775983
FAM228A,1,-0.0006305170239595537,-0.0006305170239595537,0.0,0.0,0.004027668386697769,0.004027668386697769,-0.00022775018528977672,-0.00022775018528977672
KIAA1671,1,-0.0006305170239595537,-0.0006305170239595537,0.0,0.0,0.004022638313472271,0.004022638313472271,-0.00022825319261232657,-0.00022825319261232657
PDE6B,1,-0.0006305170239595537,-0.0006305170239595537,0.0,0.0,0.003970727324485779,0.003970727324485779,-0.00023344429151097576,-0.00023344429151097576
LIFR,1,-0.0006305170239595537,-0.0006305170239595537,0.0,0.0,0.003909170161932707,0.003909170161932707,-0.00023960000776628297,-0.00023960000776628297
CKM,1,-0.0006305170239595537,-0.0006305170239595537,0.0,0.0,0.0034598810598254204,0.0034598810598254204,-0.0002845289179770116,-0.0002845289179770116
ELOVL5,1,-0.0006305170239596647,-0.0006305170239596647,0.0,0.0,0.0033465861342847347,0.0033465861342847347,-0.0002958584105311912,-0.0002958584105311912
TMEM198B,1,-0.0006305170239595537,-0.0006305170239595537,0.0,0.0,0.003303989302366972,0.003303989302366972,-0.00030011809372285645,-0.00030011809372285645
TNFSF15,1,-0.0006305170239595537,-0.0006305170239595537,0.0,0.0,0.0032291824463754892,0.0032291824463754892,-0.00030759877932200473,-0.00030759877932200473
GABRR1,1,-0.0006305170239595537,-0.0006305170239595537,0.0,0.0,0.003159487387165427,0.003159487387165427,-0.00031456828524301095,-0.00031456828524301095
ZBTB26,1,-0.0006305170239595537,-0.0006305170239595537,0.0,0.0,0.0030304566025733948,0.0030304566025733948,-0.00032747136370221415,-0.00032747136370221415
LOC100293044,1,-0.0006305170239595537,-0.0006305170239595537,0.0,0.0,0.0030155836138874292,0.0030155836138874292,-0.00032895866257081073,-0.00032895866257081073
TENM1,1,-0.0006305170239595537,-0.0006305170239595537,0.0,0.0,0.003015423659235239,0.003015423659235239,-0.00032897465803602974,-0.00032897465803602974
SLC12A4,1,-0.0006305170239595537,-0.0006305170239595537,0.0,0.0,0.0029096296057105064,0.0029096296057105064,-0.000339554063388503,-0.000339554063388503
C9ORF116,1,-0.0006305170239595537,-0.0006305170239595537,0.0,0.0,0.002859289525076747,0.002859289525076747,-0.000344588071451879,-0.000344588071451879
DMRTC2,1,-0.0006305170239595537,-0.0006305170239595537,0.0,0.0,0.0027983805630356073,0.0027983805630356073,-0.0003506789676559929,-0.0003506789676559929
USF2,2,-0.0006305170239595537,-0.0006305170239595537,0.0,0.0,0.002760584931820631,0.0026215078542008996,-0.0003544585307774906,-0.0003683662385394637
PRUNE2,1,-0.0006305170239595537,-0.0006305170239595537,0.0,0.0,0.002755797700956464,0.002755797700956464,-0.00035493725386390727,-0.00035493725386390727
EFCAB6,1,-0.0006305170239595537,-0.0006305170239595537,0.0,0.0,0.002751759486272931,0.002751759486272931,-0.00035534107533226057,-0.00035534107533226057
CCNE1,1,-0.0006305170239595537,-0.0006305170239595537,0.0,0.0,0.0026524297427386045,0.0026524297427386045,-0.0003652740496856932,-0.0003652740496856932
TMF1,1,-0.0006305170239595537,-0.0006305170239595537,0.0,0.0,0.0026213882956653833,0.0026213882956653833,-0.00036837819439301535,-0.00036837819439301535
PTBP2,1,-0.0006305170239595537,-0.0006305170239595537,0.0,0.0,0.0026013758033514023,0.0026013758033514023,-0.0003703794436244134,-0.0003703794436244134
CDR2L,1,-0.0006305170239596647,-0.0006305170239596647,0.0,0.0,0.002568141557276249,0.002568141557276249,-0.00037370286823203977,-0.00037370286823203977
FAM185A,1,-0.0006305170239595537,-0.0006305170239595537,0.0,0.0,0.0025158943608403206,0.0025158943608403206,-0.0003789275878755216,-0.0003789275878755216
TGFBR1,1,-0.0006305170239595537,-0.0006305170239595537,0.0,0.0,0.0024591751862317324,0.0024591751862317324,-0.00038459950533638044,-0.00038459950533638044
SAMSN1,1,-0.0006305170239595537,-0.0006305170239595537,0.0,0.0,0.002451671287417412,0.002451671287417412,-0.0003853498952178125,-0.0003853498952178125
CDS2,1,-0.0006305170239595537,-0.0006305170239595537,0.0,0.0,0.0024388066958636045,0.0024388066958636045,-0.0003866363543731932,-0.0003866363543731932
RBM33,1,-0.0006305170239595537,-0.0006305170239595537,0.0,0.0,0.0023152248468250036,0.0023152248468250036,-0.0003989945392770533,-0.0003989945392770533
SLCO1A2,1,-0.0006305170239595537,-0.0006305170239595537,0.0,0.0,0.002252986654639244,0.002252986654639244,-0.0004052183584956293,-0.0004052183584956293
VHL,1,-0.0006305170239595537,-0.0006305170239595537,0.0,0.0,0.0022518925834447145,0.0022518925834447145,-0.0004053277656150822,-0.0004053277656150822
GCM1,1,-0.0006305170239595537,-0.0006305170239595537,0.0,0.0,0.002209969563409686,0.002209969563409686,-0.000409520067618585,-0.000409520067618585
DUSP5,1,-0.0006305170239595537,-0.0006305170239595537,0.0,0.0,0.002188735408708453,0.002188735408708453,-0.0004116434830887083,-0.0004116434830887083
ARL17A,1,-0.0006305170239595537,-0.0006305170239595537,0.0,0.0,0.002104284008964896,0.002104284008964896,-0.000420088623063064,-0.000420088623063064
LOC100294341,1,-0.0006305170239595537,-0.0006305170239595537,0.0,0.0,0.002104284008964896,0.002104284008964896,-0.000420088623063064,-0.000420088623063064
LOC100996709,1,-0.0006305170239595537,-0.0006305170239595537,0.0,0.0,0.002104284008964896,0.002104284008964896,-0.000420088623063064,-0.000420088623063064
ALDH1L1,1,-0.0006305170239595537,-0.0006305170239595537,0.0,0.0,0.0020407610572874546,0.0020407610572874546,-0.00042644091823080816,-0.00042644091823080816
RAET1G,1,-0.0006305170239595537,-0.0006305170239595537,0.0,0.0,0.0020389060955494642,0.0020389060955494642,-0.00042662641440460725,-0.00042662641440460725
RAET1L,1,-0.0006305170239595537,-0.0006305170239595537,0.0,0.0,0.0020389060955494642,0.0020389060955494642,-0.00042662641440460725,-0.00042662641440460725
ULBP2,1,-0.0006305170239595537,-0.0006305170239595537,0.0,0.0,0.0020389060955494642,0.0020389060955494642,-0.00042662641440460725,-0.00042662641440460725
PLEKHH1,1,-0.0006305170239595537,-0.0006305170239595537,0.0,0.0,0.001993906684219837,0.001993906684219837,-0.00043112635553756997,-0.00043112635553756997
IER5,1,-0.0006305170239595537,-0.0006305170239595537,0.0,0.0,0.0019428017549216747,0.0019428017549216747,-0.0004362368484673862,-0.0004362368484673862
ZFYVE16,1,-0.0006305170239595537,-0.0006305170239595537,0.0,0.0,0.001928329118527472,0.001928329118527472,-0.00043768411210680646,-0.00043768411210680646
RFX3,1,-0.0006305170239595537,-0.0006305170239595537,0.0,0.0,0.0018378176027908921,0.0018378176027908921,-0.0004467352636804645,-0.0004467352636804645
PJA2,1,-0.0006305170239595537,-0.0006305170239595537,0.0,0.0,0.001826949999667704,0.001826949999667704,-0.00044782202399278325,-0.00044782202399278325
TIE1,1,-0.0006305170239595537,-0.0006305170239595537,0.0,0.0,0.0018031836953014135,0.0018031836953014135,-0.0004501986544294123,-0.0004501986544294123
NADK,1,-0.0006305170239595537,-0.0006305170239595537,0.0,0.0,0.0017770103877410293,0.0017770103877410293,-0.00045281598518545076,-0.00045281598518545076
TRPS1,1,-0.0006305170239596647,-0.0006305170239596647,0.0,0.0,0.0016801595920696855,0.0016801595920696855,-0.00046250106475269613,-0.00046250106475269613
MYLIP,1,-0.0006305170239595537,-0.0006305170239595537,0.0,0.0,0.00166995357722044,0.00166995357722044,-0.00046352166623750966,-0.00046352166623750966
ITLN1,1,-0.0006305170239595537,-0.0006305170239595537,0.0,0.0,0.0016616651555523276,0.0016616651555523276,-0.0004643505084043209,-0.0004643505084043209
TMTC4,1,-0.0006305170239595537,-0.0006305170239595537,0.0,0.0,0.0016528810374438763,0.0016528810374438763,-0.00046522892021516604,-0.00046522892021516604
ENSG00000215048,1,-0.0006305170239595537,-0.0006305170239595537,0.0,0.0,0.0015438738046213984,0.0015438738046213984,-0.0004761296434974138,-0.0004761296434974138
ENSG00000229295,1,-0.0006305170239595537,-0.0006305170239595537,0.0,0.0,0.0015438738046213984,0.0015438738046213984,-0.0004761296434974138,-0.0004761296434974138
ENSG00000230763,1,-0.0006305170239595537,-0.0006305170239595537,0.0,0.0,0.0015438738046213984,0.0015438738046213984,-0.0004761296434974138,-0.0004761296434974138
ENSG00000236693,1,-0.0006305170239595537,-0.0006305170239595537,0.0,0.0,0.0015438738046213984,0.0015438738046213984,-0.0004761296434974138,-0.0004761296434974138
HLA-DPB1,1,-0.0006305170239595537,-0.0006305170239595537,0.0,0.0,0.0015438738046213984,0.0015438738046213984,-0.0004761296434974138,-0.0004761296434974138
IL1RAPL1,1,-0.0006305170239595537,-0.0006305170239595537,0.0,0.0,0.0015070735244080424,0.0015070735244080424,-0.00047980967151874945,-0.00047980967151874945
KDM1B,1,-0.0006305170239595537,-0.0006305170239595537,0.0,0.0,0.001441034721210599,0.001441034721210599,-0.00048641355183849373,-0.00048641355183849373
CCL24,1,-0.0006305170239595537,-0.0006305170239595537,0.0,0.0,0.001371646416373551,0.001371646416373551,-0.0004933523823221986,-0.0004933523823221986
OR1J1,1,-0.0006305170239595537,-0.0006305170239595537,0.0,0.0,0.0013369526714086533,0.0013369526714086533,-0.0004968217568186884,-0.0004968217568186884
CCDC85A,1,-0.0006305170239595537,-0.0006305170239595537,0.0,0.0,0.0013339058496057987,0.0013339058496057987,-0.0004971264389989738,-0.0004971264389989738
EIF4E3,1,-0.0006305170239595537,-0.0006305170239595537,0.0,0.0,0.0012738675577566028,0.0012738675577566028,-0.0005031302681838933,-0.0005031302681838933
KBTBD6,1,-0.0006305170239595537,-0.0006305170239595537,0.0,0.0,0.0012637133477255702,0.0012637133477255702,-0.0005041456891869966,-0.0005041456891869966
GMPR,1,-0.0006305170239595537,-0.0006305170239595537,0.0,0.0,0.001209477661177516,0.001209477661177516,-0.000509569257841802,-0.000509569257841802
EDEM3,1,-0.0006305170239595537,-0.0006305170239595537,0.0,0.0,0.0011486934963613749,0.0011486934963613749,-0.0005156476743234162,-0.0005156476743234162
PSMB11,1,-0.0006305170239595537,-0.0006305170239595537,0.0,0.0,0.0011284919455647469,0.0011284919455647469,-0.000517667829403079,-0.000517667829403079
PIGU,1,-0.0006305170239595537,-0.0006305170239595537,0.0,0.0,0.0009358972311019897,0.0009358972311019897,-0.0005369273008493547,-0.0005369273008493547
SRPK1,1,-0.0006305170239595537,-0.0006305170239595537,0.0,0.0,0.0008838776266202331,0.0008838776266202331,-0.0005421292612975304,-0.0005421292612975304
DNASE1,1,-0.0006305170239595537,-0.0006305170239595537,0.0,0.0,0.0008163197780959308,0.0008163197780959308,-0.0005488850461499606,-0.0005488850461499606
VAV1,1,-0.0006305170239596647,-0.0006305170239596647,0.0,0.0,0.0008072727941907942,0.0008072727941907942,-0.0005497897445405853,-0.0005497897445405853
LSMEM1,1,-0.0006305170239595537,-0.0006305170239595537,0.0,0.0,0.0007467857212759554,0.0007467857212759554,-0.0005558384518319581,-0.0005558384518319581
NECAB1,1,-0.0012610340479193294,-0.0012610340479193294,0.0,0.0,0.005421001464128494,0.005421001464128494,-0.00071893390150648,-0.00071893390150648
PATE1,1,-0.0012610340479192184,-0.0012610340479192184,0.0,0.0,0.004208611790090799,0.004208611790090799,-0.0008401728689101384,-0.0008401728689101384
STRN,1,-0.0012610340479192184,-0.0012610340479192184,0.0,0.0,0.003492367686703801,0.003492367686703801,-0.0009117972792488382,-0.0009117972792488382
BCL2L14,1,-0.0012610340479193294,-0.0012610340479193294,0.0,0.0,0.00332255638204515,0.00332255638204515,-0.0009287784097148144,-0.0009287784097148144
RIPPLY3,1,-0.0012610340479192184,-0.0012610340479192184,0.0,0.0,0.0032471565064042807,0.0032471565064042807,-0.0009363183972787903,-0.0009363183972787903
AFF4,1,-0.0012610340479192184,-0.0012610340479192184,0.0,0.0,0.003230985486879945,0.003230985486879945,-0.0009379354992312238,-0.0009379354992312238
BACE1,1,-0.0012610340479193294,-0.0012610340479193294,0.0,0.0,0.0032017200719565153,0.0032017200719565153,-0.0009408620407236779,-0.0009408620407236779
MIS18A,1,-0.0012610340479192184,-0.0012610340479192184,0.0,0.0,0.0031776237301528454,0.0031776237301528454,-0.0009432716749039338,-0.0009432716749039338
SLC26A8,1,-0.0012610340479192184,-0.0012610340479192184,0.0,0.0,0.0031183704268187284,0.0031183704268187284,-0.0009491970052373454,-0.0009491970052373454
TPCN2,1,-0.0012610340479192184,-0.0012610340479192184,0.0,0.0,0.003011563792824745,0.003011563792824745,-0.0009598776686367439,-0.0009598776686367439
CDH8,1,-0.0012610340479192184,-0.0012610340479192184,0.0,0.0,0.0029440519865602255,0.0029440519865602255,-0.0009666288492631958,-0.0009666288492631958
TRPM2,1,-0.0012610340479192184,-0.0012610340479192184,0.0,0.0,0.002788658021017909,0.002788658021017909,-0.0009821682458174275,-0.0009821682458174275
TXNRD1,1,-0.0012610340479192184,-0.0012610340479192184,0.0,0.0,0.0027282799128443003,0.0027282799128443003,-0.0009882060566347884,-0.0009882060566347884
HNRNPLL,1,-0.0012610340479193294,-0.0012610340479193294,0.0,0.0,0.0025527304969727993,0.0025527304969727993,-0.0010057609982220494,-0.0010057609982220494
SPIDR,1,-0.0012610340479192184,-0.0012610340479192184,0.0,0.0,0.0024385866709053516,0.0024385866709053516,-0.0010171753808286832,-0.0010171753808286832
MRPL22,1,-0.0012610340479192184,-0.0012610340479192184,0.0,0.0,0.002226938959211111,0.002226938959211111,-0.0010383401519981073,-0.0010383401519981073
DCBLD2,1,-0.0012610340479192184,-0.0012610340479192184,0.0,0.0,0.0021019387058913708,0.0021019387058913708,-0.0010508401773300813,-0.0010508401773300813
ARG1,1,-0.0012610340479193294,-0.0012610340479193294,0.0,0.0,0.0017626468325033784,0.0017626468325033784,-0.0010847693646689916,-0.0010847693646689916
TNFAIP8L1,1,-0.0012610340479192184,-0.0012610340479192184,0.0,0.0,0.0017616433324292302,0.0017616433324292302,-0.0010848697146762954,-0.0010848697146762954
FAM228B,1,-0.0012610340479192184,-0.0012610340479192184,0.0,0.0,0.0017440718365833163,0.0017440718365833163,-0.0010866268642608866,-0.0010866268642608866
DPYSL2,1,-0.0012610340479192184,-0.0012610340479192184,0.0,0.0,0.0017040810780599713,0.0017040810780599713,-0.0010906259401132212,-0.0010906259401132212
ALPK3,1,-0.0012610340479192184,-0.0012610340479192184,0.0,0.0,0.0014915704960003495,0.0014915704960003495,-0.0011118769983191833,-0.0011118769983191833
CENPP,1,-0.0012610340479192184,-0.0012610340479192184,0.0,0.0,0.001389435026794672,0.001389435026794672,-0.0011220905452397512,-0.0011220905452397512
OR6C3,1,-0.0012610340479192184,-0.0012610340479192184,0.0,0.0,0.0011752786813303828,0.0011752786813303828,-0.0011435061797861802,-0.0011435061797861802
CDYL,1,-0.001891551071878883,-0.001891551071878883,0.0,0.0,0.0029959517996758223,0.0029959517996758223,-0.0015919558919113008,-0.0015919558919113008
SLC38A4,1,-0.001891551071878883,-0.001891551071878883,0.0,0.0,0.002914800774306059,0.002914800774306059,-0.001600070994448277,-0.001600070994448277
PRCP,1,-0.001891551071878883,-0.001891551071878883,0.0,0.0,0.0020519352983683348,0.0020519352983683348,-0.0016863575420420496,-0.0016863575420420496
C11ORF82,1,-0.001891551071878883,-0.001891551071878883,0.0,0.0,0.0014881161041557789,0.0014881161041557789,-0.0017427394614633052,-0.0017427394614633052
