Split group,Region label,Region name,hemisphere,acronyms,subcortex,RSN,BraakStage,"Subjects, n",Mean mask voxels in 64^3,Baseline AUC,Ablated AUC,Delta AUC,Baseline balanced accuracy,Ablated balanced accuracy,Delta balanced accuracy,Baseline accuracy,Ablated accuracy,Delta accuracy,Baseline F1,Ablated F1,Delta F1,Mean absolute probability change,Median absolute probability change,Mean signed probability change,"Prediction changed, n","Prediction changed, fraction",Mean AGFV L2 change,Mean AGFV absolute change,Mean top AGFV absolute delta,MNI.x,MNI.y,MNI.z,Region ablation score
Heldout,2,Left-Cerebral-White-Matter,,,,,,362,8831.0,0.9060267307218526,0.8985587583148559,0.0074679724069967035,0.8276361172702636,0.8203991130820398,0.007237004188223817,0.8314917127071824,0.8287292817679558,0.002762430939226568,0.8087774294670846,0.7947019867549668,0.014075442712117803,0.09374765892775513,0.00024741562083363533,0.045322179992410526,29,0.08011049723756906,2.0572998410255456,0.14975388686285865,0.46193774573463764,,,,0.2662175721095912
Validation,2,Left-Cerebral-White-Matter,,,,,,181,8831.0,0.9307711258930772,0.9167282581916727,0.014042867701404504,0.8397388519339739,0.8355506282335551,0.004188223700418825,0.8453038674033149,0.8453038674033149,0.0,0.8205128205128205,0.8108108108108109,0.009702009702009629,0.10551105871364393,0.00018012523651123047,0.04567539426935476,16,0.08839779005524862,2.1741391766857543,0.15851101030219986,0.48673951208015176,,,,0.291092939423192
Test,2,Left-Cerebral-White-Matter,,,,,,181,8831.0,0.8814363143631436,0.8806356245380635,0.0008006898250800809,0.8155333826065534,0.8052475979305247,0.010285784676028698,0.8176795580110497,0.8121546961325967,0.0055248618784530246,0.7975460122699386,0.7792207792207793,0.01832523304915934,0.08198425914186634,0.0003707008436322212,0.04496896571546628,13,0.0718232044198895,1.9404605053653374,0.14099676342351744,0.4371359793891235,,,,0.2412498175084815
Heldout,4,Left-Lateral-Ventricle,,,,,,362,270.0,0.9060267307218526,0.9043483616654349,0.0016783690564177167,0.8276361172702636,0.8337336782458734,-0.0060975609756097615,0.8314917127071824,0.8370165745856354,-0.0055248618784530246,0.8087774294670846,0.8161993769470405,-0.007421947479955837,0.017220135913256204,8.028373122215271e-05,-0.011527788245186046,8,0.022099447513812154,0.5400428519280658,0.039156259438254515,0.1224688047759276,,,,0.05416714818369989
Validation,4,Left-Lateral-Ventricle,,,,,,181,270.0,0.9307711258930772,0.9220251293422025,0.008745996550874713,0.8397388519339739,0.8397388519339739,0.0,0.8453038674033149,0.8453038674033149,0.0,0.8205128205128205,0.8205128205128205,0.0,0.0136668278105063,6.254902109503746e-05,-0.006891448969196384,4,0.022099447513812154,0.459848064918956,0.033236344337838994,0.10501162125343118,,,,0.05785911345060123
Test,4,Left-Lateral-Ventricle,,,,,,181,270.0,0.8814363143631436,0.8861788617886179,-0.004742547425474308,0.8155333826065534,0.8277285045577728,-0.012195121951219412,0.8176795580110497,0.8287292817679558,-0.011049723756906049,0.7975460122699386,0.8121212121212121,-0.014575199851273535,0.02077344401600611,9.441375732421875e-05,-0.016164127521175707,4,0.022099447513812154,0.6202376389371757,0.045076174538670036,0.13992598829842404,,,,0.05112189392936364
Heldout,5,Left-Inf-Lat-Vent,,,,,,362,2.0,0.9060267307218526,0.9061345158906134,-0.00010778516876086552,0.8276361172702636,0.8281596452328159,-0.0005235279625522837,0.8314917127071824,0.8314917127071824,0.0,0.8087774294670846,0.8099688473520249,-0.0011914178849402601,0.0037146382875102497,1.0507181286811829e-05,-0.0015890883521089403,2,0.0055248618784530384,0.11475181710940978,0.00830898936672293,0.025821077673392402,,,,0.011944800710765336
Validation,5,Left-Inf-Lat-Vent,,,,,,181,2.0,0.9307711258930772,0.9313870411431387,-0.0006159152500615495,0.8397388519339739,0.8346883468834688,0.005050505050505083,0.8453038674033149,0.8397790055248618,0.0055248618784530246,0.8205128205128205,0.8152866242038217,0.005226196308998787,0.003831855011126284,7.946044206619263e-06,-0.0017696510928358821,1,0.0055248618784530384,0.1034679209888004,0.007474560906740101,0.02323624674868847,,,,0.01629349190615522
Test,5,Left-Inf-Lat-Vent,,,,,,181,2.0,0.8814363143631436,0.8802660753880266,0.0011702389751170328,0.8155333826065534,0.8216309435821632,-0.0060975609756097615,0.8176795580110497,0.8232044198895028,-0.0055248618784530246,0.7975460122699386,0.8048780487804879,-0.007332036510549256,0.003597421563894215,1.1772383004426956e-05,-0.0014085256113819983,1,0.0055248618784530384,0.12603571323001916,0.009143417826705762,0.02840590859809633,,,,0.008366003577952552
Heldout,7,Left-Cerebellum-White-Matter,,,,,,362,867.0,0.9060267307218526,0.9124630450849963,-0.006436314363143736,0.8276361172702636,0.8261579206701157,0.0014781966001479185,0.8314917127071824,0.8287292817679558,0.002762430939226568,0.8087774294670846,0.808641975308642,0.0001354541584426272,0.014843747922790479,9.100744500756264e-05,-0.009598086680702412,5,0.013812154696132596,0.5086424347342543,0.03682358109199915,0.11540766006839868,,,,0.04809042672140707
Validation,7,Left-Cerebellum-White-Matter,,,,,,181,867.0,0.9307711258930772,0.9283074648928307,0.002463661000246531,0.8397388519339739,0.8407859078590786,-0.0010470559251046785,0.8453038674033149,0.8453038674033149,0.0,0.8205128205128205,0.8227848101265823,-0.002271989613761849,0.011723147970186906,9.111780673265457e-05,-0.007881363398441787,2,0.011049723756906077,0.5092527855558125,0.03688272998992415,0.11410094690586321,,,,0.05112745541094352
Test,7,Left-Cerebellum-White-Matter,,,,,,181,867.0,0.8814363143631436,0.8951712244395171,-0.013734910076373508,0.8155333826065534,0.811529933481153,0.0040034491254004045,0.8176795580110497,0.8121546961325967,0.0055248618784530246,0.7975460122699386,0.7951807228915663,0.002365289378372326,0.01796434787539405,8.977344259619713e-05,-0.011314809962963038,3,0.016574585635359115,0.5080320839126959,0.03676443219407415,0.11671437323093414,,,,0.04665477768203101
Heldout,8,Left-Cerebellum-Cortex,L,Cerebell,,Cerebellum,,362,1901.0,0.9060267307218526,0.8965570337521557,0.009469696969696906,0.8276361172702636,0.8358277900960828,-0.008191672825819118,0.8314917127071824,0.8370165745856354,-0.0055248618784530246,0.8087774294670846,0.8206686930091185,-0.011891263542033848,0.029513262194267458,0.00013295374810695648,-0.025968284001419557,10,0.027624309392265192,0.782017867767782,0.05646887475345541,0.177106155509654,-25.289668,-62.60121,-35.09158,0.09002259203082717
Validation,8,Left-Cerebellum-Cortex,L,Cerebell,,Cerebellum,,181,1901.0,0.9307711258930772,0.9207932988420793,0.009977827050997923,0.8397388519339739,0.852981029810298,-0.01324217787632409,0.8453038674033149,0.856353591160221,-0.01104972375690616,0.8205128205128205,0.8375,-0.016987179487179538,0.023132823816711567,0.00012294109910726547,-0.016993792174456034,4,0.022099447513812154,0.6477400517677734,0.04664028841791191,0.14656652754059482,-25.289668,-62.60121,-35.09158,0.06871870616067852
Test,8,Left-Cerebellum-Cortex,L,Cerebell,,Cerebellum,,181,1901.0,0.8814363143631436,0.8732446415373244,0.00819167282581923,0.8155333826065534,0.8186745503818674,-0.0031411677753140355,0.8176795580110497,0.8176795580110497,0.0,0.7975460122699386,0.8047337278106509,-0.007187715540712292,0.03589370057182335,0.0001543150283396244,-0.03494277582838308,6,0.03314917127071823,0.9162956837677906,0.06629746108899891,0.20764578347871318,-25.289668,-62.60121,-35.09158,0.11055658383839928
Heldout,10,Left-Thalamus-Proper,L,Th,1.0,Subcortical,,362,404.0,0.9060267307218526,0.8985587583148559,0.0074679724069967035,0.8276361172702636,0.8210150283321015,0.006621088938162156,0.8314917127071824,0.8259668508287292,0.005524861878453136,0.8087774294670846,0.8,0.008777429467084596,0.017352502310689723,4.833284765481949e-05,0.014283837916494157,6,0.016574585635359115,0.4448598157234994,0.0323027401731783,0.100206325715665,-12.604356,-19.633359,4.65091200000001,0.06540176239256279
Validation,10,Left-Thalamus-Proper,L,Th,1.0,Subcortical,,181,404.0,0.9307711258930772,0.9259669869425967,0.0048041389504804854,0.8397388519339739,0.8214461690071446,0.018292682926829285,0.8453038674033149,0.8287292817679558,0.016574585635359074,0.8205128205128205,0.7973856209150327,0.02312719959778775,0.015865108021406345,4.435097798705101e-05,0.012180613937854603,5,0.027624309392265192,0.37939298509115876,0.02745405911742607,0.0857403971954604,-12.604356,-19.633359,4.65091200000001,0.0691784199553687
Test,10,Left-Thalamus-Proper,L,Th,1.0,Subcortical,,181,404.0,0.8814363143631436,0.8729982754372998,0.008438038925843827,0.8155333826065534,0.8205838876570584,-0.005050505050504972,0.8176795580110497,0.8232044198895028,-0.0055248618784530246,0.7975460122699386,0.8024691358024691,-0.004923123532530549,0.018839896599973104,6.427150219678879e-05,0.01638706189513371,1,0.0055248618784530384,0.51032664635584,0.03715142122893054,0.11467225423586962,-12.604356,-19.633359,4.65091200000001,0.0599313378920878
Heldout,11,Left-Caudate,L,Cau,1.0,Subcortical,,362,158.0,0.9060267307218526,0.9072431633407243,-0.0012164326188717212,0.8276361172702636,0.8276361172702636,0.0,0.8314917127071824,0.8314917127071824,0.0,0.8087774294670846,0.8087774294670846,0.0,0.0057337686023289,2.1818093955516815e-05,-0.00019506341134563335,6,0.016574585635359115,0.13788964506045745,0.009911341565334398,0.03148170679972317,-13.46042,6.607686,8.33368999999999,0.01608613611232749
Validation,11,Left-Caudate,L,Cau,1.0,Subcortical,,181,158.0,0.9307711258930772,0.9320029563932003,-0.001231830500123099,0.8397388519339739,0.8397388519339739,0.0,0.8453038674033149,0.8453038674033149,0.0,0.8205128205128205,0.8205128205128205,0.0,0.006288207766409573,1.823902130126953e-05,-0.000663621070696998,4,0.022099447513812154,0.14357239454830303,0.010314090376962954,0.03259719239331741,-13.46042,6.607686,8.33368999999999,0.017580412394630644
Test,11,Left-Caudate,L,Cau,1.0,Subcortical,,181,158.0,0.8814363143631436,0.8822370041882237,-0.0008006898250800809,0.8155333826065534,0.8155333826065534,0.0,0.8176795580110497,0.8176795580110497,0.0,0.7975460122699386,0.7975460122699386,0.0,0.0051793294382482275,2.647610381245613e-05,0.00027349424800573134,2,0.011049723756906077,0.1322068955726119,0.00950859275370584,0.030366221206128925,-13.46042,6.607686,8.33368999999999,0.014992204742564595
Heldout,12,Left-Putamen,L,Put,1.0,Subcortical,,362,245.0,0.9060267307218526,0.9069660014781966,-0.000939270756344035,0.8276361172702636,0.813870411431387,0.013765705838876596,0.8314917127071824,0.8204419889502762,0.01104972375690616,0.8087774294670846,0.7896440129449838,0.019133416522100877,0.025475605446279297,5.703023634850979e-05,0.023739294425548358,10,0.027624309392265192,0.605138586156806,0.04386357195033481,0.13651846663110492,-25.824708,0.0598259999999868,-2.212447,0.08492804341837318
Validation,12,Left-Putamen,L,Put,1.0,Subcortical,,181,245.0,0.9307711258930772,0.9333579699433358,-0.002586844050258552,0.8397388519339739,0.8315471791081548,0.008191672825819118,0.8453038674033149,0.8397790055248618,0.0055248618784530246,0.8205128205128205,0.8079470198675497,0.012565800645270797,0.023551167837904962,4.450138658285141e-05,0.022367767557419465,5,0.027624309392265192,0.642411607762706,0.046720710603291304,0.14445781755101614,-25.824708,0.0598259999999868,-2.212447,0.07863913815598335
Test,12,Left-Putamen,L,Put,1.0,Subcortical,,181,245.0,0.8814363143631436,0.8814979058881497,-6.159152500606613e-05,0.8155333826065534,0.7961936437546193,0.019339738851934074,0.8176795580110497,0.8011049723756906,0.016574585635359185,0.7975460122699386,0.7721518987341772,0.025394113535761376,0.02740004305465363,7.011368870735168e-05,0.02511082129367725,5,0.027624309392265192,0.567865564550906,0.04100643329737831,0.1285791157111937,-25.824708,0.0598259999999868,-2.212447,0.09044705461818647
Heldout,13,Left-Pallidum,L,Pall,1.0,Subcortical,,362,76.0,0.9060267307218526,0.90290096082779,0.0031257698940625467,0.8276361172702636,0.8245873367824588,0.0030487804878048808,0.8314917127071824,0.8287292817679558,0.002762430939226568,0.8087774294670846,0.8050314465408805,0.0037459829262040945,0.007723344576117989,2.1070241928100586e-05,-0.002752042299609899,3,0.008287292817679558,0.21108773140524878,0.015327792627320789,0.047124857134417275,-19.83226,-3.87881100000001,-3.32515799999999,0.030054416867074163
Validation,13,Left-Pallidum,L,Pall,1.0,Subcortical,,181,76.0,0.9307711258930772,0.9284306479428431,0.0023404779502340656,0.8397388519339739,0.8386917960088691,0.0010470559251047895,0.8453038674033149,0.8453038674033149,0.0,0.8205128205128205,0.8181818181818182,0.002331002331002252,0.007179317483935732,1.5151221305131912e-05,-0.003603587814642744,2,0.011049723756906077,0.18336274461352486,0.013317735389438432,0.04029386410314734,-19.83226,-3.87881100000001,-3.32515799999999,0.024989559124403628
Test,13,Left-Pallidum,L,Pall,1.0,Subcortical,,181,76.0,0.8814363143631436,0.8775560482877556,0.0038802660753880502,0.8155333826065534,0.8104828775560483,0.005050505050505083,0.8176795580110497,0.8121546961325967,0.0055248618784530246,0.7975460122699386,0.7926829268292683,0.004863085440670267,0.008267371668300248,2.9271934181451797e-05,-0.0019004967845770535,1,0.0055248618784530384,0.23881271819697272,0.017337849865203148,0.053955850165687214,-19.83226,-3.87881100000001,-3.32515799999999,0.03508847884724183
Heldout,14,3rd-Ventricle,,,,,,362,9.0,0.9060267307218526,0.9056725794530673,0.00035415126878524106,0.8276361172702636,0.8306848977580685,-0.0030487804878048808,0.8314917127071824,0.8342541436464088,-0.0027624309392264568,0.8087774294670846,0.8125,-0.003722570532915359,0.006286541033453869,1.636054366827011e-05,-0.0023841611161128265,3,0.008287292817679558,0.13289041582042177,0.009587123281436906,0.030169113688376728,,,,0.01400776437763909
Validation,14,3rd-Ventricle,,,,,,181,9.0,0.9307711258930772,0.9264597191426459,0.00431140675043129,0.8397388519339739,0.8397388519339739,0.0,0.8453038674033149,0.8453038674033149,0.0,0.8205128205128205,0.8205128205128205,0.0,0.00528918828516787,1.3947486877441406e-05,-0.0003770473927712243,2,0.011049723756906077,0.13374632255570418,0.009679210618124164,0.02998739666207719,,,,0.02038477802941393
Test,14,3rd-Ventricle,,,,,,181,9.0,0.8814363143631436,0.8853165804385317,-0.0038802660753880502,0.8155333826065534,0.8216309435821632,-0.0060975609756097615,0.8176795580110497,0.8232044198895028,-0.0055248618784530246,0.7975460122699386,0.8048780487804879,-0.007332036510549256,0.007283893781739869,2.0563602447509766e-05,-0.004391274839454428,1,0.0055248618784530384,0.13203450908513936,0.009495035944749647,0.03035083071467626,,,,0.007353588863337008
Heldout,15,4th-Ventricle,,,,,,362,39.0,0.9060267307218526,0.9067812269031781,-0.0007544961813255036,0.8276361172702636,0.8292067011579207,-0.0015705838876570732,0.8314917127071824,0.8314917127071824,0.0,0.8087774294670846,0.8123076923076923,-0.0035302628406076453,0.015111023064918858,6.261467933654785e-05,-0.01452737422634266,6,0.016574585635359115,0.36993502252362154,0.02666558519691404,0.08543463440313524,,,,0.04110898675638623
Validation,15,4th-Ventricle,,,,,,181,39.0,0.9307711258930772,0.9316334072431633,-0.000862281350086147,0.8397388519339739,0.8407859078590786,-0.0010470559251046785,0.8453038674033149,0.8453038674033149,0.0,0.8205128205128205,0.8227848101265823,-0.002271989613761849,0.012297959797578292,5.1588285714387894e-05,-0.012000162653542685,2,0.011049723756906077,0.3153350022377045,0.02274187469568093,0.07271445384094728,,,,0.034235469593759005
Test,15,4th-Ventricle,,,,,,181,39.0,0.8814363143631436,0.8829761024882976,-0.0015397881251539847,0.8155333826065534,0.8176274944567627,-0.002094111850209357,0.8176795580110497,0.8176795580110497,0.0,0.7975460122699386,0.8023952095808383,-0.004849197310899722,0.01792408633225942,7.230043411254883e-05,-0.017054585799142635,4,0.022099447513812154,0.4245350428095386,0.030589295698147143,0.09815481496532319,,,,0.04708942680642444
Heldout,16,Brain-Stem,,,,,,362,878.0,0.9060267307218526,0.8992978566149298,0.0067288741069228,0.8276361172702636,0.8021988174427199,0.025437299827543725,0.8314917127071824,0.8093922651933702,0.02209944751381221,0.8087774294670846,0.7752442996742671,0.03353312979281753,0.038647965495912,0.00012193014845252037,0.03143424750048441,12,0.03314917127071823,1.0572768946670932,0.0767995625070569,0.23932972815896267,,,,0.15092861906450725
Validation,16,Brain-Stem,,,,,,181,878.0,0.9307711258930772,0.9283074648928307,0.002463661000246531,0.8397388519339739,0.8203991130820398,0.019339738851934074,0.8453038674033149,0.8287292817679558,0.016574585635359074,0.8205128205128205,0.7947019867549668,0.025810833757853646,0.03521372463801124,8.4693543612957e-05,0.02632816709598619,5,0.027624309392265192,0.9823502105794518,0.07141430741298213,0.22293406498530952,,,,0.1311938628424005
Test,16,Brain-Stem,,,,,,181,878.0,0.8814363143631436,0.8710273466371027,0.01040896772604094,0.8155333826065534,0.7839985218033998,0.0315348608031536,0.8176795580110497,0.7900552486187845,0.027624309392265234,0.7975460122699386,0.7564102564102564,0.04113575585968221,0.042082206353812754,0.00014438247308135033,0.03654032790498263,7,0.03867403314917127,1.1322035787547347,0.08218481760113165,0.2557253913326158,,,,0.17007825579905606
Heldout,17,Left-Hippocampus,L,Hipp,1.0,Subcortical,2.0,362,164.0,0.9060267307218526,0.8854397634885439,0.020586967233308662,0.8276361172702636,0.7766691303276669,0.050966986942596715,0.8314917127071824,0.7900552486187845,0.04143646408839785,0.8087774294670846,0.7323943661971831,0.07638306326990152,0.09791462056632076,0.00019601895473897457,0.09547698273302895,35,0.09668508287292818,2.2312856241156998,0.16280268446581878,0.4987105107686138,-26.408388,-23.61168,-13.447874,0.3419397674953377
Validation,17,Left-Hippocampus,L,Hipp,1.0,Subcortical,2.0,181,164.0,0.9307711258930772,0.9108154717910815,0.019955654101995735,0.8397388519339739,0.7928677014042869,0.046871150529687045,0.8453038674033149,0.8066298342541437,0.03867403314917117,0.8205128205128205,0.75177304964539,0.06873977086743044,0.09137799295221162,0.00015730969607830048,0.08772076046588259,15,0.08287292817679558,2.1860729142173208,0.1593479236338007,0.48903125355750815,-26.408388,-23.61168,-13.447874,0.32584001403537466
Test,17,Left-Hippocampus,L,Hipp,1.0,Subcortical,2.0,181,164.0,0.8814363143631436,0.8605567873860556,0.02087952697708806,0.8155333826065534,0.760470559251047,0.055062823355506385,0.8176795580110497,0.7734806629834254,0.04419889502762431,0.7975460122699386,0.7132867132867133,0.08425929898322526,0.1044512481804299,0.00024131499230861664,0.1032332050001753,20,0.11049723756906077,2.2764983340140783,0.16625744529783684,0.5083897679797194,-26.408388,-23.61168,-13.447874,0.35770076756776725
Heldout,18,Left-Amygdala,L,Amy,1.0,Subcortical,3.0,362,57.0,0.9060267307218526,0.9023312392214831,0.003695491500369519,0.8276361172702636,0.8077728504557773,0.019863266814486358,0.8314917127071824,0.8149171270718232,0.016574585635359185,0.8087774294670846,0.7817589576547231,0.0270184718123615,0.033462910869194826,6.642192602157593e-05,0.03177893972693227,14,0.03867403314917127,0.7469236107428303,0.05412716623043541,0.16938344535330382,-22.828484,-3.84904800000001,-20.793736,0.11501623872940324
Validation,18,Left-Amygdala,L,Amy,1.0,Subcortical,3.0,181,57.0,0.9307711258930772,0.9292313377679231,0.0015397881251540957,0.8397388519339739,0.8203991130820398,0.019339738851934074,0.8453038674033149,0.8287292817679558,0.016574585635359074,0.8205128205128205,0.7947019867549668,0.025810833757853646,0.03188406223770828,4.494190216064453e-05,0.03071131496510124,5,0.027624309392265192,0.7861647522578644,0.05712464097430621,0.17706527630927155,-22.828484,-3.84904800000001,-20.793736,0.11265066112832918
Test,18,Left-Amygdala,L,Amy,1.0,Subcortical,3.0,181,57.0,0.8814363143631436,0.8753387533875338,0.0060975609756098725,0.8155333826065534,0.7951465878295146,0.020386794777038753,0.8176795580110497,0.8011049723756906,0.016574585635359185,0.7975460122699386,0.7692307692307693,0.028315243039169324,0.03504175950068136,9.328778833150864e-05,0.03284656448876331,9,0.049723756906077346,0.7076824692277963,0.05112969148656461,0.1617016143973361,-22.828484,-3.84904800000001,-20.793736,0.11762818243050234
Heldout,24,CSF,,,,,,362,40.0,0.9060267307218526,0.9030241438778025,0.0030025868440500814,0.8276361172702636,0.8240638088199064,0.0035723084503572755,0.8314917127071824,0.8287292817679558,0.002762430939226568,0.8087774294670846,0.8037974683544303,0.0049799611126543075,0.013532100255647416,4.5176828280091286e-05,0.012944099971849615,3,0.008287292817679558,0.33591577306695963,0.024309687664377303,0.07631977623873983,,,,0.04524541249620004
Validation,24,CSF,,,,,,181,40.0,0.9307711258930772,0.9302783936930279,0.0004927322000493062,0.8397388519339739,0.8275437299827544,0.012195121951219523,0.8453038674033149,0.8342541436464088,0.011049723756906049,0.8205128205128205,0.8051948051948052,0.015318015318015243,0.01574323859930203,4.467647522687912e-05,0.015200338943845988,2,0.011049723756906077,0.3486164159820678,0.02518539165226403,0.07856793448493625,,,,0.054721456778525496
Test,24,CSF,,,,,,181,40.0,0.8814363143631436,0.8775560482877556,0.0038802660753880502,0.8155333826065534,0.8205838876570584,-0.005050505050504972,0.8176795580110497,0.8232044198895028,-0.0055248618784530246,0.7975460122699386,0.8024691358024691,-0.004923123532530549,0.011320961911992803,4.887580871582031e-05,0.010687860999853242,1,0.0055248618784530384,0.3232151301518515,0.023433983676490574,0.07407161799254339,,,,0.03413719280121176
Heldout,26,Left-Accumbens-area,L,Accu,1.0,Subcortical,,362,32.0,0.9060267307218526,0.9045485341217049,0.0014781966001476965,0.8276361172702636,0.8296378418329637,-0.0020017245627000912,0.8314917127071824,0.8342541436464088,-0.0027624309392264568,0.8087774294670846,0.810126582278481,-0.0013491528113963591,0.0054643523354515515,1.2268777936697006e-05,0.0041435091107960235,5,0.013812154696132596,0.14946288677021374,0.010803228564247185,0.033474537507934464,-9.296836,10.51656,-9.05611200000001,0.0171252684067596
Validation,26,Left-Accumbens-area,L,Accu,1.0,Subcortical,,181,32.0,0.9307711258930772,0.9307711258930771,1.1102230246251565e-16,0.8397388519339739,0.8386917960088691,0.0010470559251047895,0.8453038674033149,0.8453038674033149,0.0,0.8205128205128205,0.8181818181818182,0.002331002331002252,0.003777039270765709,9.922310709953308e-06,0.003367489674617408,2,0.011049723756906077,0.13175703530839467,0.00954957662738129,0.02935796344230847,-9.296836,10.51656,-9.05611200000001,0.015478644198942508
Test,26,Left-Accumbens-area,L,Accu,1.0,Subcortical,,181,32.0,0.8814363143631436,0.8797117516629712,0.001724562700172405,0.8155333826065534,0.8205838876570584,-0.005050505050504972,0.8176795580110497,0.8232044198895028,-0.0055248618784530246,0.7975460122699386,0.8024691358024691,-0.004923123532530549,0.007151665400137394,1.6808509826660156e-05,0.0049195285469746395,3,0.016574585635359115,0.1671687382320328,0.01205688050111308,0.03759111157356046,-9.296836,10.51656,-9.05611200000001,0.01754006211445382
Heldout,28,Left-VentralDC,,,,,,362,152.0,0.9060267307218526,0.8982815964523282,0.00774513426952439,0.8276361172702636,0.8118686868686869,0.0157674304015768,0.8314917127071824,0.8176795580110497,0.013812154696132617,0.8087774294670846,0.7884615384615384,0.020315891005546205,0.0189295899423961,4.13781963288784e-05,0.014503858158961762,9,0.024861878453038673,0.4245592804882259,0.030730369981511456,0.09602960900439578,,,,0.07565871244031261
Validation,28,Left-VentralDC,,,,,,181,152.0,0.9307711258930772,0.9226410445922639,0.008130081300813274,0.8397388519339739,0.8214461690071446,0.018292682926829285,0.8453038674033149,0.8287292817679558,0.016574585635359074,0.8205128205128205,0.7973856209150327,0.02312719959778775,0.012227783543032012,3.515463322401047e-05,0.007526443152076138,5,0.027624309392265192,0.35582129131084134,0.025721442994233273,0.08027312564998042,,,,0.06713442170413436
Test,28,Left-VentralDC,,,,,,181,152.0,0.8814363143631436,0.8743532889874355,0.007083025375708152,0.8155333826065534,0.8022912047302291,0.013242177876324313,0.8176795580110497,0.8066298342541437,0.011049723756906049,0.7975460122699386,0.779874213836478,0.01767179843346056,0.025631396341760183,4.547834396362305e-05,0.021481273165847387,4,0.022099447513812154,0.4932972696656104,0.035739296968789636,0.11178609235881112,,,,0.0839058413139635
Heldout,30,Left-vessel,,,,,,362,3.0,0.9060267307218526,0.9060421286031043,-1.539788125171082e-05,0.8276361172702636,0.8276361172702636,0.0,0.8314917127071824,0.8314917127071824,0.0,0.8087774294670846,0.8087774294670846,0.0,0.003022743126593571,6.7730434238910675e-06,0.001628963451688461,0,0.0,0.06913168258228254,0.00499759344388898,0.015651169567476978,,,,0.00800493868923084
Validation,30,Left-vessel,,,,,,181,3.0,0.9307711258930772,0.931140675043114,-0.00036954915003684086,0.8397388519339739,0.8397388519339739,0.0,0.8453038674033149,0.8453038674033149,0.0,0.8205128205128205,0.8205128205128205,0.0,0.0024490319372499516,4.789792001247406e-06,0.0013643816880140845,0,0.0,0.06312988793479989,0.004576530950549136,0.014087484562923896,,,,0.006656013737762246
Test,30,Left-vessel,,,,,,181,3.0,0.8814363143631436,0.8817442719881745,-0.00030795762503088575,0.8155333826065534,0.8155333826065534,0.0,0.8176795580110497,0.8176795580110497,0.0,0.7975460122699386,0.7975460122699386,0.0,0.003596454315937191,7.927417755126953e-06,0.0018935452153628373,0,0.0,0.0751334772297652,0.0054186559372288255,0.017214854572030064,,,,0.00870715262813513
Heldout,31,Left-choroid-plexus,,,,,,362,75.0,0.9060267307218526,0.903270509977827,0.002756220744025595,0.8276361172702636,0.808819906380882,0.01881621088938168,0.8314917127071824,0.8149171270718232,0.016574585635359185,0.8087774294670846,0.7845659163987139,0.02421151306837077,0.021979603284805273,5.5388081818819046e-05,0.02126754886336954,8,0.022099447513812154,0.6026804839361856,0.04370461378298965,0.1357764721493036,,,,0.08946659345258341
Validation,31,Left-choroid-plexus,,,,,,181,75.0,0.9307711258930772,0.9242424242424242,0.0065287016506530016,0.8397388519339739,0.8092510470559251,0.030487804878048808,0.8453038674033149,0.8176795580110497,0.027624309392265123,0.8205128205128205,0.7814569536423841,0.039055866870436384,0.024752134786537996,4.431232810020447e-05,0.024402057330088062,5,0.027624309392265192,0.7124940871379405,0.05189225247653345,0.15884224039332642,,,,0.11642332473099978
Test,31,Left-choroid-plexus,,,,,,181,75.0,0.8814363143631436,0.8833456516383346,-0.0019093372751909365,0.8155333826065534,0.8083887657058388,0.007144616900714551,0.8176795580110497,0.8121546961325967,0.0055248618784530246,0.7975460122699386,0.7875,0.01004601226993862,0.019207071783072547,6.338488310575485e-05,0.018133040396651017,3,0.016574585635359115,0.4928668807344305,0.035516975089445846,0.11271070390528078,,,,0.06161678506157792
Heldout,41,Right-Cerebral-White-Matter,,,,,,362,8756.0,0.9060267307218526,0.8857477211135748,0.020279009608277776,0.8276361172702636,0.8181510224193151,0.009485094850948506,0.8314917127071824,0.8176795580110497,0.013812154696132617,0.8087774294670846,0.8035714285714286,0.005206000895656038,0.05107361572352109,0.0002360353246331215,-0.04864353162895126,17,0.04696132596685083,1.3450219265303642,0.0975743346192838,0.3014797371251313,,,,0.18310818739871626
Validation,41,Right-Cerebral-White-Matter,,,,,,181,8756.0,0.9307711258930772,0.896649421039665,0.03412170485341215,0.8397388519339739,0.8338260655333826,0.005912786400591341,0.8453038674033149,0.8342541436464088,0.011049723756906049,0.8205128205128205,0.8192771084337349,0.0012357120790855713,0.05578952504435132,0.00014573335647583008,-0.05519193133020269,10,0.055248618784530384,1.5300804553604916,0.11123065481950319,0.3378559037713715,,,,0.21257953299631105
Test,41,Right-Cerebral-White-Matter,,,,,,181,8756.0,0.8814363143631436,0.8737373737373737,0.007698940625769923,0.8155333826065534,0.8024759793052476,0.013057403301305781,0.8176795580110497,0.8011049723756906,0.016574585635359185,0.7975460122699386,0.788235294117647,0.009310718152291564,0.046357706402690865,0.0002772589214146137,-0.04209513192769984,7,0.03867403314917127,1.1599633977002366,0.08391801441906442,0.26510357047889116,,,,0.1548994680637481
Heldout,43,Right-Lateral-Ventricle,,,,,,362,215.0,0.9060267307218526,0.9073663463907367,-0.0013396156688840755,0.8276361172702636,0.8306848977580685,-0.0030487804878048808,0.8314917127071824,0.8342541436464088,-0.0027624309392264568,0.8087774294670846,0.8125,-0.003722570532915359,0.012556809040547982,5.0187576562166214e-05,-0.00918679614294094,5,0.013812154696132596,0.375361480795166,0.027180972982304766,0.08493815793640376,,,,0.036730601335777054
Validation,43,Right-Lateral-Ventricle,,,,,,181,215.0,0.9307711258930772,0.9268292682926829,0.003941857600394338,0.8397388519339739,0.8346883468834688,0.005050505050505083,0.8453038674033149,0.8397790055248618,0.0055248618784530246,0.8205128205128205,0.8152866242038217,0.005226196308998787,0.01157038152289901,4.9114227294921875e-05,-0.007695738954253454,1,0.0055248618784530384,0.36116544033004516,0.026141970958985204,0.08171030140137145,,,,0.04725720132062894
Test,43,Right-Lateral-Ventricle,,,,,,181,215.0,0.8814363143631436,0.8885193397388519,-0.007083025375708263,0.8155333826065534,0.8266814486326681,-0.011148066026114734,0.8176795580110497,0.8287292817679558,-0.011049723756906049,0.7975460122699386,0.8098159509202454,-0.012269938650306789,0.013543236558196952,5.078315734863281e-05,-0.010677853331628425,4,0.022099447513812154,0.38955752126028687,0.028219975005624332,0.08816601447143607,,,,0.025742064913379503
Heldout,44,Right-Inf-Lat-Vent,,,,,,362,13.0,0.9060267307218526,0.9065040650406504,-0.0004773343187978174,0.8276361172702636,0.8276361172702636,0.0,0.8314917127071824,0.8314917127071824,0.0,0.8087774294670846,0.8087774294670846,0.0,0.0032088287439691263,1.018773764371872e-05,0.0025344114732614702,0,0.0,0.09064697334466493,0.006552236844203113,0.020543743079291524,,,,0.009283731269374422
Validation,44,Right-Inf-Lat-Vent,,,,,,181,13.0,0.9307711258930772,0.9312638580931264,-0.0004927322000491952,0.8397388519339739,0.8397388519339739,0.0,0.8453038674033149,0.8453038674033149,0.0,0.8205128205128205,0.8205128205128205,0.0,0.003543424304286584,7.3909759521484375e-06,0.0028401005894810125,0,0.0,0.10097776151915692,0.007317338969564266,0.022503179883923977,,,,0.010368031073801656
Test,44,Right-Inf-Lat-Vent,,,,,,181,13.0,0.8814363143631436,0.8822370041882237,-0.0008006898250800809,0.8155333826065534,0.8155333826065534,0.0,0.8176795580110497,0.8176795580110497,0.0,0.7975460122699386,0.7975460122699386,0.0,0.0028742331836516684,1.621246337890625e-05,0.002228722357041928,0,0.0,0.08031618517017293,0.005787134718841961,0.018584306274659068,,,,0.007860678077413549
Heldout,46,Right-Cerebellum-White-Matter,,,,,,362,795.0,0.9060267307218526,0.8996366100024636,0.0063901207193889364,0.8276361172702636,0.8251108647450112,0.002525252525252486,0.8314917127071824,0.8287292817679558,0.002762430939226568,0.8087774294670846,0.80625,0.0025274294670846187,0.00813857220288222,3.135204315185547e-05,0.003000456212057593,3,0.008287292817679558,0.2378423219039851,0.017157904915826767,0.05354321786094436,,,,0.035040579645118364
Validation,46,Right-Cerebellum-White-Matter,,,,,,181,795.0,0.9307711258930772,0.9223946784922394,0.008376447400837761,0.8397388519339739,0.8346883468834688,0.005050505050505083,0.8453038674033149,0.8397790055248618,0.0055248618784530246,0.8205128205128205,0.8152866242038217,0.005226196308998787,0.007646928049973856,2.7190428227186203e-05,0.001615769366183169,1,0.0055248618784530384,0.2134874761966443,0.015351145134310016,0.04777070344811645,,,,0.03697751182347202
Test,46,Right-Cerebellum-White-Matter,,,,,,181,795.0,0.8814363143631436,0.8780487804878049,0.003387533875338744,0.8155333826065534,0.8155333826065534,0.0,0.8176795580110497,0.8176795580110497,0.0,0.7975460122699386,0.7975460122699386,0.0,0.008630216355790584,4.432443529367447e-05,0.004385143057932017,2,0.011049723756906077,0.2621971676113259,0.018964664697343515,0.05931573227377228,,,,0.03208738730416345
Heldout,47,Right-Cerebellum-Cortex,R,Cerebell,,Cerebellum,,362,1932.0,0.9060267307218526,0.9069660014781966,-0.000939270756344035,0.8276361172702636,0.8281596452328159,-0.0005235279625522837,0.8314917127071824,0.8314917127071824,0.0,0.8087774294670846,0.8099688473520249,-0.0011914178849402601,0.016353840988582176,7.206201553344727e-05,-0.003291880791667252,6,0.016574585635359115,0.4443154437673273,0.03215163953701042,0.09986877671406907,23.79782,-62.115081,-36.420925,0.04870014037023219
Validation,47,Right-Cerebellum-Cortex,R,Cerebell,,Cerebellum,,181,1932.0,0.9307711258930772,0.9285538309928554,0.0022172949002218223,0.8397388519339739,0.8296378418329637,0.010101010101010166,0.8453038674033149,0.8342541436464088,0.011049723756906049,0.8205128205128205,0.810126582278481,0.010386238234339484,0.017391797824047546,6.532669067382812e-05,-0.008295025450090018,4,0.022099447513812154,0.41812216575149425,0.030201483913600825,0.09429784353760724,23.79782,-62.115081,-36.420925,0.062121531490261575
Test,47,Right-Cerebellum-Cortex,R,Cerebell,,Cerebellum,,181,1932.0,0.8814363143631436,0.8833456516383345,-0.0019093372751908255,0.8155333826065534,0.8266814486326681,-0.011148066026114734,0.8176795580110497,0.8287292817679558,-0.011049723756906049,0.7975460122699386,0.8098159509202454,-0.012269938650306789,0.015315884153116802,7.575750350952148e-05,0.0017112638667555146,2,0.011049723756906077,0.47050872178316033,0.034101795160420015,0.10543970989053092,23.79782,-62.115081,-36.420925,0.03746524838792187
Heldout,49,Right-Thalamus-Proper,R,Th,1.0,Subcortical,,362,400.0,0.9060267307218526,0.9002217294900222,0.0058050012318303645,0.8276361172702636,0.8204915003695492,0.00714461690071444,0.8314917127071824,0.8259668508287292,0.005524861878453136,0.8087774294670846,0.7987220447284346,0.010055384738650086,0.02048780367251753,7.724761962890625e-05,0.01820526811299403,6,0.016574585635359115,0.5562388885352061,0.04026313438760413,0.12623247697702428,9.390652,-18.661101,4.48351299999999,0.07535801475620238
Validation,49,Right-Thalamus-Proper,R,Th,1.0,Subcortical,,181,400.0,0.9307711258930772,0.9283074648928307,0.002463661000246531,0.8397388519339739,0.8214461690071446,0.018292682926829285,0.8453038674033149,0.8287292817679558,0.016574585635359074,0.8205128205128205,0.7973856209150327,0.02312719959778775,0.019349781886381173,5.0902366638183594e-05,0.017352058590796277,3,0.016574585635359115,0.525788915060584,0.03803778861926545,0.11845649988776412,9.390652,-18.661101,4.48351299999999,0.07980137299625835
Test,49,Right-Thalamus-Proper,R,Th,1.0,Subcortical,,181,400.0,0.8814363143631436,0.8750923872875092,0.00634392707563447,0.8155333826065534,0.8195368317319537,-0.0040034491254002935,0.8176795580110497,0.8232044198895028,-0.0055248618784530246,0.7975460122699386,0.8,-0.0024539877300614465,0.021625825458653887,9.429454803466797e-05,0.019058477635191785,3,0.016574585635359115,0.5866888620098281,0.04248848015594281,0.13400845406628445,9.390652,-18.661101,4.48351299999999,0.06811224212836678
Heldout,50,Right-Caudate,R,Cau,1.0,Subcortical,,362,180.0,0.9060267307218526,0.9061653116531164,-0.00013858093126384308,0.8276361172702636,0.8286831731953683,-0.0010470559251046785,0.8314917127071824,0.8314917127071824,0.0,0.8087774294670846,0.8111455108359134,-0.0023680813688287117,0.007615608511780754,2.389657311141491e-05,-0.0070352759276573335,4,0.011049723756906077,0.18074101709454574,0.013021916994655849,0.041403759414978446,12.688444,7.91725799999998,7.65424699999997,0.02055686102575869
Validation,50,Right-Caudate,R,Cau,1.0,Subcortical,,181,180.0,0.9307711258930772,0.9269524513426952,0.003818674550381984,0.8397388519339739,0.8296378418329637,0.010101010101010166,0.8453038674033149,0.8342541436464088,0.011049723756906049,0.8205128205128205,0.810126582278481,0.010386238234339484,0.007049094970487264,2.0682811737060547e-05,-0.006025255104598913,2,0.011049723756906077,0.1855891309151148,0.013369602869967133,0.04217065860471014,12.688444,7.91725799999998,7.65424699999997,0.035443354867537157
Test,50,Right-Caudate,R,Cau,1.0,Subcortical,,181,180.0,0.8814363143631436,0.8843311160384332,-0.002894801675289549,0.8155333826065534,0.8277285045577728,-0.012195121951219412,0.8176795580110497,0.8287292817679558,-0.011049723756906049,0.7975460122699386,0.8121212121212121,-0.014575199851273535,0.008182122053074245,2.6464462280273438e-05,-0.008045296750715754,2,0.011049723756906077,0.17589290327397664,0.012674231119344567,0.040636860225246756,12.688444,7.91725799999998,7.65424699999997,0.006871401921600458
Heldout,51,Right-Putamen,R,Put,1.0,Subcortical,,362,255.0,0.9060267307218526,0.9023158413402317,0.0037108893816208965,0.8276361172702636,0.8245873367824588,0.0030487804878048808,0.8314917127071824,0.8287292817679558,0.002762430939226568,0.8087774294670846,0.8050314465408805,0.0037459829262040945,0.005866971724918781,1.9910745322704315e-05,0.0050134515423245355,1,0.0027624309392265192,0.15690227984051988,0.011341386380845305,0.035633994400171946,25.198652,1.37931899999998,-1.995813,0.024244271069112512
Validation,51,Right-Putamen,R,Put,1.0,Subcortical,,181,255.0,0.9307711258930772,0.9228874106922886,0.007883715200788566,0.8397388519339739,0.8397388519339739,0.0,0.8453038674033149,0.8453038674033149,0.0,0.8205128205128205,0.8205128205128205,0.0,0.0067086421102491205,1.6450881958007812e-05,0.00578557508251532,0,0.0,0.17199099404179075,0.01244919278011889,0.03864808170670304,25.198652,1.37931899999998,-1.995813,0.027041550091156573
Test,51,Right-Putamen,R,Put,1.0,Subcortical,,181,255.0,0.8814363143631436,0.8817442719881744,-0.00030795762503077473,0.8155333826065534,0.8094358216309436,0.0060975609756097615,0.8176795580110497,0.8121546961325967,0.0055248618784530246,0.7975460122699386,0.7901234567901234,0.007422555479815185,0.005025301339588442,2.3938249796628952e-05,0.0042413280021337514,1,0.0055248618784530384,0.141813565639249,0.010233579981571723,0.03261990709364085,25.198652,1.37931899999998,-1.995813,0.021600970859584456
Heldout,52,Right-Pallidum,R,Pall,1.0,Subcortical,,362,80.0,0.9060267307218526,0.9060421286031042,-1.53978812515998e-05,0.8276361172702636,0.8306848977580685,-0.0030487804878048808,0.8314917127071824,0.8342541436464088,-0.0027624309392264568,0.8087774294670846,0.8125,-0.003722570532915359,0.003213823537563504,7.71298073232174e-06,0.001320067385355659,1,0.0027624309392265192,0.08020773358985225,0.005789062778950406,0.018413455570271003,19.478588,-3.561339,-2.65556200000003,0.0062149510413800815
Validation,52,Right-Pallidum,R,Pall,1.0,Subcortical,,181,80.0,0.9307711258930772,0.9304015767430402,0.0003695491500369519,0.8397388519339739,0.8397388519339739,0.0,0.8453038674033149,0.8453038674033149,0.0,0.8205128205128205,0.8205128205128205,0.0,0.0031889251134878034,5.900859832763672e-06,0.0017343360997571801,0,0.0,0.07263206325931917,0.0052209041503937246,0.016816566476999726,19.478588,-3.561339,-2.65556200000003,0.00877937841391848
Test,52,Right-Pallidum,R,Pall,1.0,Subcortical,,181,80.0,0.8814363143631436,0.8826065533382607,-0.0011702389751170328,0.8155333826065534,0.8216309435821632,-0.0060975609756097615,0.8176795580110497,0.8232044198895028,-0.0055248618784530246,0.7975460122699386,0.8048780487804879,-0.007332036510549256,0.003238721961639204,1.0073184967041016e-05,0.0009057986709541379,1,0.0055248618784530384,0.08778340392038535,0.0063572214075070885,0.02001034466354228,19.478588,-3.561339,-2.65556200000003,0.0028806296062648023
Heldout,53,Right-Hippocampus,R,Hipp,1.0,Subcortical,2.0,362,173.0,0.9060267307218526,0.8992208672086721,0.006805863513180466,0.8276361172702636,0.8149174673564917,0.012718649913771918,0.8314917127071824,0.8204419889502762,0.01104972375690616,0.8087774294670846,0.792332268370607,0.016445161096477645,0.01673507003386335,4.9880705773830414e-05,0.015372860084611984,6,0.016574585635359115,0.44083682216642145,0.03194964200668925,0.09975438878886937,26.482748,-21.42906,-14.363645,0.06986668403104089
Validation,53,Right-Hippocampus,R,Hipp,1.0,Subcortical,2.0,181,173.0,0.9307711258930772,0.9285538309928554,0.0022172949002218223,0.8397388519339739,0.8214461690071446,0.018292682926829285,0.8453038674033149,0.8287292817679558,0.016574585635359074,0.8205128205128205,0.7973856209150327,0.02312719959778775,0.017301660802894536,3.551924601197243e-05,0.01499332390849103,3,0.016574585635359115,0.38462035361425284,0.02784840277996228,0.0868883142402159,26.482748,-21.42906,-14.363645,0.06731749997344384
Test,53,Right-Hippocampus,R,Hipp,1.0,Subcortical,2.0,181,173.0,0.8814363143631436,0.8708425720620844,0.01059374230105925,0.8155333826065534,0.8083887657058388,0.007144616900714551,0.8176795580110497,0.8121546961325967,0.0055248618784530246,0.7975460122699386,0.7875,0.01004601226993862,0.01616847926483217,6.794929504394531e-05,0.01575239626073294,3,0.016574585635359115,0.4970532907185901,0.03605088123341621,0.11262046333752285,26.482748,-21.42906,-14.363645,0.0716151782635581
Heldout,54,Right-Amygdala,R,Amy,1.0,Subcortical,3.0,362,53.0,0.9060267307218526,0.9070275930032027,-0.0010008622813501011,0.8276361172702636,0.8251108647450112,0.002525252525252486,0.8314917127071824,0.8287292817679558,0.002762430939226568,0.8087774294670846,0.80625,0.0025274294670846187,0.002712213276057036,6.448244675993919e-06,-0.0007720631971770064,3,0.008287292817679558,0.07110992813692235,0.005137330832188815,0.016200826457027574,23.55462,-3.16449900000001,-19.986282,0.010202663633916191
Validation,54,Right-Amygdala,R,Amy,1.0,Subcortical,3.0,181,53.0,0.9307711258930772,0.9321261394432127,-0.0013550135501354532,0.8397388519339739,0.8285907859078591,0.011148066026114845,0.8453038674033149,0.8342541436464088,0.011049723756906049,0.8205128205128205,0.8076923076923077,0.012820512820512775,0.002447936791947204,6.139278411865234e-06,-0.001379782282515784,2,0.011049723756906077,0.07259155204390993,0.005261155276608175,0.016181203747651855,23.55462,-3.16449900000001,-19.986282,0.01860711692022538
Test,54,Right-Amygdala,R,Amy,1.0,Subcortical,3.0,181,53.0,0.8814363143631436,0.8818674550381866,-0.000431140675043018,0.8155333826065534,0.8216309435821632,-0.0060975609756097615,0.8176795580110497,0.8232044198895028,-0.0055248618784530246,0.7975460122699386,0.8048780487804879,-0.007332036510549256,0.0029764897601668675,6.496906280517578e-06,-0.0001643441118382288,1,0.0055248618784530384,0.06962830422993477,0.0050135063877694555,0.016220449166403292,23.55462,-3.16449900000001,-19.986282,0.0020137806851288475
Heldout,58,Right-Accumbens-area,R,Accu,1.0,Subcortical,,362,34.0,0.9060267307218526,0.9065964523281596,-0.0005697216063069721,0.8276361172702636,0.8220620842572062,0.005574033013057478,0.8314917127071824,0.8259668508287292,0.005524861878453136,0.8087774294670846,0.8025078369905956,0.006269592476489061,0.0024383870578623115,5.513429641723633e-06,-0.0017852377498944326,2,0.0055248618784530384,0.058025500555191505,0.004190994305469421,0.013195807536168652,9.20582,11.151504,-8.70162000000002,0.012186178957927542
Validation,58,Right-Accumbens-area,R,Accu,1.0,Subcortical,,181,34.0,0.9307711258930772,0.9318797733431881,-0.0011086474501108556,0.8397388519339739,0.8285907859078591,0.011148066026114845,0.8453038674033149,0.8342541436464088,0.011049723756906049,0.8205128205128205,0.8076923076923077,0.012820512820512775,0.0019610833006175185,4.291534423828125e-06,-0.0013398274995427763,2,0.011049723756906077,0.05454618412083483,0.0039302698670270935,0.01222487783975364,9.20582,11.151504,-8.70162000000002,0.01703574411933921
Test,58,Right-Accumbens-area,R,Accu,1.0,Subcortical,,181,34.0,0.8814363143631436,0.8822370041882237,-0.0008006898250800809,0.8155333826065534,0.8155333826065534,0.0,0.8176795580110497,0.8176795580110497,0.0,0.7975460122699386,0.7975460122699386,0.0,0.0029156908151071045,6.973743438720703e-06,-0.0022306480002460887,0,0.0,0.061504816989548176,0.0044517187439117485,0.014166737232583663,9.20582,11.151504,-8.70162000000002,0.006566719733938772
Heldout,60,Right-VentralDC,,,,,,362,160.0,0.9060267307218526,0.9014535599901454,0.004573170731707155,0.8276361172702636,0.818489775806849,0.009146341463414642,0.8314917127071824,0.8232044198895028,0.008287292817679592,0.8087774294670846,0.7974683544303798,0.011309075036704863,0.013935960881998609,5.1627401262521744e-05,0.01263941601510494,3,0.008287292817679558,0.4092541533054074,0.029640129670238338,0.09199952782846946,,,,0.0581243320291267
Validation,60,Right-VentralDC,,,,,,181,160.0,0.9307711258930772,0.926829268292683,0.003941857600394227,0.8397388519339739,0.8275437299827544,0.012195121951219523,0.8453038674033149,0.8342541436464088,0.011049723756906049,0.8205128205128205,0.8051948051948052,0.015318015318015243,0.012617596672096634,3.540515899658203e-05,0.012343790778344837,2,0.011049723756906077,0.3791435879091758,0.027446383005779916,0.08458897236796374,,,,0.05730593160518091
Test,60,Right-VentralDC,,,,,,181,160.0,0.8814363143631436,0.8770633160877064,0.004372998275437245,0.8155333826065534,0.8094358216309436,0.0060975609756097615,0.8176795580110497,0.8121546961325967,0.0055248618784530246,0.7975460122699386,0.7901234567901234,0.007422555479815185,0.015254325091900582,6.968434900045395e-05,0.012935041251865046,1,0.0055248618784530384,0.43936471870163896,0.03183387633469676,0.09941008328897519,,,,0.05811124686548966
Heldout,63,Right-choroid-plexus,,,,,,362,91.0,0.9060267307218526,0.9089985218033999,-0.002971791081547326,0.8276361172702636,0.8210150283321015,0.006621088938162156,0.8314917127071824,0.8259668508287292,0.005524861878453136,0.8087774294670846,0.8,0.008777429467084596,0.008200205660564053,2.8625130653381348e-05,0.004340531663372289,6,0.016574585635359115,0.21810119375502895,0.015798765611953813,0.04907553180928718,,,,0.029305727692668607
Validation,63,Right-choroid-plexus,,,,,,181,91.0,0.9307711258930772,0.9356984478935699,-0.004927322000492729,0.8397388519339739,0.8264966740576496,0.013242177876324313,0.8453038674033149,0.8342541436464088,0.011049723756906049,0.8205128205128205,0.8026315789473685,0.01788124156545201,0.007289392606082542,2.6047229766845703e-05,0.005977577452666193,4,0.022099447513812154,0.20041749476666115,0.014521898371032413,0.04461520772365575,,,,0.03233609160432775
Test,63,Right-choroid-plexus,,,,,,181,91.0,0.8814363143631436,0.882729736388273,-0.001293422025129387,0.8155333826065534,0.8155333826065534,0.0,0.8176795580110497,0.8176795580110497,0.0,0.7975460122699386,0.7975460122699386,0.0,0.009111018715045565,3.159046173095703e-05,0.002703485874078386,2,0.011049723756906077,0.23578489274339678,0.017075632852875212,0.0535358558949186,,,,0.025998201918481997
Heldout,77,WM-hypointensities,,,,,,362,203.0,0.9060267307218526,0.9030549396403054,0.002971791081547215,0.8276361172702636,0.8256343927075634,0.0020017245627002023,0.8314917127071824,0.8287292817679558,0.002762430939226568,0.8087774294670846,0.8074534161490683,0.0013240133180163483,0.008101834070441719,2.0503299310803413e-05,-0.0056470962439391,5,0.013812154696132596,0.19875559735675316,0.014356840549014992,0.04483424798065786,,,,0.028813405733317386
Validation,77,WM-hypointensities,,,,,,181,203.0,0.9307711258930772,0.9232569598423256,0.007514166050751614,0.8397388519339739,0.8407859078590786,-0.0010470559251046785,0.8453038674033149,0.8453038674033149,0.0,0.8205128205128205,0.8227848101265823,-0.002271989613761849,0.007963900024699077,1.537799835205078e-05,-0.007013265967101517,2,0.011049723756906077,0.20500782399067852,0.014825191488843257,0.04614112322419388,,,,0.03036117401487988
Test,77,WM-hypointensities,,,,,,181,203.0,0.8814363143631436,0.8823601872382361,-0.0009238728750924352,0.8155333826065534,0.8104828775560483,0.005050505050505083,0.8176795580110497,0.8121546961325967,0.0055248618784530246,0.7975460122699386,0.7926829268292683,0.004863085440670267,0.00823976811618436,2.7060508728027344e-05,-0.004280926520776683,3,0.016574585635359115,0.19250337072282783,0.013888489609186727,0.043527372737121844,,,,0.02791234846431965
Heldout,80,non-WM-hypointensities,,,,,,362,1.0,0.9060267307218526,0.9059189455530918,0.0001077851687607545,0.8276361172702636,0.8245873367824588,0.0030487804878048808,0.8314917127071824,0.8287292817679558,0.002762430939226568,0.8087774294670846,0.8050314465408805,0.0037459829262040945,0.0002473288033034097,5.960464477539062e-07,-3.145565536099573e-05,1,0.0027624309392265192,0.006132504142757794,0.0004415596874388326,0.0013996367214134384,,,,0.004121697241230529
Validation,80,non-WM-hypointensities,,,,,,181,1.0,0.9307711258930772,0.9308943089430894,-0.00012318305001224328,0.8397388519339739,0.8336412909583641,0.0060975609756097615,0.8453038674033149,0.8397790055248618,0.0055248618784530246,0.8205128205128205,0.8129032258064516,0.007609594706368905,0.00029939162745577856,4.76837158203125e-07,1.2426572795236966e-05,1,0.0055248618784530384,0.006382024534285752,0.0004599511161741147,0.0014449880556177699,,,,0.007286206857072716
Test,80,non-WM-hypointensities,,,,,,181,1.0,0.8814363143631436,0.8812515397881252,0.00018477457501842043,0.8155333826065534,0.8155333826065534,0.0,0.8176795580110497,0.8176795580110497,0.0,0.7975460122699386,0.7975460122699386,0.0,0.00019526597915104081,7.329508662223816e-07,-7.533788351722844e-05,0,0.0,0.005882983751229836,0.00042316825870355047,0.0013542853872091072,,,,0.0008032088128730117
Heldout,85,Optic-Chiasm,,,,,,362,4.0,0.9060267307218526,0.9068120226656812,-0.0007852919438285921,0.8276361172702636,0.8276361172702636,0.0,0.8314917127071824,0.8314917127071824,0.0,0.8087774294670846,0.8087774294670846,0.0,0.002272177083695626,3.923662006855011e-06,0.0003964257611795354,2,0.0055248618784530384,0.047516397963414995,0.003442949879041729,0.01082747614844728,,,,0.005482321206754067
Validation,85,Optic-Chiasm,,,,,,181,4.0,0.9307711258930772,0.9318797733431881,-0.0011086474501108556,0.8397388519339739,0.8397388519339739,0.0,0.8453038674033149,0.8453038674033149,0.0,0.8205128205128205,0.8205128205128205,0.0,0.0024341669278373705,3.2833777368068695e-06,0.0009362132092989281,0,0.0,0.04530328904739735,0.003270833489185364,0.010404709829480609,,,,0.004596352966911878
Test,85,Optic-Chiasm,,,,,,181,4.0,0.8814363143631436,0.8829761024882975,-0.0015397881251538736,0.8155333826065534,0.8155333826065534,0.0,0.8176795580110497,0.8176795580110497,0.0,0.7975460122699386,0.7975460122699386,0.0,0.0021101872395538823,4.589557647705078e-06,-0.0001433616869398573,2,0.011049723756906077,0.04972950687943263,0.003615066268898094,0.01125024246741395,,,,0.005290437758988711
Heldout,251,CC_Posterior,,,,,,362,17.0,0.9060267307218526,0.9064732692781473,-0.00044653855629472883,0.8276361172702636,0.8276361172702636,0.0,0.8314917127071824,0.8314917127071824,0.0,0.8087774294670846,0.8087774294670846,0.0,0.002555539772346698,7.5981952250003815e-06,-0.0012626130910826981,2,0.0055248618784530384,0.06416855032220663,0.004639631314045565,0.014535666366226106,,,,0.007301118717942838
Validation,251,CC_Posterior,,,,,,181,17.0,0.9307711258930772,0.9316334072431633,-0.000862281350086147,0.8397388519339739,0.8336412909583641,0.0060975609756097615,0.8453038674033149,0.8397790055248618,0.0055248618784530246,0.8205128205128205,0.8129032258064516,0.007609594706368905,0.0019007280998919879,6.979797035455704e-06,-0.0006220598025916361,1,0.0055248618784530384,0.06576484466262306,0.004761561601183465,0.014815927951375424,,,,0.01245005551444437
Test,251,CC_Posterior,,,,,,181,17.0,0.8814363143631436,0.8826065533382607,-0.0011702389751170328,0.8155333826065534,0.8216309435821632,-0.0060975609756097615,0.8176795580110497,0.8232044198895028,-0.0055248618784530246,0.7975460122699386,0.8048780487804879,-0.007332036510549256,0.003210351444801408,9.36770811676979e-06,-0.0019031663795737602,1,0.0055248618784530384,0.0625722559817902,0.004517701026907664,0.01425540478107679,,,,0.0010127387088275817
Heldout,252,CC_Mid_Posterior,,,,,,362,8.0,0.9060267307218526,0.9057495688593249,0.00027716186252768615,0.8276361172702636,0.8276361172702636,0.0,0.8314917127071824,0.8314917127071824,0.0,0.8087774294670846,0.8087774294670846,0.0,0.0022052603719745715,5.401670932769775e-06,-0.00047196877106653724,2,0.0055248618784530384,0.05188670495770375,0.0037442665851918737,0.011826125987244574,,,,0.006779175007539435
Validation,252,CC_Mid_Posterior,,,,,,181,8.0,0.9307711258930772,0.9312638580931264,-0.0004927322000491952,0.8397388519339739,0.8336412909583641,0.0060975609756097615,0.8453038674033149,0.8397790055248618,0.0055248618784530246,0.8205128205128205,0.8129032258064516,0.007609594706368905,0.0021136901727285833,3.814697265625e-06,-0.00010670305780284313,1,0.0055248618784530384,0.05272368161288831,0.0038107499481533857,0.011858276425968876,,,,0.012081755084287838
Test,252,CC_Mid_Posterior,,,,,,181,8.0,0.8814363143631436,0.8808819906380883,0.0005543237250553723,0.8155333826065534,0.8216309435821632,-0.0060975609756097615,0.8176795580110497,0.8232044198895028,-0.0055248618784530246,0.7975460122699386,0.8048780487804879,-0.007332036510549256,0.00229683057122056,6.854534149169922e-06,-0.0008372344843302313,1,0.0055248618784530384,0.05104972830251919,0.003677783222230362,0.011793975548520273,,,,0.0009838627307418371
Heldout,253,CC_Central,,,,,,362,14.0,0.9060267307218526,0.9050566642030057,0.0009700665188469015,0.8276361172702636,0.8220620842572062,0.005574033013057478,0.8314917127071824,0.8259668508287292,0.005524861878453136,0.8087774294670846,0.8025078369905956,0.006269592476489061,0.0031989964126552667,8.724397048354149e-06,-0.0016631902174931534,4,0.011049723756906077,0.07181058603130508,0.005152655220159602,0.016355384419059885,,,,0.016000723540409857
Validation,253,CC_Central,,,,,,181,14.0,0.9307711258930772,0.9299088445429909,0.0008622813500862581,0.8397388519339739,0.8285907859078591,0.011148066026114845,0.8453038674033149,0.8342541436464088,0.011049723756906049,0.8205128205128205,0.8076923076923077,0.012820512820512775,0.002595897133652512,6.047077476978302e-06,-0.0018528388139086862,2,0.011049723756906077,0.06410367812000431,0.004598239361011366,0.014560487677049901,,,,0.02030945624655559
Test,253,CC_Central,,,,,,181,14.0,0.8814363143631436,0.8812515397881251,0.00018477457501853145,0.8155333826065534,0.8155333826065534,0.0,0.8176795580110497,0.8176795580110497,0.0,0.7975460122699386,0.7975460122699386,0.0,0.0038020956916580213,1.2874603271484375e-05,-0.0014735416210776206,2,0.011049723756906077,0.07951749394260584,0.005707071079307837,0.01815028116106987,,,,0.010798913721674998
Heldout,254,CC_Mid_Anterior,,,,,,362,18.0,0.9060267307218526,0.9047795023404779,0.0012472283813746987,0.8276361172702636,0.8276361172702636,0.0,0.8314917127071824,0.8314917127071824,0.0,0.8087774294670846,0.8087774294670846,0.0,0.0015653793182923814,7.581198588013649e-06,0.001012467505225078,0,0.0,0.05261537978616646,0.0037939962401158994,0.01204438110844371,,,,0.00660660393978298
Validation,254,CC_Mid_Anterior,,,,,,181,18.0,0.9307711258930772,0.930771125893077,2.220446049250313e-16,0.8397388519339739,0.8397388519339739,0.0,0.8453038674033149,0.8453038674033149,0.0,0.8205128205128205,0.8205128205128205,0.0,0.0017828235135141,7.0445239543914795e-06,0.001264586308919593,0,0.0,0.05675044145148237,0.0040916915529842345,0.012933990974699595,,,,0.005874515066498557
Test,254,CC_Mid_Anterior,,,,,,181,18.0,0.8814363143631436,0.8792806109879281,0.002155703375215534,0.8155333826065534,0.8155333826065534,0.0,0.8176795580110497,0.8176795580110497,0.0,0.7975460122699386,0.7975460122699386,0.0,0.0013479351230706628,9.594950824975967e-06,0.0007603487015305632,0,0.0,0.048480318120850546,0.003496300927247564,0.011154771242187826,,,,0.006999939425533761
Heldout,255,CC_Anterior,,,,,,362,29.0,0.9060267307218526,0.9052722345405272,0.0007544961813253925,0.8276361172702636,0.8276361172702636,0.0,0.8314917127071824,0.8314917127071824,0.0,0.8087774294670846,0.8087774294670846,0.0,0.0029559288564966527,8.918112143874168e-06,-0.00150219456534524,2,0.0055248618784530384,0.07551108575250776,0.00545625522290871,0.017173128747972995,,,,0.00971916644857606
Validation,255,CC_Anterior,,,,,,181,29.0,0.9307711258930772,0.9301552106430155,0.0006159152500616605,0.8397388519339739,0.8397388519339739,0.0,0.8453038674033149,0.8453038674033149,0.0,0.8205128205128205,0.8205128205128205,0.0,0.0030519906817343683,7.665250450372696e-06,-0.001929177009907052,0,0.0,0.07676880727718245,0.005544176627335124,0.017289623988596774,,,,0.009212082559131153
Test,255,CC_Anterior,,,,,,181,29.0,0.8814363143631436,0.8817442719881744,-0.00030795762503077473,0.8155333826065534,0.8155333826065534,0.0,0.8176795580110497,0.8176795580110497,0.0,0.7975460122699386,0.7975460122699386,0.0,0.0028598670312589376,9.481795132160187e-06,-0.0010752121207834278,2,0.011049723756906077,0.07425336422783307,0.005368333818482297,0.017056633507349213,,,,0.009025215600401069
Heldout,1000,ctx-lh-unknown,,,,,,362,32.0,0.9060267307218526,0.8986203498398619,0.007406380881990637,0.8276361172702636,0.8220620842572062,0.005574033013057478,0.8314917127071824,0.8259668508287292,0.005524861878453136,0.8087774294670846,0.8025078369905956,0.006269592476489061,0.008570325863161716,2.3566652089357376e-05,0.0030358250070239793,2,0.0055248618784530384,0.24570592944876893,0.017788809192323805,0.05584119782057586,,,,0.03989203513837894
Validation,1000,ctx-lh-unknown,,,,,,181,32.0,0.9307711258930772,0.9211628479921162,0.009608277900960971,0.8397388519339739,0.8285907859078591,0.011148066026114845,0.8453038674033149,0.8342541436464088,0.011049723756906049,0.8205128205128205,0.8076923076923077,0.012820512820512775,0.00933068191365066,1.913309097290039e-05,0.0025232569777628006,2,0.011049723756906077,0.26139974725260323,0.018915275278699312,0.05960851613411587,,,,0.0501072734951164
Test,1000,ctx-lh-unknown,,,,,,181,32.0,0.8814363143631436,0.8768169499876817,0.004619364375461954,0.8155333826065534,0.8155333826065534,0.0,0.8176795580110497,0.8176795580110497,0.0,0.7975460122699386,0.7975460122699386,0.0,0.00780996981267277,3.081560134887695e-05,0.003548393036285158,0,0.0,0.23001211164493462,0.0166623431059483,0.05207387950703584,,,,0.02909167729408302
Heldout,1001,ctx-lh-bankssts,L,STS,,Default Mode Network,5.0,362,81.0,0.9060267307218526,0.908490391722099,-0.00246366100024642,0.8276361172702636,0.8312084257206209,-0.0035723084503572755,0.8314917127071824,0.8342541436464088,-0.0027624309392264568,0.8087774294670846,0.8136645962732919,-0.004887166806207266,0.0033482268390899205,9.317649528384209e-06,-0.0024250542914793305,3,0.008287292817679558,0.09830102612870972,0.00708461599947064,0.02270790058810737,-54.551492,-45.43788,2.85875799999997,0.005225602669724821
Validation,1001,ctx-lh-bankssts,L,STS,,Default Mode Network,5.0,181,81.0,0.9307711258930772,0.9331116038433112,-0.0023404779502339546,0.8397388519339739,0.8407859078590786,-0.0010470559251046785,0.8453038674033149,0.8453038674033149,0.0,0.8205128205128205,0.8227848101265823,-0.002271989613761849,0.0028117960216014425,7.927417755126953e-06,-0.0025581018073041794,2,0.011049723756906077,0.0833520207676949,0.005978178077580623,0.01928658653771021,-54.551492,-45.43788,2.85875799999997,0.00650741259953404
Test,1001,ctx-lh-bankssts,L,STS,,Default Mode Network,5.0,181,81.0,0.8814363143631436,0.8855013550135501,-0.004065040650406471,0.8155333826065534,0.8216309435821632,-0.0060975609756097615,0.8176795580110497,0.8232044198895028,-0.0055248618784530246,0.7975460122699386,0.8048780487804879,-0.007332036510549256,0.0038846576565783985,1.055002212524414e-05,-0.002292006775654482,1,0.0055248618784530384,0.11325003148972453,0.008191053921360656,0.026129214638504535,-54.551492,-45.43788,2.85875799999997,0.002465596139768127
Heldout,1002,ctx-lh-caudalanteriorcingulate,L,CACin,,Ventral Attention,4.0,362,44.0,0.9060267307218526,0.906719635378172,-0.0006929046563194374,0.8276361172702636,0.8306848977580685,-0.0030487804878048808,0.8314917127071824,0.8342541436464088,-0.0027624309392264568,0.8087774294670846,0.8125,-0.003722570532915359,0.00477983314898997,1.1610565707087517e-05,-0.0021666329397783918,1,0.0027624309392265192,0.12686161244113142,0.00914021121313569,0.029032197744889153,-4.792772,20.913768,26.009055,0.010454602311923994
Validation,1002,ctx-lh-caudalanteriorcingulate,L,CACin,,Ventral Attention,4.0,181,44.0,0.9307711258930772,0.9289233801428922,0.0018477457501849814,0.8397388519339739,0.8397388519339739,0.0,0.8453038674033149,0.8453038674033149,0.0,0.8205128205128205,0.8205128205128205,0.0,0.004908442584725704,1.0880641639232635e-05,-0.0021766174162702006,0,0.0,0.11056464113608949,0.007955457375723179,0.025285027097931224,-4.792772,20.913768,26.009055,0.014711645710633865
Test,1002,ctx-lh-caudalanteriorcingulate,L,CACin,,Ventral Attention,4.0,181,44.0,0.8814363143631436,0.8838383838383838,-0.0024020694752401317,0.8155333826065534,0.8216309435821632,-0.0060975609756097615,0.8176795580110497,0.8232044198895028,-0.0055248618784530246,0.7975460122699386,0.8048780487804879,-0.007332036510549256,0.004651223713254237,1.4120247215032578e-05,-0.002156648463286583,1,0.0055248618784530384,0.14315858374617335,0.010324965050548201,0.032779368391847086,-4.792772,20.913768,26.009055,0.007029044500797849
Heldout,1003,ctx-lh-caudalmiddlefrontal,L,CMF,,Default Mode Network,5.0,362,210.0,0.9060267307218526,0.9054262133530425,0.0006005173688100607,0.8276361172702636,0.8276361172702636,0.0,0.8314917127071824,0.8314917127071824,0.0,0.8087774294670846,0.8087774294670846,0.0,0.007520153965461403,2.0882347598671913e-05,-0.0006439324728218396,2,0.0055248618784530384,0.20484292228225084,0.014795416598343316,0.0466913473406467,-34.112964,12.79839,45.65382,0.023468574120460085
Validation,1003,ctx-lh-caudalmiddlefrontal,L,CMF,,Default Mode Network,5.0,181,210.0,0.9307711258930772,0.9285538309928554,0.0022172949002218223,0.8397388519339739,0.8397388519339739,0.0,0.8453038674033149,0.8453038674033149,0.0,0.8205128205128205,0.8205128205128205,0.0,0.0076402046136269915,1.5943776816129684e-05,-0.001767112811749482,0,0.0,0.21800733592428104,0.01579311833194668,0.04969668366755899,-34.112964,12.79839,45.65382,0.025650617845795493
Test,1003,ctx-lh-caudalmiddlefrontal,L,CMF,,Default Mode Network,5.0,181,210.0,0.8814363143631436,0.8834688346883469,-0.002032520325203291,0.8155333826065534,0.8155333826065534,0.0,0.8176795580110497,0.8176795580110497,0.0,0.7975460122699386,0.7975460122699386,0.0,0.007400103317295814,2.3188069462776184e-05,0.00047924786610580283,2,0.011049723756906077,0.19167850864022065,0.013797714864739952,0.043686011013734406,-34.112964,12.79839,45.65382,0.020270270232523084
Heldout,1005,ctx-lh-cuneus,L,Cun,,Visual,6.0,362,118.0,0.9060267307218526,0.9073971421532397,-0.001370411431387164,0.8276361172702636,0.8337336782458734,-0.0060975609756097615,0.8314917127071824,0.8370165745856354,-0.0055248618784530246,0.8087774294670846,0.8161993769470405,-0.007421947479955837,0.00457325110530985,1.8596649169921875e-05,-0.0032976450480891196,2,0.0055248618784530384,0.12803248283633376,0.00921262733694404,0.02949668883824546,-4.81222799999999,-80.449089,19.185084,0.006870392223102268
Validation,1005,ctx-lh-cuneus,L,Cun,,Visual,6.0,181,118.0,0.9307711258930772,0.9307711258930772,0.0,0.8397388519339739,0.8397388519339739,0.0,0.8453038674033149,0.8453038674033149,0.0,0.8205128205128205,0.8205128205128205,0.0,0.00316887059202675,1.5960074961185455e-05,-0.0028837919492500923,0,0.0,0.1300315378112873,0.00937913461063811,0.02972856203083834,-4.81222799999999,-80.449089,19.185084,0.01254800520266486
Test,1005,ctx-lh-cuneus,L,Cun,,Visual,6.0,181,118.0,0.8814363143631436,0.88470066518847,-0.0032643508253263898,0.8155333826065534,0.8277285045577728,-0.012195121951219412,0.8176795580110497,0.8287292817679558,-0.011049723756906049,0.7975460122699386,0.8121212121212121,-0.014575199851273535,0.00597763161859295,2.2516120225191116e-05,-0.003711498146928147,2,0.011049723756906077,0.12603342786138022,0.009046120063249969,0.02926481564565258,-4.81222799999999,-80.449089,19.185084,0.0006692512809877253
Heldout,1006,ctx-lh-entorhinal,L,Ent,,Limbic system,1.0,362,61.0,0.9060267307218526,0.8986665434836166,0.007360187238235949,0.8276361172702636,0.8179662478442966,0.009669869425967037,0.8314917127071824,0.8232044198895028,0.008287292817679592,0.8087774294670846,0.7961783439490446,0.01259908551804001,0.014119615625250487,3.716512583196163e-05,0.005328267142536808,5,0.013812154696132596,0.38132647597533265,0.02755240287210629,0.08637737436477322,-22.565828,-3.69031200000001,-32.797229,0.06008329063117303
Validation,1006,ctx-lh-entorhinal,L,Ent,,Limbic system,1.0,181,61.0,0.9307711258930772,0.9204237496920423,0.010347376201034875,0.8397388519339739,0.8325942350332594,0.007144616900714551,0.8453038674033149,0.8397790055248618,0.0055248618784530246,0.8205128205128205,0.8104575163398693,0.010055304172951196,0.015460970515683705,3.3091288059949875e-05,0.007746489515311975,3,0.016574585635359115,0.41170313401348396,0.029752250106198693,0.0926011758985111,-22.565828,-3.69031200000001,-32.797229,0.06436267228716774
Test,1006,ctx-lh-entorhinal,L,Ent,,Limbic system,1.0,181,61.0,0.8814363143631436,0.8784183296378419,0.003017984725301681,0.8155333826065534,0.8033382606553339,0.012195121951219523,0.8176795580110497,0.8066298342541437,0.011049723756906049,0.7975460122699386,0.782608695652174,0.014937316617764651,0.012778260734817271,3.916025161743164e-05,0.0029100447697616412,2,0.011049723756906077,0.35094981793718133,0.025352555638013887,0.08015357283103532,-22.565828,-3.69031200000001,-32.797229,0.05444889542504297
Heldout,1007,ctx-lh-fusiform,L,Fus,,Visual,3.0,362,315.0,0.9060267307218526,0.9063192904656319,-0.00029255974377928595,0.8276361172702636,0.8210150283321015,0.006621088938162156,0.8314917127071824,0.8259668508287292,0.005524861878453136,0.8087774294670846,0.8,0.008777429467084596,0.01991543576805672,5.454546771943569e-05,0.008342388866839735,6,0.016574585635359115,0.5376932448855452,0.03899403476141501,0.12189619817889362,-31.661508,-41.519085,-23.501661,0.06689545828739052
Validation,1007,ctx-lh-fusiform,L,Fus,,Visual,3.0,181,315.0,0.9307711258930772,0.9364375461936438,-0.0056664203005666325,0.8397388519339739,0.8325942350332594,0.007144616900714551,0.8453038674033149,0.8397790055248618,0.0055248618784530246,0.8205128205128205,0.8104575163398693,0.010055304172951196,0.022969505011273848,4.917848855257034e-05,0.007208203354037434,5,0.027624309392265192,0.6542339583496095,0.04757175791959757,0.14689032631560914,-31.661508,-41.519085,-23.501661,0.07478189047024586
Test,1007,ctx-lh-fusiform,L,Fus,,Visual,3.0,181,315.0,0.8814363143631436,0.8779255974377925,0.0035107169253510984,0.8155333826065534,0.8094358216309436,0.0060975609756097615,0.8176795580110497,0.8121546961325967,0.0055248618784530246,0.7975460122699386,0.7901234567901234,0.007422555479815185,0.016861366524839598,6.020069122314453e-05,0.009476574379642036,1,0.0055248618784530384,0.4211525314214809,0.030416311603232455,0.09690207004217812,-31.661508,-41.519085,-23.501661,0.057438442216878216
Heldout,1008,ctx-lh-inferiorparietal,L,IP,,Default Mode Network,5.0,362,404.0,0.9060267307218526,0.9070891845282089,-0.0010624538063562783,0.8276361172702636,0.8276361172702636,0.0,0.8314917127071824,0.8314917127071824,0.0,0.8087774294670846,0.8087774294670846,0.0,0.003902589386452545,2.102646976709366e-05,0.0004758299109706069,4,0.011049723756906077,0.10757214430197352,0.007722824213940146,0.02453506030965576,-42.654148,-66.738267,30.597757,0.01166793216972702
Validation,1008,ctx-lh-inferiorparietal,L,IP,,Default Mode Network,5.0,181,404.0,0.9307711258930772,0.9278147326927815,0.002956393200295726,0.8397388519339739,0.8285907859078591,0.011148066026114845,0.8453038674033149,0.8342541436464088,0.011049723756906049,0.8205128205128205,0.8076923076923077,0.012820512820512775,0.0025202593668389715,1.7220620065927505e-05,0.0003987589892185195,2,0.011049723756906077,0.1003771253195154,0.007232430616608507,0.02284773472099673,-42.654148,-66.738267,30.597757,0.024962121585548655
Test,1008,ctx-lh-inferiorparietal,L,IP,,Default Mode Network,5.0,181,404.0,0.8814363143631436,0.8858093126385809,-0.004372998275437245,0.8155333826065534,0.8266814486326681,-0.011148066026114734,0.8176795580110497,0.8287292817679558,-0.011049723756906049,0.7975460122699386,0.8098159509202454,-0.012269938650306789,0.005284919406066119,2.5093555450439453e-05,0.0005529008327226941,2,0.011049723756906077,0.11476716328443166,0.008213217811271784,0.026222385898314788,-42.654148,-66.738267,30.597757,-0.0009179547085234677
Heldout,1009,ctx-lh-inferiortemporal,L,IT,,Limbic system,4.0,362,471.0,0.9060267307218526,0.906750431140675,-0.000723700418822415,0.8276361172702636,0.8260655333826066,0.0015705838876570732,0.8314917127071824,0.8314917127071824,0.0,0.8087774294670846,0.805111821086262,0.003665608380822638,0.02066859699276312,5.206465721130371e-05,0.01212209316088885,8,0.022099447513812154,0.5961856148803854,0.043406838922840495,0.13352561535221108,-49.911236,-36.816531,-23.452426,0.06713226413581949
Validation,1009,ctx-lh-inferiortemporal,L,IT,,Limbic system,4.0,181,471.0,0.9307711258930772,0.9349593495934959,-0.004188223700418714,0.8397388519339739,0.8426952451342695,-0.002956393200295615,0.8453038674033149,0.850828729281768,-0.005524861878453136,0.8205128205128205,0.8211920529801324,-0.000679232467311941,0.026853644397130328,5.155801773071289e-05,0.01883265447097918,7,0.03867403314917127,0.6733508377557219,0.04905106894525915,0.15162186052917775,-49.911236,-36.816531,-23.452426,0.07262749975659227
Test,1009,ctx-lh-inferiortemporal,L,IT,,Limbic system,4.0,181,471.0,0.8814363143631436,0.8801428923380142,0.001293422025129387,0.8155333826065534,0.8094358216309436,0.0060975609756097615,0.8176795580110497,0.8121546961325967,0.0055248618784530246,0.7975460122699386,0.7901234567901234,0.007422555479815185,0.01448354958839591,5.459785461425781e-05,0.005411531850798518,1,0.0055248618784530384,0.5190203920050488,0.03776260890042183,0.1154293701752444,-49.911236,-36.816531,-23.452426,0.06018962767740219
Heldout,1010,ctx-lh-isthmuscingulate,L,ICin,,Default Mode Network,4.0,362,95.0,0.9060267307218526,0.9051490514905149,0.0008776792313376358,0.8276361172702636,0.8276361172702636,0.0,0.8314917127071824,0.8314917127071824,0.0,0.8087774294670846,0.8087774294670846,0.0,0.004510953102662171,1.759990118443966e-05,-0.0015956465713165247,2,0.0055248618784530384,0.12127778752840726,0.008722542609841928,0.02787186732279003,-8.21702799999998,-45.507327,18.023138,0.01466366113168704
Validation,1010,ctx-lh-isthmuscingulate,L,ICin,,Default Mode Network,4.0,181,95.0,0.9307711258930772,0.9254742547425474,0.005296871150529792,0.8397388519339739,0.8397388519339739,0.0,0.8453038674033149,0.8453038674033149,0.0,0.8205128205128205,0.8205128205128205,0.0,0.004843411918276746,1.424318179488182e-05,-0.003370204526231269,2,0.011049723756906077,0.1263057074775837,0.009080393231172856,0.028868854128194777,-8.21702799999998,-45.507327,18.023138,0.02032564867567
Test,1010,ctx-lh-isthmuscingulate,L,ICin,,Default Mode Network,4.0,181,95.0,0.8814363143631436,0.8853165804385317,-0.0038802660753880502,0.8155333826065534,0.8155333826065534,0.0,0.8176795580110497,0.8176795580110497,0.0,0.7975460122699386,0.7975460122699386,0.0,0.004178494287047597,2.1278858184814453e-05,0.00017891138359821962,0,0.0,0.11624986757923082,0.008364691988511001,0.026874880517385284,-8.21702799999998,-45.507327,18.023138,0.008662920200170548
Heldout,1011,ctx-lh-lateraloccipital,L,LO,,Visual,5.0,362,455.0,0.9060267307218526,0.9035168760778516,0.0025098546440009972,0.8276361172702636,0.8276361172702636,0.0,0.8314917127071824,0.8314917127071824,0.0,0.8087774294670846,0.8087774294670846,0.0,0.007387561673421968,4.035234451293945e-05,0.0038239516752633105,0,0.0,0.24542094769537737,0.017640619680866887,0.05667094367643746,-27.877316,-90.866139,2.37625499999999,0.027538035998289852
Validation,1011,ctx-lh-lateraloccipital,L,LO,,Visual,5.0,181,455.0,0.9307711258930772,0.9259669869425967,0.0048041389504804854,0.8397388519339739,0.8397388519339739,0.0,0.8453038674033149,0.8453038674033149,0.0,0.8205128205128205,0.8205128205128205,0.0,0.005698299215519955,4.035234451293945e-05,0.0037357043577821215,0,0.0,0.2508029854336743,0.018002789066872915,0.057271744129736776,-27.877316,-90.866139,2.37625499999999,0.028505227232873354
Test,1011,ctx-lh-lateraloccipital,L,LO,,Visual,5.0,181,455.0,0.8814363143631436,0.8817442719881745,-0.00030795762503088575,0.8155333826065534,0.8155333826065534,0.0,0.8176795580110497,0.8176795580110497,0.0,0.7975460122699386,0.7975460122699386,0.0,0.009076824131323982,4.106760025024414e-05,0.0039121989927445,0,0.0,0.2400389099570804,0.01727845029486086,0.05607014322313814,-27.877316,-90.866139,2.37625499999999,0.026047316801153957
Heldout,1012,ctx-lh-lateralorbitofrontal,L,LOrF,,Limbic system,5.0,362,272.0,0.9060267307218526,0.904409953190441,0.0016167775314115396,0.8276361172702636,0.8245873367824588,0.0030487804878048808,0.8314917127071824,0.8287292817679558,0.002762430939226568,0.8087774294670846,0.8050314465408805,0.0037459829262040945,0.021460140482857,6.163748912513256e-05,-0.005896041124740111,9,0.024861878453038673,0.4618070643907799,0.033337607503098755,0.10369648703101261,-23.927748,29.336697,-17.908565,0.061949493850476045
Validation,1012,ctx-lh-lateralorbitofrontal,L,LOrF,,Limbic system,5.0,181,272.0,0.9307711258930772,0.9212860310421287,0.009485094850948506,0.8397388519339739,0.8275437299827544,0.012195121951219523,0.8453038674033149,0.8342541436464088,0.011049723756906049,0.8205128205128205,0.8051948051948052,0.015318015318015243,0.020032517684016437,5.4717063903808594e-05,-0.0005310072527570619,4,0.022099447513812154,0.410172486001142,0.029466923092619272,0.09139617116741054,-23.927748,29.336697,-17.908565,0.07338960233018496
Test,1012,ctx-lh-lateralorbitofrontal,L,LOrF,,Limbic system,5.0,181,272.0,0.8814363143631436,0.887410692288741,-0.005974377925597407,0.8155333826065534,0.8216309435821632,-0.0060975609756097615,0.8176795580110497,0.8232044198895028,-0.0055248618784530246,0.7975460122699386,0.8048780487804879,-0.007332036510549256,0.022887763281697563,6.62882812321186e-05,-0.01126107499672316,5,0.027624309392265192,0.5134416427804178,0.03720829191357824,0.11599680289461468,-23.927748,29.336697,-17.908565,0.05078654723329515
Heldout,1013,ctx-lh-lingual,L,Lin,,Visual,3.0,362,241.0,0.9060267307218526,0.9061345158906134,-0.00010778516876086552,0.8276361172702636,0.8245873367824588,0.0030487804878048808,0.8314917127071824,0.8287292817679558,0.002762430939226568,0.8087774294670846,0.8050314465408805,0.0037459829262040945,0.0050283110911510265,1.958012580871582e-05,0.0027971706656708243,1,0.0027624309392265192,0.1303265017884377,0.009382421472312455,0.02944045910580876,-13.674436,-67.650999,-4.43786900000003,0.01762797097643015
Validation,1013,ctx-lh-lingual,L,Lin,,Visual,3.0,181,241.0,0.9307711258930772,0.9304015767430401,0.0003695491500370629,0.8397388519339739,0.8336412909583641,0.0060975609756097615,0.8453038674033149,0.8397790055248618,0.0055248618784530246,0.8205128205128205,0.8129032258064516,0.007609594706368905,0.0038215712675032367,1.8063466995954514e-05,0.0027156927550818707,1,0.0055248618784530384,0.11510203260599085,0.008275339319447869,0.025933859550821187,-13.674436,-67.650999,-4.43786900000003,0.019116506900443232
Test,1013,ctx-lh-lingual,L,Lin,,Visual,3.0,181,241.0,0.8814363143631436,0.8830992855383099,-0.001662971175166228,0.8155333826065534,0.8155333826065534,0.0,0.8176795580110497,0.8176795580110497,0.0,0.7975460122699386,0.7975460122699386,0.0,0.006235050914798817,2.2113323211669922e-05,0.002878648576259778,0,0.0,0.14555097097088454,0.010489503625177043,0.032947058660796336,-13.674436,-67.650999,-4.43786900000003,0.015061583364809632
Heldout,1014,ctx-lh-medialorbitofrontal,L,MOrF,,Limbic system,5.0,362,163.0,0.9060267307218526,0.9084441980783444,-0.0024174673564918425,0.8276361172702636,0.8271125893077113,0.0005235279625523948,0.8314917127071824,0.8314917127071824,0.0,0.8087774294670846,0.807570977917981,0.0012064515491035932,0.010652687127871737,1.7908168956637383e-05,0.004928168737797777,6,0.016574585635359115,0.25387962694258626,0.018414190366014566,0.05663482253105272,-6.835652,30.824847,-16.106564,0.028830396663482766
Validation,1014,ctx-lh-medialorbitofrontal,L,MOrF,,Limbic system,5.0,181,163.0,0.9307711258930772,0.9296624784429662,0.0011086474501109667,0.8397388519339739,0.8336412909583641,0.0060975609756097615,0.8453038674033149,0.8397790055248618,0.0055248618784530246,0.8205128205128205,0.8129032258064516,0.007609594706368905,0.0070107957857624935,1.4185905456542969e-05,0.002371099692620131,1,0.0055248618784530384,0.2545395929514924,0.01852347711773296,0.05593442352931144,-6.835652,30.824847,-16.106564,0.033292967517061484
Test,1014,ctx-lh-medialorbitofrontal,L,MOrF,,Limbic system,5.0,181,163.0,0.8814363143631436,0.8863020448386302,-0.004865730475486552,0.8155333826065534,0.8205838876570584,-0.005050505050504972,0.8176795580110497,0.8232044198895028,-0.0055248618784530246,0.7975460122699386,0.8024691358024691,-0.004923123532530549,0.014294578469980982,2.390146255493164e-05,0.007485237782975422,5,0.027624309392265192,0.25321966093368004,0.01830490361429617,0.057335221532793995,-6.835652,30.824847,-16.106564,0.02544567749751215
Heldout,1015,ctx-lh-middletemporal,L,MT,,Default Mode Network,4.0,362,418.0,0.9060267307218526,0.9115853658536585,-0.005558635131805878,0.8276361172702636,0.8320707070707071,-0.0044345898004434225,0.8314917127071824,0.8397790055248618,-0.008287292817679481,0.8087774294670846,0.8092105263157895,-0.0004330968487048503,0.04416597569206966,7.811188697814941e-05,0.04085431388677072,15,0.04143646408839779,0.9509784989390209,0.06901466203657318,0.21552799468170541,-57.752004,-24.534333,-14.343951,0.10733105920523332
Validation,1015,ctx-lh-middletemporal,L,MT,,Default Mode Network,4.0,181,418.0,0.9307711258930772,0.9408721359940873,-0.010101010101010055,0.8397388519339739,0.8578467602857847,-0.018107908351810753,0.8453038674033149,0.8674033149171271,-0.02209944751381221,0.8205128205128205,0.8378378378378378,-0.017325017325017344,0.04386117298011951,6.842520087957382e-05,0.04020410278575361,8,0.04419889502762431,0.9368214205258593,0.06795588763943972,0.21224740096136352,-57.752004,-24.534333,-14.343951,0.08802803166950085
Test,1015,ctx-lh-middletemporal,L,MT,,Default Mode Network,4.0,181,418.0,0.8814363143631436,0.8837152007883715,-0.0022788864252278884,0.8155333826065534,0.8062946538556295,0.009238728750923908,0.8176795580110497,0.8121546961325967,0.0055248618784530246,0.7975460122699386,0.782051282051282,0.01549473021865655,0.04447077840401981,8.171796798706055e-05,0.04150452498778783,7,0.03867403314917127,0.9651355773521824,0.07007343643370666,0.21880858840204734,-57.752004,-24.534333,-14.343951,0.1253714604783396
Heldout,1016,ctx-lh-parahippocampal,L,PH,,Subcortical,3.0,362,39.0,0.9060267307218526,0.9042867701404287,0.0017399605814238939,0.8276361172702636,0.8215385562946539,0.0060975609756097615,0.8314917127071824,0.8259668508287292,0.005524861878453136,0.8087774294670846,0.8012618296529969,0.007515599814087781,0.007398135670671723,1.8030405044555664e-05,0.005147982673019747,4,0.011049723756906077,0.16740337991926213,0.0120652665893672,0.03847784055036735,-21.72922,-31.469112,-17.248816,0.028405896192763187
Validation,1016,ctx-lh-parahippocampal,L,PH,,Subcortical,3.0,181,39.0,0.9307711258930772,0.9279379157427938,0.0028332101502833718,0.8397388519339739,0.8285907859078591,0.011148066026114845,0.8453038674033149,0.8342541436464088,0.011049723756906049,0.8205128205128205,0.8076923076923077,0.012820512820512775,0.006918652505402901,1.5556812286376953e-05,0.0031974584311864323,2,0.011049723756906077,0.1562182735156484,0.011254702111190309,0.03599461415031338,-21.72922,-31.469112,-17.248816,0.03325960316868203
Test,1016,ctx-lh-parahippocampal,L,PH,,Subcortical,3.0,181,39.0,0.8814363143631436,0.8814979058881497,-6.159152500606613e-05,0.8155333826065534,0.8144863266814486,0.0010470559251047895,0.8176795580110497,0.8176795580110497,0.0,0.7975460122699386,0.7950310559006211,0.0025149563693175336,0.007877618835940545,1.9371509552001953e-05,0.0070985069148530614,2,0.011049723756906077,0.17858848632287583,0.012875831067544094,0.04096106695042131,-21.72922,-31.469112,-17.248816,0.02284388667927397
Heldout,1017,ctx-lh-paracentral,L,PCen,,Somato-motor,6.0,362,134.0,0.9060267307218526,0.9062269031781226,-0.00020017245627002023,0.8276361172702636,0.8179662478442966,0.009669869425967037,0.8314917127071824,0.8232044198895028,0.008287292817679592,0.8087774294670846,0.7961783439490446,0.01259908551804001,0.0158922640408662,5.371845327317715e-05,0.01407231688010635,5,0.013812154696132596,0.4663480504284721,0.03372112072561096,0.10513808678074107,-6.97184399999999,-27.659448,61.418867,0.060464297205787436
Validation,1017,ctx-lh-paracentral,L,PCen,,Somato-motor,6.0,181,134.0,0.9307711258930772,0.9344666173934466,-0.0036954915003694078,0.8397388519339739,0.8325942350332594,0.007144616900714551,0.8453038674033149,0.8397790055248618,0.0055248618784530246,0.8205128205128205,0.8104575163398693,0.010055304172951196,0.015034690252325154,4.8995018005371094e-05,0.01461268957827796,3,0.016574585635359115,0.5023973888192758,0.03647160063721548,0.1116157986059044,-6.97184399999999,-27.659448,61.418867,0.05661287485342169
Test,1017,ctx-lh-paracentral,L,PCen,,Somato-motor,6.0,181,134.0,0.8814363143631436,0.8784183296378417,0.003017984725301903,0.8155333826065534,0.8033382606553339,0.012195121951219523,0.8176795580110497,0.8066298342541437,0.011049723756906049,0.7975460122699386,0.782608695652174,0.014937316617764651,0.016749837829407244,5.7220458984375e-05,0.01353194418193474,2,0.011049723756906077,0.4302987120376684,0.030970640814006432,0.09866037495557775,-6.97184399999999,-27.659448,61.418867,0.0640385576956257
Heldout,1018,ctx-lh-parsopercularis,L,POp,,Ventral Attention,5.0,362,174.0,0.9060267307218526,0.9040865976841586,0.0019401330376940251,0.8276361172702636,0.833210150283321,-0.005574033013057367,0.8314917127071824,0.8370165745856354,-0.0055248618784530246,0.8087774294670846,0.8150470219435737,-0.006269592476489061,0.006632001927760507,1.6612466424703598e-05,-0.004177666141893406,2,0.0055248618784530384,0.20043476316428266,0.014551483608431117,0.04518781896701175,-49.561028,13.641675,15.787869,0.018102071748673586
Validation,1018,ctx-lh-parsopercularis,L,POp,,Ventral Attention,5.0,181,174.0,0.9307711258930772,0.9289233801428923,0.0018477457501848704,0.8397388519339739,0.8397388519339739,0.0,0.8453038674033149,0.8453038674033149,0.0,0.8205128205128205,0.8205128205128205,0.0,0.0043353838254363165,1.1324882507324219e-05,-0.002365143426812321,0,0.0,0.16309452806638028,0.011812916074883327,0.036363511907132294,-49.561028,13.641675,15.787869,0.017996045650504514
Test,1018,ctx-lh-parsopercularis,L,POp,,Ventral Attention,5.0,181,174.0,0.8814363143631436,0.8805124414880512,0.0009238728750924352,0.8155333826065534,0.8266814486326681,-0.011148066026114734,0.8176795580110497,0.8287292817679558,-0.011049723756906049,0.7975460122699386,0.8098159509202454,-0.012269938650306789,0.008928620030084697,2.2406689822673798e-05,-0.005990188856974491,2,0.011049723756906077,0.237774998262185,0.017290051141978905,0.05401212602689121,-49.561028,13.641675,15.787869,0.01709945039673191
Heldout,1019,ctx-lh-parsorbitalis,L,POr,,Default Mode Network,5.0,362,83.0,0.9060267307218526,0.9070275930032027,-0.0010008622813501011,0.8276361172702636,0.8245873367824588,0.0030487804878048808,0.8314917127071824,0.8287292817679558,0.002762430939226568,0.8087774294670846,0.8050314465408805,0.0037459829262040945,0.005248632545721877,8.974457159638405e-06,-0.0010638402823811572,1,0.0027624309392265192,0.12584817106256682,0.009112092697602511,0.028742306490135455,-43.500484,31.787184,-13.536497,0.01668488654370182
Validation,1019,ctx-lh-parsorbitalis,L,POr,,Default Mode Network,5.0,181,83.0,0.9307711258930772,0.9327420546932741,-0.0019709288001968917,0.8397388519339739,0.8336412909583641,0.0060975609756097615,0.8453038674033149,0.8397790055248618,0.0055248618784530246,0.8205128205128205,0.8129032258064516,0.007609594706368905,0.004640016874596888,6.4373016357421875e-06,0.0006704686250722869,1,0.0055248618784530384,0.11376985464147318,0.008230648913616263,0.0256475867775593,-43.500484,31.787184,-13.536497,0.017549784151471324
Test,1019,ctx-lh-parsorbitalis,L,POr,,Default Mode Network,5.0,181,83.0,0.8814363143631436,0.8810051736881004,0.00043114067504324005,0.8155333826065534,0.8155333826065534,0.0,0.8176795580110497,0.8176795580110497,0.0,0.7975460122699386,0.7975460122699386,0.0,0.005857248216846865,1.1763535439968109e-05,-0.0027981491898346014,0,0.0,0.1379264874836605,0.00999353648158876,0.03183702620271161,-43.500484,31.787184,-13.536497,0.016281925373478865
Heldout,1020,ctx-lh-parstriangularis,L,PTr,,Default Mode Network,5.0,362,154.0,0.9060267307218526,0.9069044099531904,-0.0008776792313378579,0.8276361172702636,0.8301613697955161,-0.002525252525252486,0.8314917127071824,0.8342541436464088,-0.0027624309392264568,0.8087774294670846,0.8113207547169812,-0.002543325249896533,0.004509551754190448,6.020069122314453e-06,0.0007335324385795146,3,0.008287292817679558,0.10488318089326298,0.007544153980219039,0.023999679946850018,-47.197124,28.751358,1.952834,0.009479503259587099
Validation,1020,ctx-lh-parstriangularis,L,PTr,,Default Mode Network,5.0,181,154.0,0.9307711258930772,0.931140675043114,-0.00036954915003684086,0.8397388519339739,0.8447893569844789,-0.005050505050504972,0.8453038674033149,0.850828729281768,-0.005524861878453136,0.8205128205128205,0.8258064516129032,-0.005293631100082741,0.004969486441895448,4.698056727647781e-06,0.0018549359799748626,1,0.0055248618784530384,0.09984255446222719,0.007175626262323931,0.022683753945880174,-47.197124,28.751358,1.952834,0.00727754469152287
Test,1020,ctx-lh-parstriangularis,L,PTr,,Default Mode Network,5.0,181,154.0,0.8814363143631436,0.8839615668883962,-0.002525252525252597,0.8155333826065534,0.8155333826065534,0.0,0.8176795580110497,0.8176795580110497,0.0,0.7975460122699386,0.7975460122699386,0.0,0.0040496170664854475,7.68899917602539e-06,-0.00038787110281583357,2,0.011049723756906077,0.10992380732429878,0.007912681698114148,0.025315605947819862,-47.197124,28.751358,1.952834,0.010542018615037606
Heldout,1021,ctx-lh-pericalcarine,L,PCal,,Visual,6.0,362,99.0,0.9060267307218526,0.9026237989652625,0.003402931756590122,0.8276361172702636,0.8245873367824588,0.0030487804878048808,0.8314917127071824,0.8287292817679558,0.002762430939226568,0.8087774294670846,0.8050314465408805,0.0037459829262040945,0.002252831620303142,1.0162359103560448e-05,-6.187940016388893e-05,1,0.0027624309392265192,0.06413691024045468,0.00458427099611524,0.015063070213597124,-8.15865999999998,-84.377805,5.27127299999998,0.013565057954736037
Validation,1021,ctx-lh-pericalcarine,L,PCal,,Visual,6.0,181,99.0,0.9307711258930772,0.9299088445429908,0.0008622813500863691,0.8397388519339739,0.8336412909583641,0.0060975609756097615,0.8453038674033149,0.8397790055248618,0.0055248618784530246,0.8205128205128205,0.8129032258064516,0.007609594706368905,0.002530062355059945,9.5367431640625e-06,0.00022933613097305455,1,0.0055248618784530384,0.06542638835425808,0.004678589794916636,0.015168272082318258,-8.15865999999998,-84.377805,5.27127299999998,0.014720980663518015
Test,1021,ctx-lh-pericalcarine,L,PCal,,Visual,6.0,181,99.0,0.8814363143631436,0.8774328652377432,0.0040034491254004045,0.8155333826065534,0.8155333826065534,0.0,0.8176795580110497,0.8176795580110497,0.0,0.7975460122699386,0.7975460122699386,0.0,0.001975600885546339,1.0251998901367188e-05,-0.00035309493130083244,0,0.0,0.06284743212665128,0.004489952197313844,0.01495786834487599,-8.15865999999998,-84.377805,5.27127299999998,0.010469002208260587
Heldout,1022,ctx-lh-postcentral,L,PoCen,,Somato-motor,6.0,362,342.0,0.9060267307218526,0.9006528701650653,0.0053738605567872355,0.8276361172702636,0.8286831731953683,-0.0010470559251046785,0.8314917127071824,0.8314917127071824,0.0,0.8087774294670846,0.8111455108359134,-0.0023680813688287117,0.013746243120731982,8.724885992705822e-05,-0.009796824780915406,4,0.011049723756906077,0.539814444579112,0.039121183016188235,0.1213951435207662,-45.592004,-23.145393,39.913019,0.05829920314429338
Validation,1022,ctx-lh-postcentral,L,PoCen,,Somato-motor,6.0,181,342.0,0.9307711258930772,0.9193151022419316,0.01145602365114562,0.8397388519339739,0.8397388519339739,0.0,0.8453038674033149,0.8453038674033149,0.0,0.8205128205128205,0.8205128205128205,0.0,0.007081668317132727,7.855892181396484e-05,-0.0011097756986254157,0,0.0,0.43556259453903823,0.03145834774413089,0.09773235043603412,-45.592004,-23.145393,39.913019,0.04999603971240924
Test,1022,ctx-lh-postcentral,L,PoCen,,Somato-motor,6.0,181,342.0,0.8814363143631436,0.8808819906380883,0.0005543237250553723,0.8155333826065534,0.8176274944567627,-0.002094111850209357,0.8176795580110497,0.8176795580110497,0.0,0.7975460122699386,0.8023952095808383,-0.004849197310899722,0.020410817924331234,9.073736146092415e-05,-0.018483873863205397,4,0.022099447513812154,0.6440662946191859,0.04678401828824558,0.1450579366054983,-45.592004,-23.145393,39.913019,0.06786499283880404
Heldout,1023,ctx-lh-posteriorcingulate,L,PoCin,,Default Mode Network,4.0,362,87.0,0.9060267307218526,0.9029933481152993,0.003033382606553281,0.8276361172702636,0.8393077112589308,-0.011671593988667128,0.8314917127071824,0.8425414364640884,-0.011049723756906049,0.8087774294670846,0.822429906542056,-0.013652477074971414,0.011590199822878969,3.74913215637207e-05,-0.007382152650958102,6,0.016574585635359115,0.3291897838703712,0.023845672856814368,0.07420759428889383,-5.356996,-21.270324,38.820002,0.028455119861115402
Validation,1023,ctx-lh-posteriorcingulate,L,PoCin,,Default Mode Network,4.0,181,87.0,0.9307711258930772,0.9296624784429662,0.0011086474501109667,0.8397388519339739,0.8458364129095837,-0.0060975609756097615,0.8453038674033149,0.850828729281768,-0.005524861878453136,0.8205128205128205,0.8280254777070064,-0.007512657194185923,0.011573852412917173,3.170967102050781e-05,-0.009492510875676713,3,0.016574585635359115,0.32533566102910355,0.02354518616702588,0.07344076677498237,-5.356996,-21.270324,38.820002,0.03178758361798017
Test,1023,ctx-lh-posteriorcingulate,L,PoCin,,Default Mode Network,4.0,181,87.0,0.8814363143631436,0.8778024143877803,0.0036338999753633416,0.8155333826065534,0.8327790096082779,-0.017245627001724495,0.8176795580110497,0.8342541436464088,-0.016574585635359074,0.7975460122699386,0.8170731707317073,-0.019527158461768668,0.011606547232840766,4.553794860839844e-05,-0.005271794426239491,3,0.016574585635359115,0.3330439067116388,0.024146159546602857,0.07497442180280528,-5.356996,-21.270324,38.820002,0.023798438316618382
Heldout,1024,ctx-lh-precentral,L,PrCen,,Somato-motor,6.0,362,436.0,0.9060267307218526,0.9065964523281597,-0.0005697216063070831,0.8276361172702636,0.823540280857354,0.00409583641290967,0.8314917127071824,0.8287292817679558,0.002762430939226568,0.8087774294670846,0.802547770700637,0.006229658766447654,0.017850297453005422,6.202235817909241e-05,0.010539218671465529,5,0.013812154696132596,0.47810327565202293,0.03461719607726609,0.10757125016734086,-39.755204,-9.28575600000002,43.78289,0.05737482380648736
Validation,1024,ctx-lh-precentral,L,PrCen,,Somato-motor,6.0,181,436.0,0.9307711258930772,0.9300320275930032,0.0007390983000740148,0.8397388519339739,0.8325942350332594,0.007144616900714551,0.8453038674033149,0.8397790055248618,0.0055248618784530246,0.8205128205128205,0.8104575163398693,0.010055304172951196,0.01645848926835956,5.694059655070305e-05,0.009640356551505913,3,0.016574585635359115,0.4765075434717087,0.03449336747903871,0.10731294796447069,-39.755204,-9.28575600000002,43.78289,0.06049303051172275
Test,1024,ctx-lh-precentral,L,PrCen,,Somato-motor,6.0,181,436.0,0.8814363143631436,0.8834688346883468,-0.00203252032520318,0.8155333826065534,0.8144863266814486,0.0010470559251047895,0.8176795580110497,0.8176795580110497,0.0,0.7975460122699386,0.7950310559006211,0.0025149563693175336,0.01924210563765129,6.437301635742188e-05,0.011438080791425146,2,0.011049723756906077,0.47969900783233715,0.034741024675493476,0.10782955237021104,-39.755204,-9.28575600000002,43.78289,0.05410263828873698
Heldout,1025,ctx-lh-precuneus,L,PrCun,,Default Mode Network,5.0,362,369.0,0.9060267307218526,0.9036708548903671,0.0023558758314854433,0.8276361172702636,0.8271125893077113,0.0005235279625523948,0.8314917127071824,0.8314917127071824,0.0,0.8087774294670846,0.807570977917981,0.0012064515491035932,0.013552077833655708,4.207715392112732e-05,0.004226533738505198,6,0.016574585635359115,0.3659813785886917,0.02645629581169467,0.0830142470951403,-8.38240399999999,-59.972145,36.377946,0.044545236002924135
Validation,1025,ctx-lh-precuneus,L,PrCun,,Default Mode Network,5.0,181,369.0,0.9307711258930772,0.9276915496427691,0.0030795762503080804,0.8397388519339739,0.8285907859078591,0.011148066026114845,0.8453038674033149,0.8342541436464088,0.011049723756906049,0.8205128205128205,0.8076923076923077,0.012820512820512775,0.01759394583709085,3.802776336669922e-05,0.0008162815684648179,4,0.022099447513812154,0.41640710911471707,0.030122471745293176,0.094925404294749,-8.38240399999999,-59.972145,36.377946,0.06415400461018816
Test,1025,ctx-lh-precuneus,L,PrCun,,Default Mode Network,5.0,181,369.0,0.8814363143631436,0.8807588075880759,0.0006775067750677266,0.8155333826065534,0.8256343927075634,-0.010101010101010055,0.8176795580110497,0.8287292817679558,-0.011049723756906049,0.7975460122699386,0.8074534161490683,-0.009907403879129695,0.009510209830220563,4.51207160949707e-05,0.007636785908545578,2,0.011049723756906077,0.31555564806266634,0.022790119878096166,0.07110308989553162,-8.38240399999999,-59.972145,36.377946,0.02398179875806501
Heldout,1026,ctx-lh-rostralanteriorcingulate,L,RACin,,Default Mode Network,4.0,362,55.0,0.9060267307218526,0.9062423010593742,-0.00021557033752162003,0.8276361172702636,0.8281596452328159,-0.0005235279625522837,0.8314917127071824,0.8314917127071824,0.0,0.8087774294670846,0.8099688473520249,-0.0011914178849402601,0.0033991013779639374,8.744653314352036e-06,-0.003085368977941943,2,0.0055248618784530384,0.08851390340650397,0.006417725134566323,0.020247416478164946,-4.792772,38.553306,2.73074699999998,0.009630214400301661
Validation,1026,ctx-lh-rostralanteriorcingulate,L,RACin,,Default Mode Network,4.0,181,55.0,0.9307711258930772,0.9290465631929047,0.0017245627001725161,0.8397388519339739,0.8346883468834688,0.005050505050505083,0.8453038674033149,0.8397790055248618,0.0055248618784530246,0.8205128205128205,0.8152866242038217,0.005226196308998787,0.002491258071910446,6.616115570068359e-06,-0.0023347428454425783,1,0.0055248618784530384,0.07310871571464495,0.005257095489715283,0.016752342616326243,-4.792772,38.553306,2.73074699999998,0.01507590750014863
Test,1026,ctx-lh-rostralanteriorcingulate,L,RACin,,Default Mode Network,4.0,181,55.0,0.8814363143631436,0.8831608770633161,-0.0017245627001725161,0.8155333826065534,0.8216309435821632,-0.0060975609756097615,0.8176795580110497,0.8232044198895028,-0.0055248618784530246,0.7975460122699386,0.8048780487804879,-0.007332036510549256,0.004306944684017429,1.0920688509941101e-05,-0.003835995110441308,1,0.0055248618784530384,0.103919091098363,0.007578354779417364,0.023742490340003652,-4.792772,38.553306,2.73074699999998,0.004615661975497819
Heldout,1027,ctx-lh-rostralmiddlefrontal,L,RMF,,Fronto-Parietal,5.0,362,502.0,0.9060267307218526,0.9083210150283321,-0.0022942843064794882,0.8276361172702636,0.8301613697955161,-0.002525252525252486,0.8314917127071824,0.8342541436464088,-0.0027624309392264568,0.8087774294670846,0.8113207547169812,-0.002543325249896533,0.00640270328766651,1.0672258213162422e-05,0.0013530274559820884,3,0.008287292817679558,0.15745973489112194,0.01135146336088752,0.035752242163482294,-32.877508,44.615037,14.34036,0.01376335909859001
Validation,1027,ctx-lh-rostralmiddlefrontal,L,RMF,,Fronto-Parietal,5.0,181,502.0,0.9307711258930772,0.9312638580931263,-0.0004927322000490841,0.8397388519339739,0.8336412909583641,0.0060975609756097615,0.8453038674033149,0.8397790055248618,0.0055248618784530246,0.8205128205128205,0.8129032258064516,0.007609594706368905,0.004468729367057757,8.761882781982422e-06,0.0015073166516974814,1,0.0055248618784530384,0.14040747119785282,0.010103921178446629,0.03168089926572136,-32.877508,44.615037,14.34036,0.020729965508910368
Test,1027,ctx-lh-rostralmiddlefrontal,L,RMF,,Fronto-Parietal,5.0,181,502.0,0.8814363143631436,0.8867947770386795,-0.005358462675535858,0.8155333826065534,0.8266814486326681,-0.011148066026114734,0.8176795580110497,0.8287292817679558,-0.011049723756906049,0.7975460122699386,0.8098159509202454,-0.012269938650306789,0.008336677208275262,1.2636184692382812e-05,0.0011987382602666953,2,0.011049723756906077,0.1745119985843911,0.01259900554332841,0.03982358506124323,-32.877508,44.615037,14.34036,0.005534126425643689
Heldout,1028,ctx-lh-superiorfrontal,L,SF,,Default Mode Network,5.0,362,768.0,0.9060267307218526,0.9157735895540773,-0.009746858832224703,0.8276361172702636,0.8194444444444444,0.00819167282581923,0.8314917127071824,0.8259668508287292,0.005524861878453136,0.8087774294670846,0.7961165048543689,0.01266092461271573,0.045871415693899464,8.542882278561592e-05,0.019296290390244917,14,0.03867403314917127,0.9820713691660383,0.07119499396604166,0.22031188950724695,-10.415556,25.834584,42.561862,0.11937862696845278
Validation,1028,ctx-lh-superiorfrontal,L,SF,,Default Mode Network,5.0,181,768.0,0.9307711258930772,0.9372998275437299,-0.0065287016506526685,0.8397388519339739,0.8386917960088691,0.0010470559251047895,0.8453038674033149,0.8453038674033149,0.0,0.8205128205128205,0.8181818181818182,0.002331002331002252,0.0423521162139365,8.004903793334961e-05,0.014853122386854985,6,0.03314917127071823,0.9514754141953604,0.06891520655403964,0.2138312200279855,-10.415556,25.834584,42.561862,0.10910059416950009
Test,1028,ctx-lh-superiorfrontal,L,SF,,Default Mode Network,5.0,181,768.0,0.8814363143631436,0.8950480413895048,-0.013611727026361153,0.8155333826065534,0.8001970928800197,0.01533628972653367,0.8176795580110497,0.8066298342541437,0.011049723756906049,0.7975460122699386,0.7741935483870968,0.023352463882841845,0.04939071517386242,0.00010341405868530273,0.02373945839363485,8,0.04419889502762431,1.0126673241367161,0.0734747813780437,0.22679255898650838,-10.415556,25.834584,42.561862,0.12900994875484106
Heldout,1029,ctx-lh-superiorparietal,L,SP,,Dorsal Attention,5.0,362,393.0,0.9060267307218526,0.9092756836659276,-0.003248952944075012,0.8276361172702636,0.8245873367824588,0.0030487804878048808,0.8314917127071824,0.8287292817679558,0.002762430939226568,0.8087774294670846,0.8050314465408805,0.0037459829262040945,0.006062770225056215,3.296392969787121e-05,0.0010156981577551332,3,0.008287292817679558,0.18372273923975843,0.013221460636637627,0.04214286243347502,-21.466564,-66.331506,49.257822,0.019912787687191666
Validation,1029,ctx-lh-superiorparietal,L,SP,,Dorsal Attention,5.0,181,393.0,0.9307711258930772,0.9340970682434098,-0.003325942350332567,0.8397388519339739,0.8336412909583641,0.0060975609756097615,0.8453038674033149,0.8397790055248618,0.0055248618784530246,0.8205128205128205,0.8129032258064516,0.007609594706368905,0.005498245399630531,3.045797348022461e-05,7.24687822451249e-06,1,0.0055248618784530384,0.17786378904312686,0.012820474120231283,0.04021281709904829,-21.466564,-66.331506,49.257822,0.021642824332984312
Test,1029,ctx-lh-superiorparietal,L,SP,,Dorsal Attention,5.0,181,393.0,0.8814363143631436,0.88309928553831,-0.001662971175166339,0.8155333826065534,0.8155333826065534,0.0,0.8176795580110497,0.8176795580110497,0.0,0.7975460122699386,0.7975460122699386,0.0,0.0066272950504819,3.403425216674805e-05,0.002024149437285754,2,0.011049723756906077,0.18958168943639,0.01362244715304397,0.044072907767901764,-21.466564,-66.331506,49.257822,0.019691743404050138
Heldout,1030,ctx-lh-superiortemporal,L,ST,,Somato-motor,5.0,362,441.0,0.9060267307218526,0.9058265582655827,0.0002001724562699092,0.8276361172702636,0.8203991130820398,0.007237004188223817,0.8314917127071824,0.8287292817679558,0.002762430939226568,0.8087774294670846,0.7947019867549668,0.014075442712117803,0.04936759170525558,0.00010165059939026833,0.043773622517036634,17,0.04696132596685083,1.1275656123768452,0.08192279731944198,0.2574782067426166,-52.070852,-11.150904,-5.28471100000002,0.14342369826587636
Validation,1030,ctx-lh-superiortemporal,L,ST,,Somato-motor,5.0,181,441.0,0.9307711258930772,0.926090169992609,0.004680955900468242,0.8397388519339739,0.8466986942596699,-0.00695984232569602,0.8453038674033149,0.856353591160221,-0.01104972375690616,0.8205128205128205,0.8243243243243243,-0.003811503811503858,0.049519726883064316,8.386140689253807e-05,0.04379128680168265,8,0.04419889502762431,1.1889670176414815,0.08664055150539295,0.27001255725958073,-52.070852,-11.150904,-5.28471100000002,0.1383012814659919
Test,1030,ctx-lh-superiortemporal,L,ST,,Somato-motor,5.0,181,441.0,0.8814363143631436,0.8828529194382853,-0.0014166050751416304,0.8155333826065534,0.79409953190441,0.02143385070214343,0.8176795580110497,0.8011049723756906,0.016574585635359185,0.7975460122699386,0.7662337662337663,0.03131224603617233,0.04921545652744684,0.0001671910285949707,0.04375595823239062,9,0.049723756906077346,1.0661642071122088,0.07720504313349101,0.2449438562256526,-52.070852,-11.150904,-5.28471100000002,0.1514101209785474
Heldout,1031,ctx-lh-supramarginal,L,SM,,Ventral Attention,5.0,362,365.0,0.9060267307218526,0.9051028578467604,0.0009238728750922132,0.8276361172702636,0.8281596452328159,-0.0005235279625522837,0.8314917127071824,0.8314917127071824,0.0,0.8087774294670846,0.8099688473520249,-0.0011914178849402601,0.004987137421749491,1.9162893295288086e-05,-0.00012800012180036273,2,0.0055248618784530384,0.14409428041007688,0.010411766158012951,0.03279852142650119,-52.965828,-35.249013,29.80015,0.016351734680147674
Validation,1031,ctx-lh-supramarginal,L,SM,,Ventral Attention,5.0,181,365.0,0.9307711258930772,0.9305247597930525,0.0002463661000247086,0.8397388519339739,0.8346883468834688,0.005050505050505083,0.8453038674033149,0.8397790055248618,0.0055248618784530246,0.8205128205128205,0.8152866242038217,0.005226196308998787,0.0037881600264027633,1.9490718841552734e-05,-0.002060599362693768,1,0.0055248618784530384,0.12290214299538188,0.008848618979865521,0.027970016784760174,-52.965828,-35.249013,29.80015,0.01848613634464338
Test,1031,ctx-lh-supramarginal,L,SM,,Ventral Attention,5.0,181,365.0,0.8814363143631436,0.8788494703128849,0.002586844050258774,0.8155333826065534,0.8216309435821632,-0.0060975609756097615,0.8176795580110497,0.8232044198895028,-0.0055248618784530246,0.7975460122699386,0.8048780487804879,-0.007332036510549256,0.006186114817096219,1.8835067749023438e-05,0.0018045991190930428,1,0.0055248618784530384,0.16528641782477188,0.011974913336160381,0.03762702606824222,-52.965828,-35.249013,29.80015,0.015202797415750917
Heldout,1032,ctx-lh-frontalpole,L,FP,,Limbic system,5.0,362,40.0,0.9060267307218526,0.907520325203252,-0.0014935944813994073,0.8276361172702636,0.8271125893077113,0.0005235279625523948,0.8314917127071824,0.8314917127071824,0.0,0.8087774294670846,0.807570977917981,0.0012064515491035932,0.001869289870811266,1.8477439880371094e-06,0.0012632934968321691,2,0.0055248618784530384,0.055341728978152954,0.004012542915971402,0.012638444904217404,-6.47571599999999,63.643515,-9.12504100000001,0.005464252455780959
Validation,1032,ctx-lh-frontalpole,L,FP,,Limbic system,5.0,181,40.0,0.9307711258930772,0.9328652377432866,-0.002094111850209357,0.8397388519339739,0.8397388519339739,0.0,0.8453038674033149,0.8453038674033149,0.0,0.8205128205128205,0.8205128205128205,0.0,0.0009745363717209239,1.3113021850585938e-06,0.0005352155933187482,0,0.0,0.06544456483038252,0.004782172582898217,0.014566071588772437,-6.47571599999999,63.643515,-9.12504100000001,0.003662597104409784
Test,1032,ctx-lh-frontalpole,L,FP,,Limbic system,5.0,181,40.0,0.8814363143631436,0.8826065533382607,-0.0011702389751170328,0.8155333826065534,0.8144863266814486,0.0010470559251047895,0.8176795580110497,0.8176795580110497,0.0,0.7975460122699386,0.7950310559006211,0.0025149563693175336,0.0027640433699016084,2.8014183044433594e-06,0.00199137140034559,2,0.011049723756906077,0.04523889312592338,0.0032429132490445866,0.010710818219662372,-6.47571599999999,63.643515,-9.12504100000001,0.00698874594462456
Heldout,1033,ctx-lh-temporalpole,L,TmP,,Limbic system,4.0,362,70.0,0.9060267307218526,0.9053030303030303,0.000723700418822304,0.8276361172702636,0.8215385562946539,0.0060975609756097615,0.8314917127071824,0.8259668508287292,0.005524861878453136,0.8087774294670846,0.8012618296529969,0.007515599814087781,0.009550869884226697,2.5033019483089447e-05,0.0034904313525853893,2,0.0055248618784530384,0.24694860764807772,0.017887105392510823,0.05578856078588831,-28.00378,15.229035,-34.618924,0.03481172285901489
Validation,1033,ctx-lh-temporalpole,L,TmP,,Limbic system,4.0,181,70.0,0.9307711258930772,0.9288001970928801,0.0019709288001971137,0.8397388519339739,0.8275437299827544,0.012195121951219523,0.8453038674033149,0.8342541436464088,0.011049723756906049,0.8205128205128205,0.8051948051948052,0.015318015318015243,0.00801549981559179,1.753261312842369e-05,0.00663710172025703,2,0.011049723756906077,0.25274066180949106,0.018356832615659412,0.05640728238620152,-28.00378,15.229035,-34.618924,0.04164335555835845
Test,1033,ctx-lh-temporalpole,L,TmP,,Limbic system,4.0,181,70.0,0.8814363143631436,0.8837152007883715,-0.0022788864252278884,0.8155333826065534,0.8155333826065534,0.0,0.8176795580110497,0.8176795580110497,0.0,0.7975460122699386,0.7975460122699386,0.0,0.011086239952861603,3.0887313187122345e-05,0.0003437609849137496,0,0.0,0.2411565534866644,0.017417378169362233,0.055169839185575095,-28.00378,15.229035,-34.618924,0.026224731696995948
Heldout,1034,ctx-lh-transversetemporal,L,TrT,,Somato-motor,5.0,362,40.0,0.9060267307218526,0.9037324464153731,0.0022942843064794882,0.8276361172702636,0.8306848977580685,-0.0030487804878048808,0.8314917127071824,0.8342541436464088,-0.0027624309392264568,0.8087774294670846,0.8125,-0.003722570532915359,0.004873310500056128,1.4760298654437065e-05,-0.00102206123143805,1,0.0027624309392265192,0.12777056539021509,0.009221153708032682,0.02922357678495718,-44.05498,-20.169093,5.78331700000001,0.013616211120686068
Validation,1034,ctx-lh-transversetemporal,L,TrT,,Somato-motor,5.0,181,40.0,0.9307711258930772,0.9242424242424242,0.0065287016506530016,0.8397388519339739,0.8397388519339739,0.0,0.8453038674033149,0.8453038674033149,0.0,0.8205128205128205,0.8205128205128205,0.0,0.0027273808019390093,1.2218952178955078e-05,0.0020212310633894817,0,0.0,0.10011644219112639,0.0071992825093493895,0.022895871502095166,-44.05498,-20.169093,5.78331700000001,0.0164553649619414
Test,1034,ctx-lh-transversetemporal,L,TrT,,Somato-motor,5.0,181,40.0,0.8814363143631436,0.8838383838383839,-0.0024020694752402427,0.8155333826065534,0.8216309435821632,-0.0060975609756097615,0.8176795580110497,0.8232044198895028,-0.0055248618784530246,0.7975460122699386,0.8048780487804879,-0.007332036510549256,0.007019240198173246,2.0324252545833588e-05,-0.004065353526265581,1,0.0055248618784530384,0.1554246885893038,0.011243024906715976,0.0355512820678192,-44.05498,-20.169093,5.78331700000001,0.010315120841884521
Heldout,1035,ctx-lh-insula,L,Ins,,Ventral Attention,4.0,362,230.0,0.9060267307218526,0.9059343434343433,9.238728750926573e-05,0.8276361172702636,0.8204915003695492,0.00714461690071444,0.8314917127071824,0.8259668508287292,0.005524861878453136,0.8087774294670846,0.7987220447284346,0.010055384738650086,0.017738371273214565,4.035234451293945e-05,0.014000399168117681,6,0.016574585635359115,0.43588494370403336,0.03156641113313908,0.09837654083761392,-36.009924,1.09161,-0.912643000000003,0.05819924515811326
Validation,1035,ctx-lh-insula,L,Ins,,Ventral Attention,4.0,181,230.0,0.9307711258930772,0.929169746242917,0.0016013796501601618,0.8397388519339739,0.8264966740576496,0.013242177876324313,0.8453038674033149,0.8342541436464088,0.011049723756906049,0.8205128205128205,0.8026315789473685,0.01788124156545201,0.017771397740451507,2.4271663278341293e-05,0.01677936674944686,4,0.022099447513812154,0.4383488286624904,0.03175737706411151,0.0975945182350459,-36.009924,1.09161,-0.912643000000003,0.0665822770824287
Test,1035,ctx-lh-insula,L,Ins,,Ventral Attention,4.0,181,230.0,0.8814363143631436,0.8836536092633653,-0.0022172949002217113,0.8155333826065534,0.8144863266814486,0.0010470559251047895,0.8176795580110497,0.8176795580110497,0.0,0.7975460122699386,0.7950310559006211,0.0025149563693175336,0.017705344805977623,5.58965839445591e-05,0.011221431586788504,2,0.011049723756906077,0.43342105874557624,0.031375445202166646,0.09915856344018194,-36.009924,1.09161,-0.912643000000003,0.049015523408717954
Heldout,2000,ctx-rh-unknown,,,,,,362,59.0,0.9060267307218526,0.9033628972653361,0.00266383345651644,0.8276361172702636,0.8245873367824588,0.0030487804878048808,0.8314917127071824,0.8287292817679558,0.002762430939226568,0.8087774294670846,0.8050314465408805,0.0037459829262040945,0.0031686081597324233,1.0609626770019531e-05,0.00028478576240865565,3,0.008287292817679558,0.09547224663244946,0.00690620550541696,0.021718859672546387,,,,0.01661615689123866
Validation,2000,ctx-rh-unknown,,,,,,181,59.0,0.9307711258930772,0.9254742547425474,0.005296871150529792,0.8397388519339739,0.8336412909583641,0.0060975609756097615,0.8453038674033149,0.8397790055248618,0.0055248618784530246,0.8205128205128205,0.8129032258064516,0.007609594706368905,0.002881240485575647,8.670147508382797e-06,0.00033616413521832527,1,0.0055248618784530384,0.10031582792295987,0.007254531378542634,0.02261487625086505,,,,0.02208269017810314
Test,2000,ctx-rh-unknown,,,,,,181,59.0,0.8814363143631436,0.8819906380881991,-0.0005543237250554833,0.8155333826065534,0.8155333826065534,0.0,0.8176795580110497,0.8176795580110497,0.0,0.7975460122699386,0.7975460122699386,0.0,0.0034559758338892,1.2516975402832031e-05,0.00023340738959898606,2,0.011049723756906077,0.09062866534193906,0.006557879632291286,0.020822843094227723,,,,0.010564504116815612
Heldout,2001,ctx-rh-bankssts,R,STS,,Default Mode Network,5.0,362,53.0,0.9060267307218526,0.9053646218280363,0.0006621088938162378,0.8276361172702636,0.8276361172702636,0.0,0.8314917127071824,0.8314917127071824,0.0,0.8087774294670846,0.8087774294670846,0.0,0.0010676761685217118,3.875233232975006e-06,8.963154839835443e-05,0,0.0,0.03205235640326057,0.0023099912974249587,0.00739546289965922,51.892284,-41.350428,4.49336,0.004039776359762909
Validation,2001,ctx-rh-bankssts,R,STS,,Default Mode Network,5.0,181,53.0,0.9307711258930772,0.9300320275930032,0.0007390983000740148,0.8397388519339739,0.8397388519339739,0.0,0.8453038674033149,0.8453038674033149,0.0,0.8205128205128205,0.8205128205128205,0.0,0.0011992174051496205,3.3974647521972656e-06,8.512570816015012e-05,0,0.0,0.03209792539118455,0.0023094951456543882,0.007395153422711304,51.892284,-41.350428,4.49336,0.004247810850878024
Test,2001,ctx-rh-bankssts,R,STS,,Default Mode Network,5.0,181,53.0,0.8814363143631436,0.8808819906380881,0.0005543237250554833,0.8155333826065534,0.8155333826065534,0.0,0.8176795580110497,0.8176795580110497,0.0,0.7975460122699386,0.7975460122699386,0.0,0.0009361349318938032,4.827976226806641e-06,9.413738863655875e-05,0,0.0,0.03200678741533659,0.0023104874491955293,0.007395772376607136,51.892284,-41.350428,4.49336,0.0038009461061448155
Heldout,2002,ctx-rh-caudalanteriorcingulate,R,CACin,,Ventral Attention,4.0,362,48.0,0.9060267307218526,0.9072123675782213,-0.0011856368563687436,0.8276361172702636,0.8276361172702636,0.0,0.8314917127071824,0.8314917127071824,0.0,0.8087774294670846,0.8087774294670846,0.0,0.0038423098685497737,6.627291440963745e-06,0.0009064615307921204,2,0.0055248618784530384,0.08671865231458493,0.006247439998162149,0.019971137156308685,4.409916,17.649759,24.87665,0.009456599198188483
Validation,2002,ctx-rh-caudalanteriorcingulate,R,CACin,,Ventral Attention,4.0,181,48.0,0.9307711258930772,0.9306479428430647,0.00012318305001246532,0.8397388519339739,0.8336412909583641,0.0060975609756097615,0.8453038674033149,0.8397790055248618,0.0055248618784530246,0.8205128205128205,0.8129032258064516,0.007609594706368905,0.004112483972158716,5.554407835006714e-06,0.0019220810368121987,1,0.0055248618784530384,0.0879447273389071,0.006348888855749093,0.020025855681514212,4.409916,17.649759,24.87665,0.01723460304137534
Test,2002,ctx-rh-caudalanteriorcingulate,R,CACin,,Ventral Attention,4.0,181,48.0,0.8814363143631436,0.8843311160384331,-0.002894801675289438,0.8155333826065534,0.8216309435821632,-0.0060975609756097615,0.8176795580110497,0.8232044198895028,-0.0055248618784530246,0.7975460122699386,0.8048780487804879,-0.007332036510549256,0.003572135764940832,8.235219866037369e-06,-0.00010915797522795793,1,0.0055248618784530384,0.08549257729026279,0.006145991140575205,0.019916418631103158,4.409916,17.649759,24.87665,0.0012782504424621415
Heldout,2003,ctx-rh-caudalmiddlefrontal,R,CMF,,Fronto-Parietal,5.0,362,176.0,0.9060267307218526,0.908290219265829,-0.0022634885439763996,0.8276361172702636,0.8276361172702636,0.0,0.8314917127071824,0.8314917127071824,0.0,0.8087774294670846,0.8087774294670846,0.0,0.005704302536272212,1.5556812286376953e-05,0.0006932788399866273,4,0.011049723756906077,0.15010114478395006,0.010846827733774222,0.03386985038237348,35.948092,11.141583,43.320081,0.015392614101760642
Validation,2003,ctx-rh-caudalmiddlefrontal,R,CMF,,Fronto-Parietal,5.0,181,176.0,0.9307711258930772,0.9321261394432125,-0.0013550135501353422,0.8397388519339739,0.8397388519339739,0.0,0.8453038674033149,0.8453038674033149,0.0,0.8205128205128205,0.8205128205128205,0.0,0.005928771750414898,1.3296026736497879e-05,-0.0004503321859635701,2,0.011049723756906077,0.14607654481377577,0.010542142648733535,0.03284725927598569,35.948092,11.141583,43.320081,0.016220873224703697
Test,2003,ctx-rh-caudalmiddlefrontal,R,CMF,,Fronto-Parietal,5.0,181,176.0,0.8814363143631436,0.8856861295885686,-0.004249815225425002,0.8155333826065534,0.8155333826065534,0.0,0.8176795580110497,0.8176795580110497,0.0,0.7975460122699386,0.7975460122699386,0.0,0.005479833322129526,2.104043960571289e-05,0.0018368898659368246,2,0.011049723756906077,0.15412574475412438,0.011151512818814909,0.03489244148876127,35.948092,11.141583,43.320081,0.01348650329121004
Heldout,2005,ctx-rh-cuneus,R,Cun,,Visual,6.0,362,155.0,0.9060267307218526,0.9075357230845036,-0.0015089923626510071,0.8276361172702636,0.8306848977580685,-0.0030487804878048808,0.8314917127071824,0.8342541436464088,-0.0027624309392264568,0.8087774294670846,0.8125,-0.003722570532915359,0.004492805453881786,1.7360085621476173e-05,0.0001970067535377833,3,0.008287292817679558,0.11450255393354192,0.008224220088270149,0.026383279704421923,8.806972,-80.131617,19.903915,0.008987981973464003
Validation,2005,ctx-rh-cuneus,R,Cun,,Visual,6.0,181,155.0,0.9307711258930772,0.9332347868933235,-0.002463661000246309,0.8397388519339739,0.8336412909583641,0.0060975609756097615,0.8453038674033149,0.8397790055248618,0.0055248618784530246,0.8205128205128205,0.8129032258064516,0.007609594706368905,0.003631211809546414,1.6570091247558594e-05,9.444831144990843e-05,1,0.0055248618784530384,0.09971608441755257,0.007165287976032277,0.02275301446078232,8.806972,-80.131617,19.903915,0.014982885948787448
Test,2005,ctx-rh-cuneus,R,Cun,,Visual,6.0,181,155.0,0.8814363143631436,0.8821138211382114,-0.0006775067750677266,0.8155333826065534,0.8277285045577728,-0.012195121951219412,0.8176795580110497,0.8287292817679558,-0.011049723756906049,0.7975460122699386,0.8121212121212121,-0.014575199851273535,0.005354399098217158,2.1584797650575638e-05,0.0002995651956256582,2,0.011049723756906077,0.12928902344953125,0.00928315220050802,0.030013544948061528,8.806972,-80.131617,19.903915,0.0028698949481286463
Heldout,2006,ctx-rh-entorhinal,R,Ent,,Limbic system,1.0,362,48.0,0.9060267307218526,0.9056417836905641,0.00038494703128844066,0.8276361172702636,0.8251108647450112,0.002525252525252486,0.8314917127071824,0.8287292817679558,0.002762430939226568,0.8087774294670846,0.80625,0.0025274294670846187,0.002455241826378344,9.238719940185547e-06,0.0008754265077864927,1,0.0027624309392265192,0.06547415535173441,0.004716152007180557,0.015054682094747848,23.467068,-2.99584200000001,-33.289579,0.01035783648402248
Validation,2006,ctx-rh-entorhinal,R,Ent,,Limbic system,1.0,181,48.0,0.9307711258930772,0.9302783936930279,0.0004927322000493062,0.8397388519339739,0.8346883468834688,0.005050505050505083,0.8453038674033149,0.8397790055248618,0.0055248618784530246,0.8205128205128205,0.8152866242038217,0.005226196308998787,0.0027960302405964934,7.808208465576172e-06,0.00100118823051041,1,0.0055248618784530384,0.06798344518917289,0.004900055793798991,0.015442881753760808,23.467068,-2.99584200000001,-33.289579,0.013791809472795177
Test,2006,ctx-rh-entorhinal,R,Ent,,Limbic system,1.0,181,48.0,0.8814363143631436,0.8822370041882237,-0.0008006898250800809,0.8155333826065534,0.8155333826065534,0.0,0.8176795580110497,0.8176795580110497,0.0,0.7975460122699386,0.7975460122699386,0.0,0.002114453412160195,1.0516494512557983e-05,0.0007496647850625752,0,0.0,0.06296486551429592,0.0045322482205621215,0.01466648243573489,23.467068,-2.99584200000001,-33.289579,0.005846011807642236
Heldout,2007,ctx-rh-fusiform,R,Fus,,Visual,3.0,362,269.0,0.9060267307218526,0.9054262133530426,0.0006005173688099497,0.8276361172702636,0.8276361172702636,0.0,0.8314917127071824,0.8314917127071824,0.0,0.8087774294670846,0.8087774294670846,0.0,0.003608111549395224,1.7109792679548264e-05,-0.0018037637484707555,0,0.0,0.1195777328803914,0.008620761493359209,0.02723618166634391,31.9207,-39.38607,-24.624219,0.012829390411564383
Validation,2007,ctx-rh-fusiform,R,Fus,,Visual,3.0,181,269.0,0.9307711258930772,0.9269524513426952,0.003818674550381984,0.8397388519339739,0.8397388519339739,0.0,0.8453038674033149,0.8453038674033149,0.0,0.8205128205128205,0.8205128205128205,0.0,0.004985478981938316,1.5020370483398438e-05,-0.0023700560504848456,0,0.0,0.13150364800371764,0.009466191008783495,0.02993156921468387,31.9207,-39.38607,-24.624219,0.018270344541103795
Test,2007,ctx-rh-fusiform,R,Fus,,Visual,3.0,181,269.0,0.8814363143631436,0.8842079329884208,-0.0027716186252771946,0.8155333826065534,0.8155333826065534,0.0,0.8176795580110497,0.8176795580110497,0.0,0.7975460122699386,0.7975460122699386,0.0,0.002230744116852132,1.988932490348816e-05,-0.0012374714464566654,0,0.0,0.10765181775706517,0.007775331977934921,0.02454079411800395,31.9207,-39.38607,-24.624219,0.007234457469509859
Heldout,2008,ctx-rh-inferiorparietal,R,IP,,Default Mode Network,5.0,362,486.0,0.9060267307218526,0.90939886671594,-0.0033721359940873663,0.8276361172702636,0.8245873367824588,0.0030487804878048808,0.8314917127071824,0.8287292817679558,0.002762430939226568,0.8087774294670846,0.8050314465408805,0.0037459829262040945,0.0067961766083534415,3.1738774850964546e-05,0.004147582704160178,3,0.008287292817679558,0.2546349556226469,0.018471936771655147,0.05729619483077559,44.090428,-64.863198,28.490499,0.02577348715549406
Validation,2008,ctx-rh-inferiorparietal,R,IP,,Default Mode Network,5.0,181,486.0,0.9307711258930772,0.9337275190933727,-0.002956393200295504,0.8397388519339739,0.8336412909583641,0.0060975609756097615,0.8453038674033149,0.8397790055248618,0.0055248618784530246,0.8205128205128205,0.8129032258064516,0.007609594706368905,0.007270734394432266,2.4897977709770203e-05,0.0043764752181483565,3,0.016574585635359115,0.25215136045229863,0.018264375146586468,0.05751413868441766,44.090428,-64.863198,28.490499,0.0303337358798689
Test,2008,ctx-rh-inferiorparietal,R,IP,,Default Mode Network,5.0,181,486.0,0.8814363143631436,0.8848238482384824,-0.003387533875338744,0.8155333826065534,0.8155333826065534,0.0,0.8176795580110497,0.8176795580110497,0.0,0.7975460122699386,0.7975460122699386,0.0,0.006321618822274617,3.5822391510009766e-05,0.003918690190171998,0,0.0,0.25711855079299506,0.018679498396723823,0.05707825097713352,44.090428,-64.863198,28.490499,0.021613583343659697
Heldout,2009,ctx-rh-inferiortemporal,R,IT,,Limbic system,4.0,362,317.0,0.9060267307218526,0.9082902192658291,-0.0022634885439765107,0.8276361172702636,0.8281596452328159,-0.0005235279625522837,0.8314917127071824,0.8314917127071824,0.0,0.8087774294670846,0.8099688473520249,-0.0011914178849402601,0.0036880948094558485,9.418698027729988e-06,-0.0027685309773136076,2,0.0055248618784530384,0.1007172060588205,0.0072772236144072406,0.022887542545383808,49.080892,-31.469112,-27.085969,0.0087307881051796
Validation,2009,ctx-rh-inferiortemporal,R,IT,,Limbic system,4.0,181,317.0,0.9307711258930772,0.9328652377432866,-0.002094111850209357,0.8397388519339739,0.8346883468834688,0.005050505050505083,0.8453038674033149,0.8397790055248618,0.0055248618784530246,0.8205128205128205,0.8152866242038217,0.005226196308998787,0.002443292883137313,6.735324859619141e-06,-0.0014248264757967786,1,0.0055248618784530384,0.09847589252318528,0.007135090794419427,0.02223206416431053,49.080892,-31.469112,-27.085969,0.01308726306569777
Test,2009,ctx-rh-inferiortemporal,R,IT,,Limbic system,4.0,181,317.0,0.8814363143631436,0.8835920177383592,-0.002155703375215534,0.8155333826065534,0.8216309435821632,-0.0060975609756097615,0.8176795580110497,0.8232044198895028,-0.0055248618784530246,0.7975460122699386,0.8048780487804879,-0.007332036510549256,0.004932896735774384,1.5974044799804688e-05,-0.004112235478830436,1,0.0055248618784530384,0.1029585195944557,0.007419356434395053,0.023543020926457082,49.080892,-31.469112,-27.085969,0.004651475007189446
Heldout,2010,ctx-rh-isthmuscingulate,R,ICin,,Default Mode Network,4.0,362,78.0,0.9060267307218526,0.9084134023158413,-0.002386671593988754,0.8276361172702636,0.8245873367824588,0.0030487804878048808,0.8314917127071824,0.8287292817679558,0.002762430939226568,0.8087774294670846,0.8050314465408805,0.0037459829262040945,0.004700716556621026,2.3692846298217773e-05,0.0024931906048434875,1,0.0027624309392265192,0.1478804437461623,0.010693115889154586,0.03342268944239419,5.791292,-43.671942,21.351424,0.01633218443351439
Validation,2010,ctx-rh-isthmuscingulate,R,ICin,,Default Mode Network,4.0,181,78.0,0.9307711258930772,0.9290465631929046,0.0017245627001726271,0.8397388519339739,0.8336412909583641,0.0060975609756097615,0.8453038674033149,0.8397790055248618,0.0055248618784530246,0.8205128205128205,0.8129032258064516,0.007609594706368905,0.003604248284429147,1.6170088201761246e-05,0.0012443434673448952,1,0.0055248618784530384,0.1311141167000677,0.009492981590257278,0.02946956704746294,5.791292,-43.671942,21.351424,0.021471839738314118
Test,2010,ctx-rh-isthmuscingulate,R,ICin,,Default Mode Network,4.0,181,78.0,0.8814363143631436,0.8881497905888149,-0.006713476225671311,0.8155333826065534,0.8155333826065534,0.0,0.8176795580110497,0.8176795580110497,0.0,0.7975460122699386,0.7975460122699386,0.0,0.005797184828812905,2.9793940484523773e-05,0.0037420377423420794,0,0.0,0.1646467707922569,0.011893250188051893,0.03737581183732544,5.791292,-43.671942,21.351424,0.010976958791193488
Heldout,2011,ctx-rh-lateraloccipital,R,LO,,Visual,5.0,362,413.0,0.9060267307218526,0.9052722345405273,0.0007544961813252815,0.8276361172702636,0.8281596452328159,-0.0005235279625522837,0.8314917127071824,0.8314917127071824,0.0,0.8087774294670846,0.8099688473520249,-0.0011914178849402601,0.002547437384292401,1.5079975128173828e-05,0.00029527687194926965,2,0.0055248618784530384,0.07941727087966768,0.005685633036918367,0.018718175749546585,31.375932,-88.951386,0.111444999999975,0.009016524827829069
Validation,2011,ctx-rh-lateraloccipital,R,LO,,Visual,5.0,181,413.0,0.9307711258930772,0.9268292682926829,0.003941857600394338,0.8397388519339739,0.8346883468834688,0.005050505050505083,0.8453038674033149,0.8397790055248618,0.0055248618784530246,0.8205128205128205,0.8152866242038217,0.005226196308998787,0.0028973008500854614,1.3269484043121338e-05,-0.0003966191649766258,1,0.0055248618784530384,0.07215223238721119,0.005137699228313942,0.017244227899454574,31.375932,-88.951386,0.111444999999975,0.01757984891714413
Test,2011,ctx-rh-lateraloccipital,R,LO,,Visual,5.0,181,413.0,0.8814363143631436,0.8833456516383347,-0.0019093372751910476,0.8155333826065534,0.8216309435821632,-0.0060975609756097615,0.8176795580110497,0.8232044198895028,-0.0055248618784530246,0.7975460122699386,0.8048780487804879,-0.007332036510549256,0.002197573918499341,1.5616416931152344e-05,0.0009871729088751652,1,0.0055248618784530384,0.08668230937212418,0.006233566845522792,0.020192123599638595,31.375932,-88.951386,0.111444999999975,0.0009767287010666271
Heldout,2012,ctx-rh-lateralorbitofrontal,R,LOrF,,Limbic system,5.0,362,243.0,0.9060267307218526,0.9068890120719388,-0.0008622813500862581,0.8276361172702636,0.8220620842572062,0.005574033013057478,0.8314917127071824,0.8259668508287292,0.005524861878453136,0.8087774294670846,0.8025078369905956,0.006269592476489061,0.003639576996506825,6.6265929490327835e-06,-0.0010395956351756225,4,0.011049723756906077,0.09445629527434406,0.006867766568198599,0.021379721098841883,22.863932,27.749337,-19.356074,0.016324067603367253
Validation,2012,ctx-rh-lateralorbitofrontal,R,LOrF,,Limbic system,5.0,181,243.0,0.9307711258930772,0.9332347868933235,-0.002463661000246309,0.8397388519339739,0.8285907859078591,0.011148066026114845,0.8453038674033149,0.8342541436464088,0.011049723756906049,0.8205128205128205,0.8076923076923077,0.012820512820512775,0.0030606595583218895,6.262678653001785e-06,-0.00048118954246544705,2,0.011049723756906077,0.09638986850040965,0.006985706851871694,0.021546916490760296,22.863932,27.749337,-19.356074,0.019835743811752727
Test,2012,ctx-rh-lateralorbitofrontal,R,LOrF,,Limbic system,5.0,181,243.0,0.8814363143631436,0.8814363143631436,0.0,0.8155333826065534,0.8155333826065534,0.0,0.8176795580110497,0.8176795580110497,0.0,0.7975460122699386,0.7975460122699386,0.0,0.00421849443469176,6.854534149169922e-06,-0.0015980017278857982,2,0.011049723756906077,0.09252272204827847,0.006749826284525504,0.02121252570692347,22.863932,27.749337,-19.356074,0.012073293094907872
Heldout,2013,ctx-rh-lingual,R,Lin,,Visual,3.0,362,230.0,0.9060267307218526,0.9044715447154471,0.0015551860064054734,0.8276361172702636,0.8306848977580685,-0.0030487804878048808,0.8314917127071824,0.8342541436464088,-0.0027624309392264568,0.8087774294670846,0.8125,-0.003722570532915359,0.00533096724863869,2.0521460101008415e-05,-0.00183918625785254,1,0.0027624309392265192,0.12468628004355387,0.008983607957710754,0.028764545763148127,13.661244,-64.744146,-3.11837100000002,0.013097223818872688
Validation,2013,ctx-rh-lingual,R,Lin,,Visual,3.0,181,230.0,0.9307711258930772,0.9294161123429416,0.0013550135501355642,0.8397388519339739,0.8458364129095837,-0.0060975609756097615,0.8453038674033149,0.850828729281768,-0.005524861878453136,0.8205128205128205,0.8280254777070064,-0.007512657194185923,0.005376716229282525,2.065300941467285e-05,-0.0015013424077621811,1,0.0055248618784530384,0.1235631839539444,0.008880111815771911,0.028625346432074657,13.661244,-64.744146,-3.11837100000002,0.010066766807425544
Test,2013,ctx-rh-lingual,R,Lin,,Visual,3.0,181,230.0,0.8814363143631436,0.8805124414880512,0.0009238728750924352,0.8155333826065534,0.8155333826065534,0.0,0.8176795580110497,0.8176795580110497,0.0,0.7975460122699386,0.7975460122699386,0.0,0.005285218267994856,2.0091421902179718e-05,-0.0021770301079428985,0,0.0,0.12580937613316334,0.009087104099649596,0.0289037450942216,13.661244,-64.744146,-3.11837100000002,0.015296195242736888
Heldout,2014,ctx-rh-medialorbitofrontal,R,MOrF,,Limbic system,5.0,362,164.0,0.9060267307218526,0.9073355506282336,-0.0013088199063809869,0.8276361172702636,0.8276361172702636,0.0,0.8314917127071824,0.8314917127071824,0.0,0.8087774294670846,0.8087774294670846,0.0,0.003226265497762936,5.5176205933094025e-06,-0.0017706957987885285,2,0.0055248618784530384,0.08570913967463568,0.006213180187329694,0.0198240729347283,5.4119,35.735742,-15.574826,0.008683111966556948
Validation,2014,ctx-rh-medialorbitofrontal,R,MOrF,,Limbic system,5.0,181,164.0,0.9307711258930772,0.931140675043114,-0.00036954915003684086,0.8397388519339739,0.8336412909583641,0.0060975609756097615,0.8453038674033149,0.8397790055248618,0.0055248618784530246,0.8205128205128205,0.8129032258064516,0.007609594706368905,0.0022025381997021853,3.874301910400391e-06,0.0001816545016240349,1,0.0055248618784530384,0.06040220776089153,0.004335970995376576,0.013864929093181757,5.4119,35.735742,-15.574826,0.012819007208496986
Test,2014,ctx-rh-medialorbitofrontal,R,MOrF,,Limbic system,5.0,181,164.0,0.8814363143631436,0.8849470312884946,-0.0035107169253509873,0.8155333826065534,0.8216309435821632,-0.0060975609756097615,0.8176795580110497,0.8232044198895028,-0.0055248618784530246,0.7975460122699386,0.8048780487804879,-0.007332036510549256,0.0042499927958236875,7.450580596923828e-06,-0.0037230460992010916,1,0.0055248618784530384,0.11101607158837984,0.008090389379282812,0.025783216776274844,5.4119,35.735742,-15.574826,0.0032845904619910543
Heldout,2015,ctx-rh-middletemporal,R,MT,,Default Mode Network,4.0,362,377.0,0.9060267307218526,0.9068120226656812,-0.0007852919438285921,0.8276361172702636,0.8251108647450112,0.002525252525252486,0.8314917127071824,0.8287292817679558,0.002762430939226568,0.8087774294670846,0.80625,0.0025274294670846187,0.0016221067127231406,8.071307092905045e-06,-0.0004955361911111115,1,0.0027624309392265192,0.07555174126350243,0.0054495277016543275,0.017525897366483568,57.01894,-26.240745,-15.949012,0.009087838089724014
Validation,2015,ctx-rh-middletemporal,R,MT,,Default Mode Network,4.0,181,377.0,0.9307711258930772,0.9321261394432127,-0.0013550135501354532,0.8397388519339739,0.8346883468834688,0.005050505050505083,0.8453038674033149,0.8397790055248618,0.0055248618784530246,0.8205128205128205,0.8152866242038217,0.005226196308998787,0.0015630085427746259,7.316935807466507e-06,-0.0008975525427794917,1,0.0055248618784530384,0.0828895983286202,0.005997615520011387,0.01914413726132219,57.01894,-26.240745,-15.949012,0.011808601751000947
Test,2015,ctx-rh-middletemporal,R,MT,,Default Mode Network,4.0,181,377.0,0.8814363143631436,0.8823601872382361,-0.0009238728750924352,0.8155333826065534,0.8155333826065534,0.0,0.8176795580110497,0.8176795580110497,0.0,0.7975460122699386,0.7975460122699386,0.0,0.0016812048826716551,9.516719728708267e-06,-9.351983944273127e-05,0,0.0,0.06821388419838467,0.004901439883297268,0.015907657471644944,57.01894,-26.240745,-15.949012,0.005658771890876488
Heldout,2016,ctx-rh-parahippocampal,R,PH,,Subcortical,3.0,362,43.0,0.9060267307218526,0.905210643015521,0.0008160877063315697,0.8276361172702636,0.8276361172702636,0.0,0.8314917127071824,0.8314917127071824,0.0,0.8087774294670846,0.8087774294670846,0.0,0.004182377017170026,1.4454126358032227e-05,0.0005948783891553378,0,0.0,0.1329010596648547,0.009600244644871405,0.03089132371940007,22.786108,-30.278592,-17.790401,0.014598709368373
Validation,2016,ctx-rh-parahippocampal,R,PH,,Subcortical,3.0,181,43.0,0.9307711258930772,0.9276915496427691,0.0030795762503080804,0.8397388519339739,0.8397388519339739,0.0,0.8453038674033149,0.8453038674033149,0.0,0.8205128205128205,0.8205128205128205,0.0,0.003717195353270071,1.341104507446289e-05,0.0016476746766894892,0,0.0,0.12260018604938121,0.008845551074347433,0.0280751620126034,22.786108,-30.278592,-17.790401,0.015642322677925584
Test,2016,ctx-rh-parahippocampal,R,PH,,Subcortical,3.0,181,43.0,0.8814363143631436,0.8833456516383346,-0.0019093372751909365,0.8155333826065534,0.8155333826065534,0.0,0.8176795580110497,0.8176795580110497,0.0,0.7975460122699386,0.7975460122699386,0.0,0.004647558681069981,1.5020370483398438e-05,-0.00045791789837881347,0,0.0,0.14320193328032815,0.01035493821539538,0.03370748542619673,22.786108,-30.278592,-17.790401,0.013093159621274424
Heldout,2017,ctx-rh-paracentral,R,PCen,,Somato-motor,6.0,362,141.0,0.9060267307218526,0.9051798472530179,0.0008468834688346583,0.8276361172702636,0.833210150283321,-0.005574033013057367,0.8314917127071824,0.8370165745856354,-0.0055248618784530246,0.8087774294670846,0.8150470219435737,-0.006269592476489061,0.012037272907237816,4.0560727939009666e-05,-0.0028442174288861003,4,0.011049723756906077,0.387891936521123,0.028146077714280293,0.08736860464476255,5.878844,-28.244787,58.612472,0.03656117345298601
Validation,2017,ctx-rh-paracentral,R,PCen,,Somato-motor,6.0,181,141.0,0.9307711258930772,0.9291697462429168,0.0016013796501603839,0.8397388519339739,0.8508869179600886,-0.011148066026114734,0.8453038674033149,0.856353591160221,-0.01104972375690616,0.8205128205128205,0.8333333333333334,-0.012820512820512886,0.012900082667188421,3.5404693335294724e-05,-0.003333557551490009,2,0.011049723756906077,0.42539344933552886,0.03095345086294602,0.09569970935130317,5.878844,-28.244787,58.612472,0.0354118195298707
Test,2017,ctx-rh-paracentral,R,PCen,,Somato-motor,6.0,181,141.0,0.8814363143631436,0.8826065533382607,-0.0011702389751170328,0.8155333826065534,0.8155333826065534,0.0,0.8176795580110497,0.8176795580110497,0.0,0.7975460122699386,0.7975460122699386,0.0,0.011174463147287211,4.788907244801521e-05,-0.002354877306282191,2,0.011049723756906077,0.35039042370671725,0.025338704565614566,0.07903749993822193,5.878844,-28.244787,58.612472,0.03644790111347535
Heldout,2018,ctx-rh-parsopercularis,R,POp,,Fronto-Parietal,5.0,362,123.0,0.9060267307218526,0.9057649667405765,0.00026176398127608635,0.8276361172702636,0.8276361172702636,0.0,0.8314917127071824,0.8314917127071824,0.0,0.8087774294670846,0.8087774294670846,0.0,0.0015386953160104995,3.8116704672574997e-06,-7.208721398360493e-05,0,0.0,0.04101589412175348,0.0029702686520344168,0.009256197757072211,46.716988,12.8976,17.599717,0.004770727949321003
Validation,2018,ctx-rh-parsopercularis,R,POp,,Fronto-Parietal,5.0,181,123.0,0.9307711258930772,0.9299088445429909,0.0008622813500862581,0.8397388519339739,0.8397388519339739,0.0,0.8453038674033149,0.8453038674033149,0.0,0.8205128205128205,0.8205128205128205,0.0,0.0018141764365342441,3.5241246223449707e-06,0.00021434272768089125,0,0.0,0.04984141837465268,0.003621277467698857,0.011090784647517442,46.716988,12.8976,17.599717,0.0062977352543193595
Test,2018,ctx-rh-parsopercularis,R,POp,,Fronto-Parietal,5.0,181,123.0,0.8814363143631436,0.8816210889381619,-0.0001847745750183094,0.8155333826065534,0.8155333826065534,0.0,0.8176795580110497,0.8176795580110497,0.0,0.7975460122699386,0.7975460122699386,0.0,0.001263214195486755,4.37907874584198e-06,-0.0003585171556481011,0,0.0,0.03219036986885428,0.002319259836369976,0.0074216108666269815,46.716988,12.8976,17.599717,0.003397699456838422
Heldout,2019,ctx-rh-parsorbitalis,R,POr,,Default Mode Network,5.0,362,78.0,0.9060267307218526,0.9056879773343187,0.0003387533875338633,0.8276361172702636,0.8306848977580685,-0.0030487804878048808,0.8314917127071824,0.8342541436464088,-0.0027624309392264568,0.8087774294670846,0.8125,-0.003722570532915359,0.0008701011294097697,1.7802231013774872e-06,0.00014681412416474266,1,0.0027624309392265192,0.025659126543334763,0.0018432323418661196,0.005970223564963314,44.42118,32.878494,-14.11747,0.0002795494649275238
Validation,2019,ctx-rh-parsorbitalis,R,POr,,Default Mode Network,5.0,181,78.0,0.9307711258930772,0.9304015767430401,0.0003695491500370629,0.8397388519339739,0.8397388519339739,0.0,0.8453038674033149,0.8453038674033149,0.0,0.8205128205128205,0.8205128205128205,0.0,0.0010185945825394018,1.3113021850585938e-06,0.0005559724323369193,0,0.0,0.026876623782641846,0.0019356075013268646,0.006190792816943226,44.42118,32.878494,-14.11747,0.0033237512339033292
Test,2019,ctx-rh-parsorbitalis,R,POr,,Default Mode Network,5.0,181,78.0,0.8814363143631436,0.8814363143631436,0.0,0.8155333826065534,0.8216309435821632,-0.0060975609756097615,0.8176795580110497,0.8232044198895028,-0.0055248618784530246,0.7975460122699386,0.8048780487804879,-0.007332036510549256,0.0007216076762801376,2.9206275939941406e-06,-0.0002623441840074339,1,0.0055248618784530384,0.024441629304027684,0.0017508571824053744,0.005749654312983402,44.42118,32.878494,-14.11747,-0.0030726099290789453
Heldout,2020,ctx-rh-parstriangularis,R,PTr,,Fronto-Parietal,5.0,362,145.0,0.9060267307218526,0.9044099531904409,0.0016167775314116506,0.8276361172702636,0.8245873367824588,0.0030487804878048808,0.8314917127071824,0.8287292817679558,0.002762430939226568,0.8087774294670846,0.8050314465408805,0.0037459829262040945,0.002017829949242058,2.4568289518356323e-06,-0.0009310754049487042,1,0.0027624309392265192,0.0515141741825925,0.0036998264876580847,0.011914202974316824,50.131516,27.927915,4.69029999999998,0.010659457550039326
Validation,2020,ctx-rh-parstriangularis,R,PTr,,Fronto-Parietal,5.0,181,145.0,0.9307711258930772,0.9284306479428431,0.0023404779502340656,0.8397388519339739,0.8336412909583641,0.0060975609756097615,0.8453038674033149,0.8397790055248618,0.0055248618784530246,0.8205128205128205,0.8129032258064516,0.007609594706368905,0.0025590229059121884,2.1355226635932922e-06,-0.0011054943598683368,1,0.0055248618784530384,0.06056436790858951,0.004339235809532596,0.014009243957904162,50.131516,27.927915,4.69029999999998,0.015888783829133914
Test,2020,ctx-rh-parstriangularis,R,PTr,,Fronto-Parietal,5.0,181,145.0,0.8814363143631436,0.8808819906380881,0.0005543237250554833,0.8155333826065534,0.8155333826065534,0.0,0.8176795580110497,0.8176795580110497,0.0,0.7975460122699386,0.7975460122699386,0.0,0.001476636992571927,2.7418136596679688e-06,-0.0007566564500290715,0,0.0,0.04246398045659549,0.0030604171657835737,0.009819161990729484,50.131516,27.927915,4.69029999999998,0.005091377883410984
Heldout,2021,ctx-rh-pericalcarine,R,PCal,,Visual,6.0,362,100.0,0.9060267307218526,0.9042713722591772,0.0017553584626753826,0.8276361172702636,0.8245873367824588,0.0030487804878048808,0.8314917127071824,0.8287292817679558,0.002762430939226568,0.8087774294670846,0.8050314465408805,0.0037459829262040945,0.0020346883864486745,1.1338386684656143e-05,0.0007339983571382517,1,0.0027624309392265192,0.07411876628246128,0.0053546342240435515,0.017021585507987283,12.328508,-81.222927,5.55683599999998,0.012469704654895141
Validation,2021,ctx-rh-pericalcarine,R,PCal,,Visual,6.0,181,100.0,0.9307711258930772,0.9291697462429169,0.0016013796501602728,0.8397388519339739,0.8336412909583641,0.0060975609756097615,0.8453038674033149,0.8397790055248618,0.0055248618784530246,0.8205128205128205,0.8129032258064516,0.007609594706368905,0.0024559274264379758,1.043081283569336e-05,0.0017037904147285123,1,0.0055248618784530384,0.06643390332384663,0.004793384025749385,0.015218174805381022,12.328508,-81.222927,5.55683599999998,0.015500738265802698
Test,2021,ctx-rh-pericalcarine,R,PCal,,Visual,6.0,181,100.0,0.8814363143631436,0.8805124414880512,0.0009238728750924352,0.8155333826065534,0.8155333826065534,0.0,0.8176795580110497,0.8176795580110497,0.0,0.7975460122699386,0.7975460122699386,0.0,0.001613449346459373,1.3756565749645233e-05,-0.00023579370045200896,0,0.0,0.08180362924107593,0.005915884422337718,0.018824996210593546,12.328508,-81.222927,5.55683599999998,0.008453206643889526
Heldout,2022,ctx-rh-postcentral,R,PoCen,,Somato-motor,6.0,362,281.0,0.9060267307218526,0.9055186006405519,0.0005081300813006839,0.8276361172702636,0.8312084257206209,-0.0035723084503572755,0.8314917127071824,0.8342541436464088,-0.0027624309392264568,0.8087774294670846,0.8136645962732919,-0.004887166806207266,0.010744395422702913,3.845500759780407e-05,-0.005016329455143098,7,0.019337016574585635,0.3088069543183282,0.022352615007548593,0.06962739791494707,45.364796,-22.113609,38.524592,0.031966533718653475
Validation,2022,ctx-rh-postcentral,R,PoCen,,Somato-motor,6.0,181,281.0,0.9307711258930772,0.9281842818428183,0.002586844050258885,0.8397388519339739,0.8346883468834688,0.005050505050505083,0.8453038674033149,0.8397790055248618,0.0055248618784530246,0.8205128205128205,0.8152866242038217,0.005226196308998787,0.006431736955059003,3.389827907085419e-05,-0.004735598590183818,3,0.016574585635359115,0.2615119408486792,0.018914729762772222,0.05828995936812617,45.364796,-22.113609,38.524592,0.034641274382131104
Test,2022,ctx-rh-postcentral,R,PoCen,,Somato-motor,6.0,181,281.0,0.8814363143631436,0.8843311160384331,-0.002894801675289438,0.8155333826065534,0.8277285045577728,-0.012195121951219412,0.8176795580110497,0.8287292817679558,-0.011049723756906049,0.7975460122699386,0.8121212121212121,-0.014575199851273535,0.015057053890346821,4.569394513964653e-05,-0.005297060320102378,4,0.022099447513812154,0.35610196778797726,0.025790500252324964,0.08096483646176797,45.364796,-22.113609,38.524592,0.02796757526754415
Heldout,2023,ctx-rh-posteriorcingulate,R,PoCin,,Somato-motor,4.0,362,80.0,0.9060267307218526,0.9072739591032273,-0.0012472283813746987,0.8276361172702636,0.8220620842572062,0.005574033013057478,0.8314917127071824,0.8259668508287292,0.005524861878453136,0.8087774294670846,0.8025078369905956,0.006269592476489061,0.010595402109194855,2.852710895240307e-05,0.002464404610083413,2,0.0055248618784530384,0.26769855355577626,0.01935439926512007,0.06041594553039054,4.643388,-20.149251,39.05633,0.034829092193843
Validation,2023,ctx-rh-posteriorcingulate,R,PoCin,,Somato-motor,4.0,181,80.0,0.9307711258930772,0.9280610987928061,0.0027100271002711285,0.8397388519339739,0.8285907859078591,0.011148066026114845,0.8453038674033149,0.8342541436464088,0.011049723756906049,0.8205128205128205,0.8076923076923077,0.012820512820512775,0.009745201486991255,2.467166632413864e-05,0.002015226669815364,2,0.011049723756906077,0.2721955876306049,0.01972516823173449,0.060675551991354035,4.643388,-20.149251,39.05633,0.04443343522080233
Test,2023,ctx-rh-posteriorcingulate,R,PoCin,,Somato-motor,4.0,181,80.0,0.8814363143631436,0.8863020448386302,-0.004865730475486552,0.8155333826065534,0.8155333826065534,0.0,0.8176795580110497,0.8176795580110497,0.0,0.7975460122699386,0.7975460122699386,0.0,0.011445602731398457,3.540515899658203e-05,0.0029135825503514615,0,0.0,0.2632015194809476,0.018983630298505645,0.06015633906942705,4.643388,-20.149251,39.05633,0.02556350255441755
Heldout,2024,ctx-rh-precentral,R,PrCen,,Somato-motor,6.0,362,385.0,0.9060267307218526,0.9060421286031042,-1.53978812515998e-05,0.8276361172702636,0.8301613697955161,-0.002525252525252486,0.8314917127071824,0.8342541436464088,-0.0027624309392264568,0.8087774294670846,0.8113207547169812,-0.002543325249896533,0.012307933305302707,4.00361604988575e-05,0.001022341949299225,5,0.013812154696132596,0.3105515135356961,0.02243416276025568,0.07048616537731656,40.33542,-10.258014,43.694267,0.03358266112866756
Validation,2024,ctx-rh-precentral,R,PrCen,,Somato-motor,6.0,181,385.0,0.9307711258930772,0.926829268292683,0.003941857600394227,0.8397388519339739,0.8275437299827544,0.012195121951219523,0.8453038674033149,0.8342541436464088,0.011049723756906049,0.8205128205128205,0.8051948051948052,0.015318015318015243,0.009527795876052169,3.5212840884923935e-05,0.0036603889340606844,2,0.011049723756906077,0.28919491560831256,0.02083769571103634,0.06549471929587053,40.33542,-10.258014,43.694267,0.04760744351439286
Test,2024,ctx-rh-precentral,R,PrCen,,Somato-motor,6.0,181,385.0,0.8814363143631436,0.8844542990884454,-0.003017984725301792,0.8155333826065534,0.8327790096082779,-0.017245627001724495,0.8176795580110497,0.8342541436464088,-0.016574585635359074,0.7975460122699386,0.8170731707317073,-0.019527158461768668,0.015088070734553245,5.155801773071289e-05,-0.0016157050354622345,3,0.016574585635359115,0.33190811146307964,0.024030629809475016,0.07547761145876257,40.33542,-10.258014,43.694267,0.020512547380537885
Heldout,2025,ctx-rh-precuneus,R,PrCun,,Default Mode Network,5.0,362,308.0,0.9060267307218526,0.9035168760778516,0.0025098546440009972,0.8276361172702636,0.8271125893077113,0.0005235279625523948,0.8314917127071824,0.8314917127071824,0.0,0.8087774294670846,0.807570977917981,0.0012064515491035932,0.010887761353335,5.788472481071949e-05,0.005459500533317663,4,0.011049723756906077,0.39118367643931684,0.028284670397634774,0.08841279506148225,8.592956,-59.168544,35.432634,0.04331078673321377
Validation,2025,ctx-rh-precuneus,R,PrCun,,Default Mode Network,5.0,181,308.0,0.9307711258930772,0.9294161123429415,0.0013550135501356753,0.8397388519339739,0.8336412909583641,0.0060975609756097615,0.8453038674033149,0.8397790055248618,0.0055248618784530246,0.8205128205128205,0.8129032258064516,0.007609594706368905,0.010705907847114855,5.1336828619241714e-05,0.00691976819382929,1,0.0055248618784530384,0.4046748271302027,0.02929173637061246,0.09099174554341406,8.592956,-59.168544,35.432634,0.04800270493131806
Test,2025,ctx-rh-precuneus,R,PrCun,,Default Mode Network,5.0,181,308.0,0.8814363143631436,0.8789110618378911,0.002525252525252486,0.8155333826065534,0.8205838876570584,-0.005050505050504972,0.8176795580110497,0.8232044198895028,-0.0055248618784530246,0.7975460122699386,0.8024691358024691,-0.004923123532530549,0.011069614859555143,7.020775228738785e-05,0.003999232872806037,3,0.016574585635359115,0.37769252574843104,0.027277604424657084,0.08583384457955044,8.592956,-59.168544,35.432634,0.03747942532249565
Heldout,2026,ctx-rh-rostralanteriorcingulate,R,RACin,,Default Mode Network,4.0,362,53.0,0.9060267307218526,0.9056725794530672,0.0003541512687853521,0.8276361172702636,0.8271125893077113,0.0005235279625523948,0.8314917127071824,0.8314917127071824,0.0,0.8087774294670846,0.807570977917981,0.0012064515491035932,0.0019315453567825135,3.5723205655813217e-06,0.0005499843510577857,2,0.0055248618784530384,0.04305892620359172,0.0031053349228195707,0.009944811761790876,4.93522800000001,32.888415,1.65742399999996,0.006467045698785135
Validation,2026,ctx-rh-rostralanteriorcingulate,R,RACin,,Default Mode Network,4.0,181,53.0,0.9307711258930772,0.9283074648928308,0.00246366100024642,0.8397388519339739,0.8386917960088691,0.0010470559251047895,0.8453038674033149,0.8453038674033149,0.0,0.8205128205128205,0.8181818181818182,0.002331002331002252,0.0016533760353922844,2.4819746613502502e-06,0.0005645979329614349,2,0.011049723756906077,0.03786094509899997,0.002723228006118147,0.008717379764298708,4.93522800000001,32.888415,1.65742399999996,0.008992293342552249
Test,2026,ctx-rh-rostralanteriorcingulate,R,RACin,,Default Mode Network,4.0,181,53.0,0.8814363143631436,0.8834688346883469,-0.002032520325203291,0.8155333826065534,0.8155333826065534,0.0,0.8176795580110497,0.8176795580110497,0.0,0.7975460122699386,0.7975460122699386,0.0,0.0022097146781727426,5.304813385009766e-06,0.0005353707691541364,0,0.0,0.048256907308183467,0.0034874418395209944,0.011172243759283045,4.93522800000001,32.888415,1.65742399999996,0.003664636192490446
Heldout,2027,ctx-rh-rostralmiddlefrontal,R,RMF,,Fronto-Parietal,5.0,362,530.0,0.9060267307218526,0.9088137472283814,-0.0027870165065287944,0.8276361172702636,0.833210150283321,-0.005574033013057367,0.8314917127071824,0.8370165745856354,-0.0055248618784530246,0.8087774294670846,0.8150470219435737,-0.006269592476489061,0.003372874508421477,7.899710908532143e-06,0.0014253161649492399,2,0.0055248618784530384,0.12712499660405058,0.009191304925801516,0.02881403407339233,32.883772,45.984135,12.006621,0.0047556161024821355
Validation,2027,ctx-rh-rostralmiddlefrontal,R,RMF,,Fronto-Parietal,5.0,181,530.0,0.9307711258930772,0.9358216309435822,-0.005050505050504972,0.8397388519339739,0.8447893569844789,-0.005050505050504972,0.8453038674033149,0.850828729281768,-0.005524861878453136,0.8205128205128205,0.8258064516129032,-0.005293631100082741,0.0036311306995828506,5.6480057537555695e-06,0.0019079311570739219,1,0.0055248618784530384,0.1598797786533215,0.011563551875338788,0.03579314114803767,32.883772,45.984135,12.006621,0.005646158661756998
Test,2027,ctx-rh-rostralmiddlefrontal,R,RMF,,Fronto-Parietal,5.0,181,530.0,0.8814363143631436,0.8837152007883714,-0.0022788864252277774,0.8155333826065534,0.8216309435821632,-0.0060975609756097615,0.8176795580110497,0.8232044198895028,-0.0055248618784530246,0.7975460122699386,0.8048780487804879,-0.007332036510549256,0.003114618317260103,1.043081283569336e-05,0.0009427011728245579,1,0.0055248618784530384,0.09437021455477965,0.006819057976264244,0.02183492699874699,32.883772,45.984135,12.006621,0.002109715080532112
Heldout,2028,ctx-rh-superiorfrontal,R,SF,,Default Mode Network,5.0,362,709.0,0.9060267307218526,0.8977888642522789,0.008237866469573696,0.8276361172702636,0.8393077112589308,-0.011671593988667128,0.8314917127071824,0.8425414364640884,-0.011049723756906049,0.8087774294670846,0.822429906542056,-0.013652477074971414,0.02613324084375774,5.367398262023926e-05,-0.010176852173094756,10,0.027624309392265192,0.6458206564465857,0.04694164091224643,0.14375639084767736,11.696188,26.122293,41.163588,0.07240358517613726
Validation,2028,ctx-rh-superiorfrontal,R,SF,,Default Mode Network,5.0,181,709.0,0.9307711258930772,0.9252278886425227,0.0055432372505545,0.8397388519339739,0.852981029810298,-0.01324217787632409,0.8453038674033149,0.856353591160221,-0.01104972375690616,0.8205128205128205,0.8375,-0.016987179487179538,0.028247819657730794,4.285573959350586e-05,-0.023928704352545144,4,0.022099447513812154,0.6458397593338927,0.046876457579001704,0.14312616210863077,11.696188,26.122293,41.163588,0.06963528136234412
Test,2028,ctx-rh-superiorfrontal,R,SF,,Default Mode Network,5.0,181,709.0,0.8814363143631436,0.8711505296871151,0.010285784676028475,0.8155333826065534,0.8256343927075634,-0.010101010101010055,0.8176795580110497,0.8287292817679558,-0.011049723756906049,0.7975460122699386,0.8074534161490683,-0.009907403879129695,0.024018662029784688,6.330013275146484e-05,0.0035750000063556335,6,0.03314917127071823,0.6458015535592786,0.047006824245491165,0.14438661958672394,11.696188,26.122293,41.163588,0.0745251779773661
Heldout,2029,ctx-rh-superiorparietal,R,SP,,Dorsal Attention,5.0,362,448.0,0.9060267307218526,0.9050874599655088,0.000939270756343813,0.8276361172702636,0.8251108647450112,0.002525252525252486,0.8314917127071824,0.8287292817679558,0.002762430939226568,0.8087774294670846,0.80625,0.0025274294670846187,0.007676635034001581,3.742729313671589e-05,0.0007364958053897264,3,0.008287292817679558,0.3138013000880466,0.02272408503768271,0.07176811481409227,21.696572,-66.559689,51.739266,0.034693972635048545
Validation,2029,ctx-rh-superiorparietal,R,SP,,Dorsal Attention,5.0,181,448.0,0.9307711258930772,0.9305247597930525,0.0002463661000247086,0.8397388519339739,0.8285907859078591,0.011148066026114845,0.8453038674033149,0.8342541436464088,0.011049723756906049,0.8205128205128205,0.8076923076923077,0.012820512820512775,0.0069197320883568805,3.3777207136154175e-05,0.0007919642060624631,2,0.011049723756906077,0.31225499835441617,0.022635853967374674,0.0710288552330673,21.696572,-66.559689,51.739266,0.04205499055756172
Test,2029,ctx-rh-superiorparietal,R,SP,,Dorsal Attention,5.0,181,448.0,0.8814363143631436,0.8798965262379895,0.0015397881251540957,0.8155333826065534,0.8216309435821632,-0.0060975609756097615,0.8176795580110497,0.8232044198895028,-0.0055248618784530246,0.7975460122699386,0.8048780487804879,-0.007332036510549256,0.008433537979646282,4.001520574092865e-05,0.0006810274047169896,1,0.0055248618784530384,0.315347601821677,0.022812316107990744,0.07250737439511724,21.696572,-66.559689,51.739266,0.027240567425026663
Heldout,2030,ctx-rh-superiortemporal,R,ST,,Somato-motor,5.0,362,388.0,0.9060267307218526,0.9065656565656566,-0.0005389258438039946,0.8276361172702636,0.8306848977580685,-0.0030487804878048808,0.8314917127071824,0.8342541436464088,-0.0027624309392264568,0.8087774294670846,0.8125,-0.003722570532915359,0.003228612488537039,1.049158163368702e-05,0.0013749127698166924,1,0.0027624309392265192,0.10813920089115713,0.007839940683141181,0.02463972870034078,54.655036,-10.575486,-5.61950900000002,0.007757089933991997
Validation,2030,ctx-rh-superiortemporal,R,ST,,Somato-motor,5.0,181,388.0,0.9307711258930772,0.9322493224932249,-0.0014781966001476965,0.8397388519339739,0.8397388519339739,0.0,0.8453038674033149,0.8453038674033149,0.0,0.8205128205128205,0.8205128205128205,0.0,0.0027634036542014194,8.289702236652374e-06,0.0011970067257833414,0,0.0,0.0955241923657817,0.006922337701396234,0.021889683970594934,54.655036,-10.575486,-5.61950900000002,0.008207544755449957
Test,2030,ctx-rh-superiortemporal,R,ST,,Somato-motor,5.0,181,388.0,0.8814363143631436,0.8822370041882237,-0.0008006898250800809,0.8155333826065534,0.8216309435821632,-0.0060975609756097615,0.8176795580110497,0.8232044198895028,-0.0055248618784530246,0.7975460122699386,0.8048780487804879,-0.007332036510549256,0.0036938213228726586,1.7404556274414062e-05,0.0015528188138500432,1,0.0055248618784530384,0.12075420941653255,0.008757543664886127,0.027389773430086632,54.655036,-10.575486,-5.61950900000002,0.0061056003749142464
Heldout,2031,ctx-rh-supramarginal,R,SM,,Ventral Attention,5.0,362,265.0,0.9060267307218526,0.9060421286031042,-1.53978812515998e-05,0.8276361172702636,0.8276361172702636,0.0,0.8314917127071824,0.8314917127071824,0.0,0.8087774294670846,0.8087774294670846,0.0,0.0035075972921817015,1.5104655176401138e-05,0.0004966131190239395,0,0.0,0.1252222962674906,0.009041181372796013,0.028827443255821643,52.067388,-34.465254,29.89862,0.012533380783726115
Validation,2031,ctx-rh-supramarginal,R,SM,,Ventral Attention,5.0,181,265.0,0.9307711258930772,0.9302783936930279,0.0004927322000493062,0.8397388519339739,0.8397388519339739,0.0,0.8453038674033149,0.8453038674033149,0.0,0.8205128205128205,0.8205128205128205,0.0,0.0028598995117769055,1.2874603271484375e-05,-0.0010815472419255347,0,0.0,0.13236149181148749,0.00956832998508114,0.029876424009958026,52.067388,-34.465254,29.89862,0.012920961696907353
Test,2031,ctx-rh-supramarginal,R,SM,,Ventral Attention,5.0,181,265.0,0.8814363143631436,0.8822370041882237,-0.0008006898250800809,0.8155333826065534,0.8155333826065534,0.0,0.8176795580110497,0.8176795580110497,0.0,0.7975460122699386,0.7975460122699386,0.0,0.0041552950725864965,1.8008984625339508e-05,0.0020747734799734137,0,0.0,0.11808310072349375,0.008514032760510885,0.027778462501685263,52.067388,-34.465254,29.89862,0.0118686380080173
Heldout,2032,ctx-rh-frontalpole,R,FP,,Limbic system,5.0,362,50.0,0.9060267307218526,0.9071661739344666,-0.0011394432126140552,0.8276361172702636,0.8215385562946539,0.0060975609756097615,0.8314917127071824,0.8259668508287292,0.005524861878453136,0.8087774294670846,0.8012618296529969,0.007515599814087781,0.002232398859672866,1.5979167073965073e-06,0.0014597669421329848,2,0.0055248618784530384,0.06240196842422068,0.004547788732130729,0.014089215124921246,10.986044,63.068097,-10.090047,0.012290791542644605
Validation,2032,ctx-rh-frontalpole,R,FP,,Limbic system,5.0,181,50.0,0.9307711258930772,0.9329884207932988,-0.0022172949002216003,0.8397388519339739,0.8336412909583641,0.0060975609756097615,0.8453038674033149,0.8397790055248618,0.0055248618784530246,0.8205128205128205,0.8129032258064516,0.007609594706368905,0.0016194483373334725,1.2051314115524292e-06,0.0006664528161575452,1,0.0055248618784530384,0.08548621986674283,0.006281649136452071,0.018863619732263998,10.986044,63.068097,-10.090047,0.01233384973701901
Test,2032,ctx-rh-frontalpole,R,FP,,Limbic system,5.0,181,50.0,0.8814363143631436,0.8823601872382358,-0.0009238728750922132,0.8155333826065534,0.8094358216309436,0.0060975609756097615,0.8176795580110497,0.8121546961325967,0.0055248618784530246,0.7975460122699386,0.7901234567901234,0.007422555479815185,0.002845349382012259,2.086162567138672e-06,0.0022530810681084244,1,0.0055248618784530384,0.03931771698169853,0.0028139283278093862,0.009314810517578494,10.986044,63.068097,-10.090047,0.011385451998184496
Heldout,2033,ctx-rh-temporalpole,R,TmP,,Limbic system,4.0,362,66.0,0.9060267307218526,0.9061345158906134,-0.00010778516876086552,0.8276361172702636,0.8276361172702636,0.0,0.8314917127071824,0.8314917127071824,0.0,0.8087774294670846,0.8087774294670846,0.0,0.001037645499731378,3.4598633646965027e-06,0.0007679419069761894,0,0.0,0.03263987893465706,0.002347343806822164,0.007591337356613486,30.237756,14.762748,-35.613471,0.0032772041377926767
Validation,2033,ctx-rh-temporalpole,R,TmP,,Limbic system,4.0,181,66.0,0.9307711258930772,0.9307711258930771,1.1102230246251565e-16,0.8397388519339739,0.8397388519339739,0.0,0.8453038674033149,0.8453038674033149,0.0,0.8205128205128205,0.8205128205128205,0.0,0.0012711871091214662,2.594664692878723e-06,0.000934743906438186,0,0.0,0.03430535399354351,0.0024745663992503594,0.007884483434548036,30.237756,14.762748,-35.613471,0.0037457535083719367
Test,2033,ctx-rh-temporalpole,R,TmP,,Limbic system,4.0,181,66.0,0.8814363143631436,0.8823601872382362,-0.0009238728750925462,0.8155333826065534,0.8155333826065534,0.0,0.8176795580110497,0.8176795580110497,0.0,0.7975460122699386,0.7975460122699386,0.0,0.0008041038903412898,5.185604095458984e-06,0.0006011399075141928,0,0.0,0.030974403875770603,0.002220121214393969,0.007298191278678937,30.237756,14.762748,-35.613471,0.0021003522296427126
Heldout,2034,ctx-rh-transversetemporal,R,TrT,,Somato-motor,5.0,362,39.0,0.9060267307218526,0.9059497413155949,7.698940625766593e-05,0.8276361172702636,0.8245873367824588,0.0030487804878048808,0.8314917127071824,0.8287292817679558,0.002762430939226568,0.8087774294670846,0.8050314465408805,0.0037459829262040945,0.0016031108130263524,4.559755325317383e-06,0.0014688439155254739,1,0.0027624309392265192,0.0431392489635329,0.0031124183074223875,0.009990306118328268,44.401724,-18.839679,7.08312100000001,0.008117542108433937
Validation,2034,ctx-rh-transversetemporal,R,TrT,,Somato-motor,5.0,181,39.0,0.9307711258930772,0.9316334072431633,-0.000862281350086147,0.8397388519339739,0.8336412909583641,0.0060975609756097615,0.8453038674033149,0.8397790055248618,0.0055248618784530246,0.8205128205128205,0.8129032258064516,0.007609594706368905,0.001533422678276814,3.5301782190799713e-06,0.001451605007319984,1,0.0055248618784530384,0.04354086738061777,0.003134587309156025,0.010165320452076295,44.401724,-18.839679,7.08312100000001,0.010455775800801759
Test,2034,ctx-rh-transversetemporal,R,TrT,,Somato-motor,5.0,181,39.0,0.8814363143631436,0.8810051736881005,0.00043114067504312903,0.8155333826065534,0.8155333826065534,0.0,0.8176795580110497,0.8176795580110497,0.0,0.7975460122699386,0.7975460122699386,0.0,0.0016727989477758908,5.424022674560547e-06,0.001486082823730964,0,0.0,0.042737630546448024,0.0030902493056887506,0.009815291784580241,44.401724,-18.839679,7.08312100000001,0.00519418892850777
Heldout,2035,ctx-rh-insula,R,Ins,,Ventral Attention,4.0,362,218.0,0.9060267307218526,0.9053646218280365,0.0006621088938161268,0.8276361172702636,0.8271125893077113,0.0005235279625523948,0.8314917127071824,0.8314917127071824,0.0,0.8087774294670846,0.807570977917981,0.0012064515491035932,0.005055938736736281,1.0733027011156082e-05,0.004848909530870987,2,0.0055248618784530384,0.1255826540117651,0.009081955499386219,0.028673765203241487,36.7847,1.915053,-3.24638200000001,0.015876017280336326
Validation,2035,ctx-rh-insula,R,Ins,,Ventral Attention,4.0,181,218.0,0.9307711258930772,0.9286770140428677,0.002094111850209468,0.8397388519339739,0.8447893569844789,-0.005050505050504972,0.8453038674033149,0.850828729281768,-0.005524861878453136,0.8205128205128205,0.8258064516129032,-0.005293631100082741,0.005667196576437238,8.881092071533203e-06,0.0054976183777026705,1,0.0055248618784530384,0.13598789205936745,0.009835896721220375,0.030815178065339503,36.7847,1.915053,-3.24638200000001,0.013099186285207414
Test,2035,ctx-rh-insula,R,Ins,,Ventral Attention,4.0,181,218.0,0.8814363143631436,0.882360187238236,-0.0009238728750923242,0.8155333826065534,0.8094358216309436,0.0060975609756097615,0.8176795580110497,0.8121546961325967,0.0055248618784530246,0.7975460122699386,0.7901234567901234,0.007422555479815185,0.004444680897035322,1.1669006198644638e-05,0.004200200684039303,1,0.0055248618784530384,0.11517741596416277,0.008328014277552065,0.026532352341143466,36.7847,1.915053,-3.24638200000001,0.018498869462950127
