Gene symbol,Probe ID / feature ID,LocusLink,limma logFC AD vs CN,Average expression,Moderated t statistic,Raw P value,FDR-adjusted P value,B statistic,Rank by raw P value,Selected for final GE branch panel,Final selected panel size,Direction in AD
SLC2A14 || SLC2A3,11747751_s_at,,0.250569598483441,4.65707947019868,4.30561576173448,2.25796136118254e-05,0.310296698028294,2.36847867243681,1,True,1000,Higher in AD
MAPK14,11742204_a_at,LOC1432,0.194035139543118,8.77088741721854,4.26895958200686,2.63757216100178e-05,0.310296698028294,2.23489556475232,2,True,1000,Higher in AD
NAB2,11744292_at,LOC4665,-0.144177605398864,4.13349668874172,-4.24767584238358,2.88521730175864e-05,0.310296698028294,2.15779103035766,3,True,1000,Lower in AD
EIF3H,11760274_at,,0.239454868581359,3.89272847682119,4.24557253117395,2.91086193641601e-05,0.310296698028294,2.15018967710719,4,True,1000,Higher in AD
ANXA3,11756334_x_at,LOC306,0.422467140872147,8.09656622516556,4.22741046463234,3.14154515478369e-05,0.310296698028294,2.08468923018888,5,True,1000,Higher in AD
SNX11,11751113_a_at,LOC29916,0.146144969517026,5.06749006622517,4.07651533579414,5.86039434899556e-05,0.345271592270675,1.55005012790387,6,True,1000,Higher in AD
CD177,11730765_at,LOC57126,0.576577919345298,3.56375496688742,4.06873263021161,6.0489387465316e-05,0.345271592270675,1.5229401644436,7,True,1000,Higher in AD
GM2A,11719922_a_at,LOC2760,0.225910525866744,4.28660264900662,4.05031917312882,6.51827453231769e-05,0.345271592270675,1.45898209036158,8,True,1000,Higher in AD
SLC22A1,11731577_a_at,LOC6580,0.388644875362619,6.53481456953642,4.0441927740538,6.6819649347178e-05,0.345271592270675,1.43775937227689,9,True,1000,Higher in AD
BCL6,11750749_a_at,LOC604,0.305649405380428,7.19795695364238,3.97338450564979,8.88078164372453e-05,0.345271592270675,1.19453969867753,10,True,1000,Higher in AD
PYGL,11719302_a_at,LOC5836,0.185077506386802,10.3437913907285,3.96438664172683,9.2050339824303e-05,0.345271592270675,1.16390647045039,11,True,1000,Higher in AD
ANXA3,11724283_a_at,LOC306,0.377456414852731,8.27260264900662,3.94665069152807,9.87736770679063e-05,0.345271592270675,1.10370558369589,12,True,1000,Higher in AD
QPCT,11719828_x_at,LOC25797,0.252908797199744,9.00254635761589,3.92994034932874,0.0001055324126061,0.345271592270675,1.04720610083711,13,True,1000,Higher in AD
,11762865_a_at,,0.32052238015587,8.34857947019868,3.92246125546691,0.000108697482814,0.345271592270675,1.02198776362647,14,True,1000,Higher in AD
HECW2,11730579_a_at,LOC57520,0.326775306716423,4.43147350993377,3.92052277321315,0.0001095323968365,0.345271592270675,1.01545850137184,15,True,1000,Higher in AD
TNFAIP8L1,11759187_at,LOC126282,-0.140773931090535,7.09251655629139,-3.91519040168822,0.0001118605571686,0.345271592270675,0.99751269211623,16,True,1000,Lower in AD
DNAJC3,11717373_at,LOC5611,0.243343692566701,4.64951655629139,3.88152286716152,0.0001276789334017,0.370914812057695,0.884710497063478,17,True,1000,Higher in AD
CC2D2A,11732751_a_at,LOC57545,0.140728693370398,2.85514900662252,3.85749903014165,0.0001402375350999,0.384765050469294,0.804752293618646,18,True,1000,Higher in AD
HAL,11751231_a_at,LOC3034,0.296058813668614,6.35745033112583,3.83036973859404,0.0001558231499495,0.403607991981009,0.714993249493872,19,True,1000,Higher in AD
TENM1,11737984_at,LOC10178,0.331552861017323,3.57201655629139,3.79331644891896,0.0001797721618045,0.403607991981009,0.593319103125589,20,True,1000,Higher in AD
,11762503_at,,-0.0841731214372889,2.33549668874172,-3.76878609860818,0.0001974973940732,0.403607991981009,0.513352570168297,21,True,1000,Lower in AD
IGF2BP1,11727103_at,LOC10642,-0.0799300660734536,2.20433443708609,-3.74689224975871,0.0002146995896683,0.403607991981009,0.442375464914405,22,True,1000,Lower in AD
ABHD12B,11738864_a_at,LOC145447,0.155922058299965,2.77209271523179,3.73919561701832,0.000221075855421,0.403607991981009,0.417512519920777,23,True,1000,Higher in AD
ZNF703,11759097_a_at,,-0.225721262779429,7.92143377483444,-3.73068094749539,0.0002283378227112,0.403607991981009,0.39006075349344,24,True,1000,Lower in AD
KREMEN1,11723730_at,LOC83999,0.385355268018929,5.9654238410596,3.72852566311415,0.0002302113832678,0.403607991981009,0.383120954442396,25,True,1000,Higher in AD
LIMK2,11734740_a_at,LOC3985,0.178782847227036,5.98095033112583,3.72594840397318,0.0002324707969046,0.403607991981009,0.374827191521832,26,True,1000,Higher in AD
CBS,11744286_s_at,LOC875,0.675008604138091,6.0422582781457,3.72072228176081,0.0002371167531246,0.403607991981009,0.358025134648504,27,True,1000,Higher in AD
SLC26A8,11729677_a_at,LOC116369,0.411374116930706,5.55382119205298,3.71154893749294,0.0002454841538326,0.403607991981009,0.328584208770248,28,True,1000,Higher in AD
RABL5,11748344_x_at,LOC64792,-0.130030575497959,2.95867549668874,-3.7105072312801,0.0002464517451071,0.403607991981009,0.325245108411761,29,True,1000,Lower in AD
PELO,11719917_at,LOC53918,0.163849842588358,6.7148642384106,3.70508216546035,0.0002515492168496,0.403607991981009,0.307869214102877,30,True,1000,Higher in AD
MXD3,11746877_a_at,LOC83463,0.122294330441039,3.77601324503311,3.70208648291595,0.0002544064275586,0.403607991981009,0.298284216575345,31,True,1000,Higher in AD
NR4A1,11717994_a_at,LOC3164,-0.373851016980918,5.34266887417219,-3.69476312393599,0.0002615205876846,0.403607991981009,0.274881880329554,32,True,1000,Lower in AD
ADCK2,11745039_a_at,LOC90956,-0.128169330235253,2.61394039735099,-3.67943038233993,0.0002770268339107,0.414583249076176,0.226020721424112,33,True,1000,Lower in AD
NANOS1,11734135_at,LOC340719,0.0762947895565836,2.11156953642384,3.66221614682465,0.0002954663067075,0.421974828257304,0.171382951428247,34,True,1000,Higher in AD
CD46,11742220_x_at,LOC4179,0.18971368139236,6.12344370860927,3.65898409479766,0.000299054772385,0.421974828257304,0.161150335715481,35,True,1000,Higher in AD
MCTP2,11747018_x_at,LOC55784,0.228347812503445,7.40672185430464,3.63015368999384,0.0003329297426127,0.431496676765633,0.0702362661648435,36,True,1000,Higher in AD
NR4A1,11717995_x_at,LOC3164,-0.232258732030244,5.40113907284768,-3.62175552927897,0.000343456563689,0.431496676765633,0.0438761501663478,37,True,1000,Lower in AD
CREB5,11739552_a_at,LOC9586,0.270831122402357,7.62758609271523,3.61237292595714,0.000355587147015,0.431496676765633,0.0144916348429236,38,True,1000,Higher in AD
ZNF326,11746312_x_at,LOC284695,-0.205923078626975,5.78248675496689,-3.61201609492078,0.0003560563416674,0.431496676765633,0.01337547491657,39,True,1000,Lower in AD
KREMEN1,11723729_at,LOC83999,0.43589264839091,6.86129470198675,3.6041361892739,0.0003665670694784,0.431496676765633,-0.0112471709327542,40,True,1000,Higher in AD
QPCT,11719827_a_at,LOC25797,0.229729447345621,9.16275165562914,3.59814532560078,0.0003747524140142,0.431496676765633,-0.0299343530530622,41,True,1000,Higher in AD
TMBIM6,11718407_a_at,LOC7009,0.0681843010823778,10.7758178807947,3.59500285941094,0.000379114335662,0.431496676765633,-0.0397252857195642,42,True,1000,Higher in AD
HAL,11735177_at,LOC3034,0.222032210957754,8.84438410596026,3.59459624629495,0.0003796822098755,0.431496676765633,-0.0409915955379967,43,True,1000,Higher in AD
CREB5,11750879_a_at,LOC9586,0.255475590429612,8.05608278145695,3.59121324248397,0.0003844379738729,0.431496676765633,-0.0515221897410205,44,True,1000,Higher in AD
FCGR3A,11731422_s_at,LOC2214,-0.181239542441733,9.76051986754967,-3.58274950219667,0.0003965823822024,0.435235945054475,-0.0778285648715746,45,True,1000,Lower in AD
INTS6,11751762_s_at,LOC26512,0.146627352174632,3.71945364238411,3.57520299578022,0.0004077135870588,0.437724852401873,-0.101236433387941,46,True,1000,Higher in AD
FAM228A,11735102_at,LOC653140,0.0804906864004857,2.03637748344371,3.56866171725627,0.0004175987020147,0.438798499951021,-0.12148992298849,47,True,1000,Higher in AD
LOC254896,11760084_x_at,LOC254896,0.230675825640218,5.61773841059603,3.56249606223634,0.000427121728472,0.439454868381687,-0.14054946639788,48,True,1000,Higher in AD
CDKN1C,11729118_a_at,LOC1028,-0.212425777681204,5.49279139072848,-3.55205356782941,0.0004437167564407,0.447212157828238,-0.172761279555132,49,True,1000,Lower in AD
LRRC6,11743089_a_at,LOC23639,0.431134222795606,6.19310264900662,3.5431944008185,0.0004582678798389,0.452640350274569,-0.200021457888857,50,True,1000,Higher in AD
BCL6,11739841_a_at,LOC604,0.27193496811802,6.40104304635762,3.53678366180032,0.0004690752615005,0.452674834052308,-0.219708972704605,51,True,1000,Higher in AD
CBS,11744835_s_at,LOC875,0.606572981196186,6.16579139072848,3.53056864442341,0.0004797804391626,0.452674834052308,-0.238764378064205,52,True,1000,Higher in AD
CREB5,11722970_a_at,LOC9586,0.228780875751664,9.49361258278146,3.5207356527577,0.0004971863761894,0.452674834052308,-0.26885012168701,53,True,1000,Higher in AD
ODC1,11752515_a_at,LOC4953,-0.235098762914644,8.44002317880795,-3.50786399997171,0.0005208663250225,0.452674834052308,-0.308117404029779,54,True,1000,Lower in AD
SRPK1,11718852_a_at,LOC6732,0.194180210623359,9.08964238410596,3.50739223530985,0.0005217539800496,0.452674834052308,-0.309554111430431,55,True,1000,Higher in AD
GCM1,11732725_at,LOC8521,0.299701038420017,4.88026158940397,3.50617002778266,0.0005240602355642,0.452674834052308,-0.313275389087705,56,True,1000,Higher in AD
BCL6,11759322_at,LOC604,0.286047327315657,7.47554635761589,3.49421291798168,0.0005471319586297,0.452674834052308,-0.349618910960921,57,True,1000,Higher in AD
INTS6,11746393_x_at,LOC26512,0.136018793197824,4.87828476821192,3.49389972816742,0.000547748861987,0.452674834052308,-0.350569323539603,58,True,1000,Higher in AD
WLS,11733513_a_at,LOC79971,0.33254333074624,8.12099337748344,3.47835382702028,0.0005792016754398,0.452674834052308,-0.397647352052229,59,True,1000,Higher in AD
STX3,11747878_a_at,LOC6809,0.234561645203453,5.36835099337748,3.47661230876923,0.0005828285396887,0.452674834052308,-0.402909273739941,60,True,1000,Higher in AD
DBP,11731661_s_at,LOC1628,-0.13746070133857,4.38956291390728,-3.47083051911916,0.0005950225802203,0.452674834052308,-0.420361409446931,61,True,1000,Lower in AD
MAPK14,11742487_a_at,LOC1432,0.212274279082925,6.64167880794702,3.46276852246335,0.0006124244831183,0.452674834052308,-0.44465189103589,62,True,1000,Higher in AD
CKB,11753004_a_at,LOC1152,-0.234446929271754,4.5306059602649,-3.45905633961469,0.0006205962864336,0.452674834052308,-0.4558191648994,63,True,1000,Lower in AD
SEPHS2,11743803_s_at,LOC22928,0.103444574801532,7.60044701986755,3.45287379918032,0.0006344328994601,0.452674834052308,-0.474393610278891,64,True,1000,Higher in AD
NFIL3,11743010_at,LOC4783,0.199214084915851,7.79095033112583,3.45041390359332,0.0006400179633939,0.452674834052308,-0.481775505604377,65,True,1000,Higher in AD
CDKN1C,11763717_a_at,LOC1028,-0.269989924975722,8.26780463576159,-3.44997227366042,0.0006410255146152,0.452674834052308,-0.48310028162427,66,True,1000,Lower in AD
TLR2,11736274_at,LOC7097,0.243522929933676,7.27655960264901,3.44547082810549,0.0006513802031264,0.452674834052308,-0.496594595996311,67,True,1000,Higher in AD
C9ORF116,11724109_a_at,LOC138162,-0.0841574096407146,2.31264900662252,-3.44530016037397,0.0006517758497069,0.452674834052308,-0.497105901568863,68,True,1000,Lower in AD
ACSL1,11750700_a_at,LOC2180,0.278322081836368,7.39241721854305,3.44486817836387,0.0006527782861195,0.452674834052308,-0.498399978110485,69,True,1000,Higher in AD
MBOAT1,11753189_a_at,LOC154141,0.0963633685130867,2.1704238410596,3.44352341067834,0.0006559081210426,0.452674834052308,-0.502427509459691,70,True,1000,Higher in AD
SEL1L,11717203_at,LOC6400,0.165872208121694,6.65812913907285,3.42877686149764,0.0006911620056704,0.452674834052308,-0.546498318001717,71,True,1000,Higher in AD
ITGB8,11751989_a_at,LOC3696,-0.0783041794978857,2.2081059602649,-3.42106852874537,0.0007102868382729,0.452674834052308,-0.569466028027203,72,True,1000,Lower in AD
,11764032_at,,-0.259124604618346,8.24991059602649,-3.41922695455988,0.000714928459772,0.452674834052308,-0.574946154987248,73,True,1000,Lower in AD
LPCAT3,11757009_x_at,LOC10162,0.123396807457449,4.81786092715232,3.41063278486575,0.0007369666672376,0.452674834052308,-0.600484740282,74,True,1000,Higher in AD
FBXO38,11757866_s_at,LOC81545,0.115292009889784,7.9032880794702,3.41010369854111,0.0007383439255507,0.452674834052308,-0.602055054783321,75,True,1000,Higher in AD
KCNH7,11737809_at,LOC90134,0.214968036288143,5.03926821192053,3.40958695212395,0.0007396913808262,0.452674834052308,-0.603588528882328,76,True,1000,Higher in AD
MOSPD2,11743736_at,LOC158747,0.187205520917168,7.3166059602649,3.40855924894788,0.000742378019013,0.452674834052308,-0.606637661884041,77,True,1000,Higher in AD
EMD,11718429_at,LOC2010,-0.111936448237746,6.78164569536424,-3.40695304591027,0.000746595228851,0.452674834052308,-0.611401478751638,78,True,1000,Lower in AD
FAM209A || FAM209B,11729876_s_at,,0.154579089875981,6.62533112582781,3.39856522258276,0.000768983724593,0.452674834052308,-0.636245316795468,79,True,1000,Higher in AD
CCR5,11748062_s_at,LOC1234,-0.102295034816714,2.70323509933775,-3.39719122358035,0.0007727103287955,0.452674834052308,-0.640309593849832,80,True,1000,Lower in AD
DDR2,11759442_s_at,LOC4921,0.0642967234646638,2.01482119205298,3.39264868072731,0.0007851510405831,0.452674834052308,-0.653735649006687,81,True,1000,Higher in AD
ABHD3,11746269_a_at,LOC171586,0.217517099382424,5.20606291390729,3.39215388242648,0.0007865173767816,0.452674834052308,-0.655197090625678,82,True,1000,Higher in AD
BCL6,11720746_s_at,LOC604,0.0808636881238044,11.7209536423841,3.39143355643069,0.0007885104505221,0.452674834052308,-0.657324303181161,83,True,1000,Higher in AD
SULT1B1,11734451_at,LOC27284,0.278419794846935,6.00743377483444,3.38927250396229,0.0007945181825737,0.452674834052308,-0.663703669930097,84,True,1000,Higher in AD
HECW2,11730580_s_at,LOC57520,0.322491623525227,5.78182781456954,3.38891389573799,0.0007955192351016,0.452674834052308,-0.66476190995045,85,True,1000,Higher in AD
PISD,11756516_a_at,LOC23761,0.139347023240646,9.59523841059603,3.38708809398745,0.0008006342162782,0.452674834052308,-0.670148189782196,86,True,1000,Higher in AD
ARHGEF12,11761978_at,,-0.353854785050864,4.96204966887417,-3.37904490980635,0.0008235345015381,0.452674834052308,-0.693844541459385,87,True,1000,Lower in AD
ABCA1,11739502_a_at,LOC19,0.273092119065696,3.04954304635762,3.37783064314357,0.000827044316705,0.452674834052308,-0.697417441925785,88,True,1000,Higher in AD
CREB5,11722971_a_at,LOC9586,0.169075806483049,9.82096688741722,3.37376225645768,0.0008389058152863,0.452674834052308,-0.709379798207624,89,True,1000,Higher in AD
DUSP13,11728562_a_at,LOC51207,0.308744901241707,3.92420529801324,3.37298752609808,0.0008411824620778,0.452674834052308,-0.711656250189106,90,True,1000,Higher in AD
FLOT1,11743045_a_at,LOC10211,0.164365408004241,5.84828145695364,3.37236892317343,0.0008430044418049,0.452674834052308,-0.713473595235353,91,True,1000,Higher in AD
LAMP2,11748160_s_at,LOC3920,0.16374548310229,7.92860264900662,3.37115722153155,0.0008465839477635,0.452674834052308,-0.717032470116603,92,True,1000,Higher in AD
LIMK2,11733509_a_at,LOC3985,0.238103812468875,7.03697350993377,3.36548886327529,0.0008635178634152,0.452674834052308,-0.733665314651921,93,True,1000,Higher in AD
CCPG1,11723009_at,LOC9236,0.206001220448399,4.27806291390729,3.36368261625295,0.0008689799035522,0.452674834052308,-0.738960032560136,94,True,1000,Higher in AD
ABCG1,11725515_a_at,LOC9619,0.222652798934807,9.70967218543046,3.36309120301517,0.0008707753054503,0.452674834052308,-0.740693095433818,95,True,1000,Higher in AD
PRDM1,11726217_a_at,LOC639,0.244403163396878,5.55043046357616,3.35891919494568,0.0008835391464031,0.454525669627767,-0.75291067897826,96,True,1000,Higher in AD
LONRF3,11755304_a_at,LOC79836,0.178925402196913,3.05288410596026,3.3559315754738,0.0008927863421282,0.454547899921067,-0.761651244229177,97,True,1000,Higher in AD
ABCG1,11725517_x_at,LOC9619,0.231199422656328,9.73500331125828,3.35184232873894,0.0009055894725088,0.456361649891062,-0.773603118348579,98,True,1000,Higher in AD
HAL,11752202_a_at,LOC3034,0.262289714573763,5.8772417218543,3.34881400915007,0.0009151809106135,0.45653661062185,-0.782445513419954,99,True,1000,Higher in AD
SH3GLB1,11746324_a_at,LOC51100,0.14006123962125,8.50528145695364,3.34209591563984,0.0009367975102448,0.462646818409522,-0.802035408723026,100,True,1000,Higher in AD
BCL7A,11740108_a_at,LOC605,-0.248059206147737,5.71036092715232,-3.33443683721155,0.0009620214199223,0.470399899448349,-0.824324998061733,101,True,1000,Lower in AD
USP47,11743614_a_at,LOC55031,-0.153465323159723,6.23440728476821,-3.31880714881503,0.0010154683808015,0.473037532048113,-0.869664559163695,102,True,1000,Lower in AD
LIMK2,11739042_x_at,LOC3985,0.15224783223574,5.47538741721854,3.3173667844643,0.0010205303695685,0.473037532048113,-0.873832972370312,103,True,1000,Higher in AD
EGLN1,11733857_x_at,LOC54583,0.15213489399326,7.49819867549669,3.31605840380123,0.0010251488516953,0.473037532048113,-0.877617978461411,104,True,1000,Higher in AD
RAD23B,11745206_x_at,LOC5887,0.162561949960163,5.61733112582781,3.31296432346735,0.0010361481730075,0.473037532048113,-0.886563344538531,105,True,1000,Higher in AD
LIMK2,11750802_x_at,LOC3985,0.197759110823638,4.76617549668874,3.31134008028405,0.001041966123199,0.473037532048113,-0.891256147829446,106,True,1000,Higher in AD
CDKN1C,11763718_x_at,LOC1028,-0.261682817781585,8.23253642384106,-3.30960418889356,0.001048217565358,0.473037532048113,-0.896269180921006,107,True,1000,Lower in AD
OSBPL8,11755548_a_at,LOC114882,0.119455040284898,9.7515,3.3095019620748,0.0010485867986662,0.473037532048113,-0.896564323331255,108,True,1000,Higher in AD
ACSL1,11716302_s_at,LOC2180,0.148802827846723,10.8428145695364,3.3005007520471,0.0010815765799948,0.473037532048113,-0.92251903064648,109,True,1000,Higher in AD
FNDC3B,11717715_at,LOC64778,0.245150110337783,3.04614900662252,3.29884889626733,0.0010877344895585,0.473037532048113,-0.927275020195752,110,True,1000,Higher in AD
VWA9,11747587_a_at,LOC81556,-0.112680602705769,5.62858940397351,-3.29777659308087,0.0010917493270402,0.473037532048113,-0.930361197302218,111,True,1000,Lower in AD
ITCH,11749666_a_at,LOC83737,0.140012140581514,6.4322880794702,3.29519588049123,0.0011014683701987,0.473037532048113,-0.937784904089196,112,True,1000,Higher in AD
DGAT2,11722642_a_at,LOC84649,0.244780158238183,7.34795364238411,3.28775932555759,0.0011299262083203,0.473037532048113,-0.959146969048557,113,True,1000,Higher in AD
GALK2,11749178_a_at,LOC2585,0.13939872429715,5.81119205298013,3.28530171206826,0.0011394800632748,0.473037532048113,-0.966196849697273,114,True,1000,Higher in AD
RICTOR,11722098_a_at,LOC253260,0.152974790276285,3.84221523178808,3.284659230715,0.0011419900234377,0.473037532048113,-0.968039061131576,115,True,1000,Higher in AD
MCTP1,11762549_at,LOC79772,0.195206446238503,6.34326158940397,3.28380660292037,0.0011453288866742,0.473037532048113,-0.970483319603008,116,True,1000,Higher in AD
KDM5D,11726813_a_at,LOC8284,-0.150843977625424,5.4230761589404,-3.28258474551165,0.0011501294527097,0.473037532048113,-0.973985039835257,117,True,1000,Lower in AD
TANC2,11754329_a_at,LOC26115,0.207766262941605,6.5762880794702,3.28169471443918,0.0011536380621023,0.473037532048113,-0.976535021347081,118,True,1000,Higher in AD
AQP9,11725702_a_at,LOC366,0.107428014510683,11.2324668874172,3.28143491084144,0.001154664112175,0.473037532048113,-0.977279250602368,119,True,1000,Higher in AD
FUT7,11740163_at,LOC2529,0.162364296024145,3.56309271523179,3.27997165119142,0.0011604588557467,0.473037532048113,-0.981469864227171,120,True,1000,Higher in AD
C9ORF78,11721829_at,LOC51759,-0.183418024381939,9.97978476821192,-3.27963012784322,0.0011618152253767,0.473037532048113,-0.982447700718657,121,True,1000,Lower in AD
SPINK8,11734543_at,LOC646424,0.269202624499761,4.07060264900662,3.27666549306523,0.0011736513758857,0.473037532048113,-0.990931975689925,122,True,1000,Higher in AD
UBE2W,11750058_a_at,LOC55284,0.175891834842267,4.75804304635762,3.27136671393737,0.0011950858433039,0.473037532048113,-1.00607850732531,123,True,1000,Higher in AD
MEFV,11752332_x_at,LOC4210,0.154747743956509,5.51486092715232,3.26998168120903,0.0012007481524431,0.473037532048113,-1.01003388070825,124,True,1000,Higher in AD
C3,11715393_a_at,LOC718,-0.314939763990048,4.43802649006622,-3.26577342254644,0.0012181055861031,0.473037532048113,-1.0220423166228,125,True,1000,Lower in AD
PGM1,11756127_a_at,LOC5236,0.122049326306032,7.74551655629139,3.26572096108942,0.0012183234317498,0.473037532048113,-1.02219192728248,126,True,1000,Higher in AD
IL1R1,11718025_at,LOC3554,0.282571720533575,6.22482781456954,3.26478369289312,0.0012222215278734,0.473037532048113,-1.02486447347017,127,True,1000,Higher in AD
CCNE1,11724407_s_at,LOC898,-0.260526307595053,5.52671523178808,-3.26387023065831,0.0012260317519572,0.473037532048113,-1.02746845632744,128,True,1000,Lower in AD
SH3GLB1,11718846_a_at,LOC51100,0.14047641411247,7.98866556291391,3.25917270238756,0.001245800763041,0.476938887469338,-1.04084893433614,129,True,1000,Higher in AD
LINC00266-1,11760088_x_at,LOC140849,0.217777764731683,5.84634768211921,3.25544600278429,0.0012616941441482,0.479307900022364,-1.05145141670499,130,True,1000,Higher in AD
ARID3B,11748808_a_at,LOC10620,0.109730242749327,8.08605629139073,3.24581572633124,0.001303640099509,0.488464226414318,-1.07879763747087,131,True,1000,Higher in AD
ASPH,11759707_at,LOC444,0.0764894576317842,2.11499006622517,3.24537777593669,0.0013055780562647,0.488464226414318,-1.08003946323853,132,True,1000,Higher in AD
MAP3K2,11754680_a_at,LOC10746,0.0946920222733249,9.99631125827815,3.23996373022027,0.0013297572510967,0.491490061112817,-1.09537839509825,133,True,1000,Higher in AD
LSMEM1,11730513_a_at,LOC286006,0.255745335704189,5.94026490066225,3.23911843826909,0.0013335695984513,0.491490061112817,-1.0977711144105,134,True,1000,Higher in AD
IGSF6,11761745_at,,0.215938299349937,6.30306622516556,3.22911692274542,0.0013794533333837,0.496560272399625,-1.126037942565,135,True,1000,Higher in AD
NAMPT,11743111_s_at,LOC10135,0.16176489345864,10.5773112582781,3.22530534800976,0.001397321470983,0.496560272399625,-1.13678911637681,136,True,1000,Higher in AD
RAD23B,11745264_a_at,LOC5887,0.163758878816349,5.51463245033113,3.22325897045874,0.001407002864941,0.496560272399625,-1.14255640804984,137,True,1000,Higher in AD
STXBP5,11739642_a_at,LOC134957,0.178816094580587,5.92148344370861,3.22122380408514,0.0014166928339632,0.496560272399625,-1.14828873991159,138,True,1000,Higher in AD
SAP30L,11720378_a_at,LOC79685,0.136589071314026,7.63801655629139,3.21978753063401,0.0014235684912559,0.496560272399625,-1.15233218664896,139,True,1000,Higher in AD
DUSP5,11717863_a_at,LOC1847,-0.178756267412914,8.5347119205298,-3.21812235188859,0.0014315786481002,0.496560272399625,-1.15701796382822,140,True,1000,Lower in AD
TLR8,11726947_a_at,LOC51311,0.191977618684311,7.77166556291391,3.21759250314802,0.0014341361705201,0.496560272399625,-1.15850847570878,141,True,1000,Higher in AD
MCTP2,11752249_a_at,LOC55784,0.20979023971935,3.98836092715232,3.21212001780392,0.0014608000184582,0.496560272399625,-1.17388975907952,142,True,1000,Higher in AD
CD177,11730764_a_at,LOC57126,0.36300452083478,3.42596357615894,3.21187847402555,0.0014619874173986,0.496560272399625,-1.1745680967522,143,True,1000,Higher in AD
LIMK2,11734741_x_at,LOC3985,0.17816455985132,5.30621523178808,3.21145602097038,0.001464066292857,0.496560272399625,-1.17575437597455,144,True,1000,Higher in AD
FAM46C,11739339_s_at,LOC54855,-0.331834803450201,10.1252582781457,-3.20906439753386,0.0014758870950932,0.496560272399625,-1.18246750281211,145,True,1000,Lower in AD
CALCRL || ENSG00000213952,11761796_at,,0.159764685827506,2.79386092715232,3.20841593136348,0.0014791073916663,0.496560272399625,-1.18428690492768,146,True,1000,Higher in AD
C19ORF59,11725889_at,LOC199675,0.235792890418329,5.65698675496689,3.20730379179502,0.0014846454535068,0.496560272399625,-1.18740644224604,147,True,1000,Higher in AD
FBXL13,11740804_a_at,LOC222235,0.305621842300294,4.80282119205298,3.20661356712734,0.0014880921782518,0.496560272399625,-1.18934200936092,148,True,1000,Higher in AD
SESN3,11731901_a_at,LOC143686,-0.378318984762036,7.98257947019868,-3.19918663453444,0.0015256512224863,0.500852184641764,-1.21014459182221,149,True,1000,Lower in AD
LAT2,11737890_x_at,LOC7462,0.145622421369935,7.21431125827815,3.19604395611967,0.0015418068612645,0.500852184641764,-1.21893365459121,150,True,1000,Higher in AD
OTUD7B,11751243_a_at,LOC56957,0.0926617374700204,2.79148675496689,3.19385614018943,0.0015531471460386,0.500852184641764,-1.22504754244659,151,True,1000,Higher in AD
SVIL,11728498_a_at,LOC6840,0.162757909689692,9.22272185430464,3.19225022751758,0.0015615202776988,0.500852184641764,-1.22953282007333,152,True,1000,Higher in AD
SVIL,11745431_a_at,LOC6840,0.163100111987687,9.26483443708609,3.19186040107576,0.0015635591004085,0.500852184641764,-1.23062128077958,153,True,1000,Higher in AD
LRRC4,11726061_a_at,LOC64101,0.252845642808734,6.90241390728477,3.18958773325086,0.001575494456964,0.500852184641764,-1.23696449432217,154,True,1000,Higher in AD
FAM209A,11729875_at,LOC200232,0.164141855969571,6.07100993377483,3.18949642361973,0.0015759757442162,0.500852184641764,-1.2372192598398,155,True,1000,Higher in AD
PTPRB,11733229_a_at,LOC5787,0.0650845349330775,2.00690397350993,3.18089746714325,0.0016219148202755,0.500852184641764,-1.26118110968843,156,True,1000,Higher in AD
TGFBR1,11746441_a_at,LOC7046,0.22357079870209,4.27878476821192,3.17735555584118,0.0016411948196186,0.500852184641764,-1.27103353719973,157,True,1000,Higher in AD
LINC01000,11745798_x_at,LOC402483,0.134139694363552,10.1999304635762,3.17464637402875,0.0016560847748638,0.500852184641764,-1.27856270704857,158,True,1000,Higher in AD
FASTKD5,11719477_a_at,LOC60493,0.0975046492217064,7.42809602649007,3.17424628344015,0.001658294272222,0.500852184641764,-1.27967410561861,159,True,1000,Higher in AD
SNORA5B,11757174_x_at,LOC677795,-0.0822208839968258,2.67588741721854,-3.17328160916398,0.0016636328933513,0.500852184641764,-1.28235330783778,160,True,1000,Lower in AD
MGAM,11731271_a_at,LOC8972,0.205916193733382,10.0933774834437,3.17230168909984,0.0016690721534069,0.500852184641764,-1.28507407810054,161,True,1000,Higher in AD
STX3,11719533_a_at,LOC6809,0.194438254994533,7.64968874172185,3.17133387925259,0.0016744603284447,0.500852184641764,-1.28776045807734,162,True,1000,Higher in AD
PELO,11719918_s_at,LOC53918,0.142884919162667,7.02034437086093,3.17013041059016,0.0016811829407277,0.500852184641764,-1.29109990166443,163,True,1000,Higher in AD
CDC42EP3,11720498_at,LOC10602,0.0889388474967229,10.7658476821192,3.16760802814256,0.0016953540776286,0.500852184641764,-1.29809531196334,164,True,1000,Higher in AD
SCGB1D4,11737959_at,LOC404552,-0.065455976220637,2.25624503311258,-3.16643787870728,0.0017019655839202,0.500852184641764,-1.30133877147168,165,True,1000,Lower in AD
TPPP3,11719767_a_at,LOC51673,-0.244520378525422,6.21911589403974,-3.16507387835913,0.0017097024544775,0.500852184641764,-1.3051181482704,166,True,1000,Lower in AD
C11ORF54,11747433_a_at,LOC28970,0.184178265706239,5.35726821192053,3.16236207064427,0.0017251809978754,0.500852184641764,-1.31262754053023,167,True,1000,Higher in AD
PTPN12,11732037_a_at,LOC5782,0.227966401863169,5.60046357615894,3.15646647274864,0.0017592799473699,0.500852184641764,-1.32893267693804,168,True,1000,Higher in AD
ASB2,11725239_a_at,LOC51676,-0.176223656725906,3.52177483443709,-3.15483389975107,0.0017688319214381,0.500852184641764,-1.33344279660176,169,True,1000,Lower in AD
CREB3L2,11753262_a_at,LOC64764,-0.104829337673958,2.49688079470199,-3.1512692242461,0.0017898551385471,0.500852184641764,-1.34328297348332,170,True,1000,Lower in AD
LAT2,11726346_a_at,LOC7462,0.146345033879656,7.34724503311258,3.14898152268068,0.0018034685538736,0.500852184641764,-1.34959265489362,171,True,1000,Higher in AD
ELOVL5,11716078_a_at,LOC60481,0.233423521564416,3.76338741721854,3.14754509344065,0.0018120651179971,0.500852184641764,-1.35355227537549,172,True,1000,Higher in AD
ANP32B,11756300_a_at,LOC10541,-0.075586331802861,9.93362913907285,-3.14747168008352,0.0018125054881051,0.500852184641764,-1.35375459945558,173,True,1000,Lower in AD
MAPK14,11753885_a_at,LOC1432,0.192700575561883,7.4920298013245,3.14480765141423,0.0018285526986242,0.500852184641764,-1.36109358013481,174,True,1000,Higher in AD
MGAM,11731270_a_at,LOC8972,0.261858159273638,7.40067549668874,3.14473345239038,0.0018290015208698,0.500852184641764,-1.3612979040817,175,True,1000,Higher in AD
ANP32B,11718684_x_at,LOC10541,-0.0761388408749498,10.6563675496689,-3.14413325593958,0.0018326357889233,0.500852184641764,-1.36295051719744,176,True,1000,Lower in AD
ABCG1,11725516_s_at,LOC9619,0.231869535200004,9.47732781456954,3.14379907381653,0.0018346621944805,0.500852184641764,-1.36387054505577,177,True,1000,Higher in AD
LAT2,11726347_x_at,LOC7462,0.146818785602,7.01301324503311,3.1401340088637,0.0018570225183813,0.500852184641764,-1.3739547689094,178,True,1000,Higher in AD
ATP11B,11739434_a_at,LOC23200,0.187279625838859,6.81499668874172,3.13659591554282,0.0018788466405731,0.500852184641764,-1.38367925814726,179,True,1000,Higher in AD
ZNF516,11731062_s_at,LOC9658,0.211235259938291,5.29378476821192,3.13641636390676,0.0018799604617297,0.500852184641764,-1.38417248594072,180,True,1000,Higher in AD
SLC2A14 || SLC2A3,11736555_s_at,,0.1715910687694,9.88722847682119,3.13549420395252,0.0018856905508203,0.500852184641764,-1.38670524263579,181,True,1000,Higher in AD
FAM129C,11738541_x_at,LOC199786,-0.302524528188939,4.54466887417219,-3.13405300288875,0.0018946781372025,0.500852184641764,-1.39066218309872,182,True,1000,Lower in AD
USP3,11749740_a_at,LOC9960,0.0720586226635289,9.95329470198675,3.13374438712179,0.0018966078529577,0.500852184641764,-1.3915092939982,183,True,1000,Higher in AD
PTPN12,11740181_a_at,LOC5782,0.272677768778021,5.49832119205298,3.13272782261889,0.0019029770745822,0.500852184641764,-1.39429908495755,184,True,1000,Higher in AD
IL1R2,11728500_a_at,LOC7850,0.22648380240178,8.63231456953642,3.12865298583516,0.0019287063870697,0.500852184641764,-1.40547333763018,185,True,1000,Higher in AD
FBXO38,11746727_s_at,LOC81545,0.097598797445747,7.92991390728477,3.12366835268153,0.0019606167833306,0.500852184641764,-1.41912408044024,186,True,1000,Higher in AD
HSPA1L,11727138_a_at,LOC3305,0.132209345506833,6.39166225165563,3.12214677389075,0.0019704541653986,0.500852184641764,-1.4232869871456,187,True,1000,Higher in AD
NR4A1,11759135_x_at,,-0.204592645723737,5.23282119205298,-3.12126299263984,0.0019761889144724,0.500852184641764,-1.42570406866079,188,True,1000,Lower in AD
KCNE1,11731273_a_at,LOC3753,0.185825189093371,4.25361589403974,3.12064856481167,0.0019801849308527,0.500852184641764,-1.42738411153125,189,True,1000,Higher in AD
ARHGEF12,11750580_x_at,,-0.364000321427111,5.04582781456954,-3.12022487225743,0.001982944814803,0.500852184641764,-1.42854244358055,190,True,1000,Lower in AD
HBG1 || HBG2,11758696_x_at,,-0.401749830637836,11.1590761589404,-3.11711296509233,0.0020033244099582,0.500852184641764,-1.43704559179703,191,True,1000,Lower in AD
FAM168A,11759183_at,LOC23201,0.165178378235483,4.54250331125828,3.11663551841674,0.0020064682034283,0.500852184641764,-1.43834949465653,192,True,1000,Higher in AD
CPD,11727133_at,LOC1362,0.196435179676243,8.00446688741722,3.11567792268339,0.0020127873041045,0.500852184641764,-1.44096411999789,193,True,1000,Higher in AD
GPR12,11731913_at,LOC2835,-0.064131145547201,2.28872516556291,-3.11432611227222,0.0020217390444553,0.500852184641764,-1.44465383798564,194,True,1000,Lower in AD
7-Mar,11745507_a_at,LOC64844,0.15709205217711,5.3882880794702,3.11396708024247,0.0020241227313251,0.500852184641764,-1.44563355242648,195,True,1000,Higher in AD
ROPN1L,11720349_at,LOC83853,0.25941163003952,7.04020529801324,3.1139606028442,0.002024165759885,0.500852184641764,-1.44565122676555,196,True,1000,Higher in AD
OLAH,11744076_a_at,LOC55301,0.182203456718309,2.4043178807947,3.1135802713828,0.0020266937343793,0.500852184641764,-1.44668894563547,197,True,1000,Higher in AD
RABL5,11748343_a_at,LOC64792,-0.149833937040234,2.89892715231788,-3.11337709178464,0.0020280454146105,0.500852184641764,-1.44724326450523,198,True,1000,Lower in AD
OR13H1,11762886_at,,-0.069414980604027,2.07490728476821,-3.113360120635,0.00202815835513,0.500852184641764,-1.44728956402961,199,True,1000,Lower in AD
WDFY3,11743471_a_at,LOC23001,0.23344941013888,6.52761258278146,3.11333636355688,0.0020283164647542,0.500852184641764,-1.44735437606309,200,True,1000,Higher in AD
HCAR2 || HCAR3,11722615_s_at,,0.192289590080147,9.82457284768212,3.10748739506347,0.0020675906148607,0.500859069641872,-1.46329701616324,201,True,1000,Higher in AD
LILRA6,11732349_at,LOC79168,0.152146307054957,9.39670860927152,3.10543188555633,0.0020815584377737,0.500859069641872,-1.46889312464347,202,True,1000,Higher in AD
RNLS,11732827_a_at,LOC55328,0.166721678660291,3.33268874172185,3.10404249400498,0.0020910489976242,0.500859069641872,-1.47267377834699,203,True,1000,Higher in AD
LSM4,11717244_at,LOC25804,-0.0928429350158953,4.66411920529801,-3.10389990778673,0.0020920252190826,0.500859069641872,-1.47306167851051,204,True,1000,Lower in AD
OSBPL8,11718644_x_at,LOC114882,0.0978880945662653,9.81011920529801,3.1028327384467,0.0020993449799297,0.500859069641872,-1.47596434337062,205,True,1000,Higher in AD
GABRB2,11740352_a_at,LOC2561,-0.0695123460599046,2.44005298013245,-3.10139346421915,0.0021092544152783,0.500859069641872,-1.47987764812433,206,True,1000,Lower in AD
IER5,11716629_at,LOC51278,-0.155617738763577,7.02061258278146,-3.10085517451793,0.0021129716158209,0.500859069641872,-1.48134079253258,207,True,1000,Lower in AD
CYP4F3,11759103_at,,0.227480339208673,8.97858609271523,3.09948019221051,0.0021224940861625,0.500859069641872,-1.48507710662816,208,True,1000,Higher in AD
MAP2K6,11724606_a_at,LOC5608,0.135534635562706,6.29980463576159,3.0991259952094,0.0021249534834297,0.500859069641872,-1.48603933525229,209,True,1000,Higher in AD
KIAA0040,11745808_a_at,LOC9674,0.150538368218848,6.81526821192053,3.09590300969446,0.0021474535389002,0.500859069641872,-1.49479034399414,210,True,1000,Higher in AD
KDELR2,11756019_a_at,LOC11014,-0.117870927096776,7.42436754966887,-3.09471192992669,0.0021558240186412,0.500859069641872,-1.49802220088466,211,True,1000,Lower in AD
RAET1L || RAET1G || ULBP2,11753308_s_at,,-0.0736657527365075,1.88043377483444,-3.09439100354609,0.0021580845093224,0.500859069641872,-1.49889279918979,212,True,1000,Lower in AD
SLC2A14 || SLC2A3,11734657_s_at,,0.191883381824819,7.95258278145695,3.09409282494999,0.0021601867297152,0.500859069641872,-1.49970161265249,213,True,1000,Higher in AD
AHCTF1,11730252_s_at,LOC25909,0.128661028988859,6.92269536423841,3.08702597401773,0.0022105650748543,0.510144704611002,-1.51884927424618,214,True,1000,Higher in AD
SLC2A14 || SLC2A3,11736556_s_at,,0.217009672876309,6.93712582781457,3.08166902031949,0.0022494724958236,0.516709063622077,-1.53333676033235,215,True,1000,Higher in AD
LAMP2,11750202_a_at,LOC3920,0.179611512865318,5.30638741721854,3.07650805792628,0.0022875519004802,0.520429825081832,-1.54727200716465,216,True,1000,Higher in AD
MBP,11757273_s_at,LOC4155,0.235092602254075,5.69247682119205,3.073922887556,0.0023068484653203,0.520429825081832,-1.55424410161267,217,True,1000,Higher in AD
ZFYVE16,11739855_a_at,LOC9765,0.260231278258998,3.53929801324503,3.07237625711558,0.0023184645462301,0.520429825081832,-1.5584126838476,218,True,1000,Higher in AD
ZNF705E || ZNF705B || ZNF705A || ZNF705D,11750499_s_at,,0.0986259877781513,1.92130132450331,3.07107505742483,0.0023282789765331,0.520429825081832,-1.5619182485402,219,True,1000,Higher in AD
AQP9,11749906_a_at,LOC366,0.209360529285343,8.13416887417219,3.07090111394173,0.002329593856413,0.520429825081832,-1.56238676503771,220,True,1000,Higher in AD
SPG20,11748660_a_at,LOC23111,0.189178317922284,6.12154966887417,3.06992756210261,0.0023369657903176,0.520429825081832,-1.56500856825778,221,True,1000,Higher in AD
MXD3,11735170_at,LOC83463,0.221485656306838,7.6170298013245,3.06960188055608,0.0023394367061144,0.520429825081832,-1.56588546492022,222,True,1000,Higher in AD
LIMK2,11739043_a_at,LOC3985,0.189225569562355,8.62262913907285,3.06587828820436,0.0023678586535318,0.521974663314744,-1.57590505643512,223,True,1000,Higher in AD
SLC2A14 || SLC2A3,11752739_s_at,,0.184421181437008,4.71138079470199,3.06584129666243,0.0023681425947563,0.521974663314744,-1.5760045378228,224,True,1000,Higher in AD
TMBIM6,11718408_x_at,LOC7009,0.0616590029151749,10.8998907284768,3.06454806953952,0.0023780889168148,0.521974663314744,-1.57948171054918,225,True,1000,Higher in AD
GK,11750720_s_at,LOC2710,0.220911766111645,8.45403973509934,3.06234334966384,0.0023951342712835,0.523389827971712,-1.58540650824811,226,True,1000,Higher in AD
USP32,11762047_at,,0.23715121966495,7.21809271523179,3.06066548810551,0.0024081815660071,0.523922708452989,-1.58991279960542,227,True,1000,Higher in AD
,11762658_at,,0.0605445669226734,2.06260927152318,3.05726784497087,0.0024348026019951,0.52640061559725,-1.59903090702102,228,True,1000,Higher in AD
MPP7,11734216_a_at,LOC143098,-0.108353455293506,2.77463245033113,-3.05649584701851,0.0024408889355641,0.52640061559725,-1.601101366155,229,True,1000,Lower in AD
MAOB,11719499_at,LOC4129,0.11665625668673,2.74328145695364,3.05001429255169,0.0024925433069236,0.535203233720574,-1.6184653062294,230,True,1000,Higher in AD
FAM8A1,11756601_a_at,LOC51439,0.20039239676737,6.31133443708609,3.04556112547484,0.0025286130050137,0.53573595401371,-1.63037528991573,231,True,1000,Higher in AD
INTS6,11751761_a_at,LOC26512,0.156823257060841,5.25172185430464,3.04497914495148,0.0025333622106958,0.53573595401371,-1.63193059432076,232,True,1000,Higher in AD
TLR2,11754833_a_at,LOC7097,0.10665087121544,10.391642384106,3.04246531281699,0.0025539704831054,0.53573595401371,-1.63864545415082,233,True,1000,Higher in AD
SNX29P2,11737842_x_at,LOC440352,-0.21226243905275,5.27546357615894,-3.04160940316647,0.002561022275969,0.53573595401371,-1.64093054749064,234,True,1000,Lower in AD
MBD6,11722250_s_at,LOC114785,0.112549789248769,9.19524503311258,3.03718815446895,0.0025977345046173,0.53573595401371,-1.6527247573238,235,True,1000,Higher in AD
TPCN2,11736837_a_at,LOC219931,0.182004182035226,4.66284437086093,3.03615267645057,0.0026064022885212,0.53573595401371,-1.65548470176685,236,True,1000,Higher in AD
GLIS2,11718471_at,LOC84662,0.153054486033112,2.76045695364238,3.03565286859416,0.0026105955842867,0.53573595401371,-1.65681656590598,237,True,1000,Higher in AD
WLS,11745018_a_at,LOC79971,0.375353797061664,5.78168543046358,3.03429560684323,0.0026220140512946,0.53573595401371,-1.66043229848366,238,True,1000,Higher in AD
ARFGAP3,11750980_a_at,LOC26286,0.104607225365351,2.53678476821192,3.03405806934582,0.0026240171350562,0.53573595401371,-1.66106494076563,239,True,1000,Higher in AD
P2RY10,11741190_a_at,LOC27334,-0.229476874541185,5.54494370860927,-3.02874273412566,0.0026692091312881,0.53573595401371,-1.67520935867822,240,True,1000,Lower in AD
REM2,11729533_s_at,LOC161253,0.157570309507345,8.87358940397351,3.0275562119005,0.0026793942809171,0.53573595401371,-1.67836359843948,241,True,1000,Higher in AD
CLIC1,11757474_x_at,LOC1192,0.0456700586396286,11.5838311258278,3.0275096393011,0.0026797947888685,0.53573595401371,-1.67848738304287,242,True,1000,Higher in AD
ZNF410,11725690_a_at,LOC57862,-0.0906239843043814,7.2309238410596,-3.02589334314174,0.0026937284795408,0.53573595401371,-1.68278220903414,243,True,1000,Lower in AD
PFN2,11753675_x_at,LOC5217,0.0969373617103326,2.55843708609272,3.02565348706386,0.0026958018798411,0.53573595401371,-1.68341937245985,244,True,1000,Higher in AD
FAM129C,11750959_x_at,LOC199786,-0.158680673448047,4.46358609271523,-3.02448546269135,0.0027059196555977,0.53573595401371,-1.68652148491318,245,True,1000,Lower in AD
SIPA1L2,11757924_s_at,LOC57568,0.265640663873499,6.89901324503311,3.02355824146234,0.0027139763385056,0.53573595401371,-1.68898325986011,246,True,1000,Higher in AD
MEGF9,11749724_a_at,LOC1955,0.166680476077312,8.28819867549669,3.0233872645484,0.0027154643707579,0.53573595401371,-1.68943712697077,247,True,1000,Higher in AD
NXPH4,11741289_s_at,LOC11247,-0.0847951864193916,3.16029801324503,-3.02329452762122,0.0027162717845142,0.53573595401371,-1.68968329192859,248,True,1000,Lower in AD
PANX2,11728043_at,LOC56666,0.239857574595902,6.58833443708609,3.01990549974844,0.0027459300133484,0.53573595401371,-1.69867443185535,249,True,1000,Higher in AD
MAPK14,11759946_at,,0.213020009511199,7.72134768211921,3.01975812333771,0.0027472264614748,0.53573595401371,-1.69906520963376,250,True,1000,Higher in AD
NT5C2,11722568_at,LOC22978,0.164387748485872,6.72600331125828,3.01804318425944,0.0027623538943982,0.53573595401371,-1.70361116661584,251,True,1000,Higher in AD
FOXD2,11740780_at,LOC2306,0.116787889948487,2.64441721854305,3.0155496303528,0.0027844859281274,0.53573595401371,-1.7102167649638,252,True,1000,Higher in AD
LOC284751,11759953_at,LOC284751,0.167963891201441,3.24859933774834,3.01495409284621,0.0027897957625973,0.53573595401371,-1.71179362987899,253,True,1000,Higher in AD
BCL6,11720745_a_at,LOC604,0.133719939418037,10.4978112582781,3.01345756205679,0.0028031799341952,0.53573595401371,-1.71575485998331,254,True,1000,Higher in AD
JUP,11716343_a_at,LOC3728,-0.30025679568107,6.11529801324503,-3.01302464221296,0.0028070627134749,0.53573595401371,-1.71690043058243,255,True,1000,Lower in AD
TREML4,11735916_a_at,LOC285852,0.498506491768994,3.37999006622517,3.01245199698924,0.0028122062470782,0.53573595401371,-1.71841549888596,256,True,1000,Higher in AD
HBG2,11755537_s_at,LOC3048,-0.37023477296156,11.2676854304636,-3.01178946246845,0.0028181679638406,0.53573595401371,-1.72016805441355,257,True,1000,Lower in AD
STEAP4,11720007_a_at,LOC79689,0.139271902301133,10.4891887417219,3.01175035215592,0.0028185202543708,0.53573595401371,-1.72027149887376,258,True,1000,Higher in AD
LIMK2,11734742_a_at,LOC3985,0.175428801730678,9.27512582781457,3.01121422512179,0.0028233535548283,0.53573595401371,-1.72168939643395,259,True,1000,Higher in AD
CD63,11744260_a_at,LOC967,0.0709636405939538,10.7134867549669,3.01088548336739,0.0028263209931151,0.53573595401371,-1.72255870441867,260,True,1000,Higher in AD
PTPRE,11739767_a_at,LOC5791,0.141344575277827,8.0182417218543,3.00808647480683,0.0028517028458071,0.53573595401371,-1.7299566636222,261,True,1000,Higher in AD
KIF3C,11717811_at,LOC3797,0.190956165624229,4.37854966887417,3.00799919786349,0.0028524976390024,0.53573595401371,-1.73018723868203,262,True,1000,Higher in AD
KIF1B,11748990_a_at,LOC23095,0.215740011554319,5.30404966887417,3.00794338245891,0.0028530060321873,0.53573595401371,-1.73033469290469,263,True,1000,Higher in AD
SLC18A2,11759609_at,LOC6571,0.178330003711972,5.64374503311258,3.00391683468636,0.0028899018352485,0.538150148810398,-1.74096535033472,264,True,1000,Higher in AD
LILRB5,11740358_a_at,LOC10990,-0.0774473342584748,2.19687417218543,-3.00347150989548,0.0028940091765942,0.538150148810398,-1.74214025253637,265,True,1000,Lower in AD
BACE2,11716345_a_at,LOC25825,-0.239374289923835,4.75698013245033,-3.00284816343086,0.0028997674507003,0.538150148810398,-1.74378455623873,266,True,1000,Lower in AD
WLS,11718760_a_at,LOC79971,0.277013600068333,6.18686754966887,3.00180257788071,0.0029094498386663,0.538150148810398,-1.74654195229498,267,True,1000,Higher in AD
CDS2,11721283_a_at,LOC8760,0.110704414703869,8.91622516556291,2.99377537463142,0.0029847773070689,0.547840428549418,-1.76768118052186,268,True,1000,Higher in AD
PITHD1,11716907_s_at,LOC57095,-0.15731857611649,11.1769933774834,-2.99288345546264,0.0029932565644766,0.547840428549418,-1.77002673263569,269,True,1000,Lower in AD
IL10,11734308_at,LOC3586,-0.076097774599706,2.43726490066225,-2.99268792564288,0.0029951183677224,0.547840428549418,-1.77054084579322,270,True,1000,Lower in AD
MKNK1,11748830_a_at,LOC8569,0.118481430342104,4.7669238410596,2.99015246117141,0.0030193569891746,0.548490533051057,-1.77720457994072,271,True,1000,Higher in AD
HBG2,11715494_s_at,LOC3048,-0.36468588642246,11.3028410596026,-2.98973464154683,0.0030233684907316,0.548490533051057,-1.77830219023852,272,True,1000,Lower in AD
OSBPL8,11718643_a_at,LOC114882,0.105158254679318,9.74859602649007,2.98883826111321,0.0030319911619272,0.548490533051057,-1.78065649302338,273,True,1000,Higher in AD
GCA,11747086_a_at,LOC25801,0.133097934040144,9.8697880794702,2.98610257613136,0.0030584464727816,0.550791196199539,-1.78783755820064,274,True,1000,Higher in AD
MSL1,11757450_s_at,LOC339287,0.11701637836202,9.7717417218543,2.98475449300829,0.0030715607124007,0.550791196199539,-1.79137395794741,275,True,1000,Higher in AD
AQP9,11725701_a_at,LOC366,0.216453416812924,7.01882450331126,2.98358252837411,0.0030830035152914,0.550791196199539,-1.79444713415726,276,True,1000,Higher in AD
DCAF12,11718038_s_at,LOC25853,-0.214872696312527,10.7967814569536,-2.98293729660058,0.0030893200774971,0.550791196199539,-1.79613860619313,277,True,1000,Lower in AD
PPM1K,11727871_at,LOC152926,-0.162913820638343,6.78875165562914,-2.98034783886481,0.0031147893218072,0.552713753400958,-1.80292340985156,278,True,1000,Lower in AD
ACAP2,11718323_at,LOC23527,0.120901673304614,7.23413907284768,2.97850648138033,0.0031330173374381,0.552713753400958,-1.80774470982209,279,True,1000,Higher in AD
RNF24,11740410_a_at,LOC11237,0.189350991540341,8.32957284768212,2.97843986742594,0.003133678592157,0.552713753400958,-1.8079190754809,280,True,1000,Higher in AD
SLC16A14,11725662_a_at,LOC151473,-0.148569187083643,2.30707947019868,-2.97504401869234,0.0031675579532445,0.55505763131102,-1.81680305370519,281,True,1000,Lower in AD
LILRA2,11749617_a_at,LOC11027,0.201750346059334,6.7391059602649,2.97401193521739,0.0031779210280711,0.55505763131102,-1.81950123541572,282,True,1000,Higher in AD
EGLN1,11753665_x_at,LOC54583,0.154884810431912,6.43261589403973,2.97265519043388,0.0031915912496499,0.55505763131102,-1.82304684632818,283,True,1000,Higher in AD
ZNF281,11729733_a_at,LOC23528,0.135067570661512,7.74850993377483,2.97238353273912,0.0031943348681469,0.55505763131102,-1.82375659315795,284,True,1000,Higher in AD
ATP6V1C1,11722182_a_at,LOC528,0.155318916394505,6.1411059602649,2.97151083449982,0.0032031633443413,0.55505763131102,-1.82603623803151,285,True,1000,Higher in AD
TPD52L1,11720704_s_at,LOC7164,0.127775759708464,2.74797350993377,2.96811347973357,0.0032377452474354,0.559088415349121,-1.83490476473209,286,True,1000,Higher in AD
SLC6A6,11750851_a_at,LOC6533,0.206568489499536,6.08594039735099,2.96153744685616,0.0033056562448352,0.5613303048669,-1.85204395886793,287,True,1000,Higher in AD
TPST1,11756374_a_at,LOC8460,0.344924244809872,5.11715894039735,2.961121476545,0.0033099955296081,0.5613303048669,-1.85312690877307,288,True,1000,Higher in AD
HBG1,11758698_x_at,LOC3047,-0.262878200053151,11.4390066225166,-2.96048935966005,0.0033165995771734,0.5613303048669,-1.8547723082565,289,True,1000,Lower in AD
C19ORF59,11725888_at,LOC199675,0.250155473344626,7.39620860927152,2.95998235879535,0.0033219051877536,0.5613303048669,-1.85609179284712,290,True,1000,Higher in AD
TIE1,11759904_x_at,,-0.079731634188814,2.21385430463576,-2.95954625227871,0.0033264751244891,0.5613303048669,-1.85722660329099,291,True,1000,Lower in AD
,11759527_at,,-0.0768607878111365,2.29744039735099,-2.95920832949052,0.0033300201553551,0.5613303048669,-1.85810581805967,292,True,1000,Lower in AD
FLT3,11737027_a_at,LOC2322,0.203522626317456,5.21679470198676,2.95918247130792,0.0033302915669623,0.5613303048669,-1.85817309255709,293,True,1000,Higher in AD
FZD4,11719012_at,LOC8322,0.0681648776982242,2.06050993377483,2.95450378944688,0.0033797343444894,0.563017803468993,-1.87033641186059,294,True,1000,Higher in AD
ACPL2,11749167_a_at,LOC92370,0.0724216697346002,2.12382450331126,2.95320406309063,0.0033935881497654,0.563017803468993,-1.87371214843096,295,True,1000,Higher in AD
TYMP,11760977_a_at,,0.145465601354447,4.30139735099338,2.9508746281836,0.0034185477224748,0.563017803468993,-1.87975882699285,296,True,1000,Higher in AD
CFLAR,11763231_at,,0.215339292280473,4.76884768211921,2.95051133391251,0.0034224554747864,0.563017803468993,-1.88070145212274,297,True,1000,Higher in AD
ELL,11728333_a_at,LOC8178,0.108745292562111,5.66769536423841,2.95009754162287,0.0034269113839143,0.563017803468993,-1.88177496982222,298,True,1000,Higher in AD
OSBPL2,11721462_at,LOC9885,0.0879350125913506,9.72449006622517,2.95001321338444,0.0034278201206454,0.563017803468993,-1.88199372858055,299,True,1000,Higher in AD
PLEKHS1,11751470_a_at,LOC79949,0.055055290732222,2.06961920529801,2.94954043190007,0.0034329189855476,0.563017803468993,-1.88322007851019,300,True,1000,Higher in AD
SLC39A1,11745745_a_at,LOC27173,0.100288496642172,3.0978178807947,2.94949200065387,0.0034334416995976,0.563017803468993,-1.88334569411668,301,True,1000,Higher in AD
PIP4K2A,11746494_x_at,LOC5305,-0.281269598184912,5.83020198675497,-2.94763127080868,0.0034535796103243,0.563017803468993,-1.88817038393679,302,True,1000,Lower in AD
CSF1R,11716993_a_at,LOC1436,-0.142448939943822,8.79324834437086,-2.94756426698968,0.0034543067762342,0.563017803468993,-1.88834406498069,303,True,1000,Lower in AD
NSMAF,11740560_x_at,LOC8439,0.0961059142229414,6.79276821192053,2.94618916683701,0.0034692611585325,0.563098510268361,-1.89190765314782,304,True,1000,Higher in AD
SVIL,11739746_s_at,LOC6840,0.154647678518436,7.12384105960265,2.94542419671354,0.0034776059132517,0.563098510268361,-1.89388940680893,305,True,1000,Higher in AD
CYP4F3 || CYP4F2,11749758_s_at,,0.258654311629998,6.59862251655629,2.94152283624827,0.0035204505749877,0.566772664750279,-1.90398887226,306,True,1000,Higher in AD
CD46,11751532_x_at,LOC4179,0.167366590110875,6.2335298013245,2.93996659097249,0.0035376754949652,0.566772664750279,-1.90801402496749,307,True,1000,Higher in AD
ABHD12B,11738559_a_at,LOC145447,0.195556533499564,4.30032450331126,2.93962404278277,0.0035414772386753,0.566772664750279,-1.90889974075944,308,True,1000,Higher in AD
HBG2,11744478_s_at,LOC3048,-0.358856740758717,11.2405728476821,-2.93645474818488,0.0035768289793787,0.566772664750279,-1.91708988945766,309,True,1000,Lower in AD
LSMEM2,11728950_at,LOC132228,-0.111047328936566,7.84960927152318,-2.93553479068618,0.0035871508470044,0.566772664750279,-1.91946570743698,310,True,1000,Lower in AD
PITHD1,11756446_a_at,LOC57095,-0.277177406281079,7.1961523178808,-2.93349207983387,0.0036101673643223,0.566772664750279,-1.92473857129579,311,True,1000,Lower in AD
CYP4F2,11727963_x_at,LOC8529,0.145594898092275,4.48640728476821,2.93021628508491,0.0036473597747492,0.566772664750279,-1.93318720951908,312,True,1000,Higher in AD
ACPL2,11753980_a_at,LOC92370,0.204046350505543,4.95845033112583,2.92900158014415,0.003661239942086,0.566772664750279,-1.93631781582145,313,True,1000,Higher in AD
DYX1C1-CCPG1 || CCPG1,11748067_a_at,,0.198611299615527,6.17172185430464,2.92854345498958,0.0036664873614034,0.566772664750279,-1.93749820537779,314,True,1000,Higher in AD
TMTC1,11755214_a_at,LOC83857,0.23724839478974,2.6629701986755,2.92810619235245,0.0036715022283994,0.566772664750279,-1.93862467958033,315,True,1000,Higher in AD
GRB10,11722160_a_at,LOC2887,0.219909271254486,6.42934768211921,2.92797593783031,0.0036729972994541,0.566772664750279,-1.93896021021106,316,True,1000,Higher in AD
SLC25A44,11719370_a_at,LOC9673,0.121754368913137,8.22740066225166,2.92770350457758,0.0036761261072868,0.566772664750279,-1.93966194246116,317,True,1000,Higher in AD
LTB4R,11731135_a_at,LOC1241,0.188568096642889,7.67619205298013,2.92642584455708,0.0036908321386158,0.566772664750279,-1.94295211488776,318,True,1000,Higher in AD
CCDC47,11743728_a_at,LOC57003,0.108374896111189,6.42403642384106,2.92567871740668,0.0036994565557834,0.566772664750279,-1.94487545811934,319,True,1000,Higher in AD
PTPRE,11746486_a_at,LOC5791,0.114648472144603,8.38307284768212,2.92398332683232,0.0037190955350122,0.566772664750279,-1.94923822271785,320,True,1000,Higher in AD
ASAP1,11755032_s_at,LOC50807,0.114735071381538,10.3051688741722,2.92336409121594,0.0037262923203987,0.566772664750279,-1.95083111543905,321,True,1000,Higher in AD
LIMK2,11757632_s_at,LOC3985,0.159716977238928,8.88490066225166,2.92191225650798,0.0037432155209495,0.566772664750279,-1.95456450476355,322,True,1000,Higher in AD
BHLHB9,11726202_s_at,LOC80823,0.209410307361115,4.51060264900662,2.92133555137458,0.0037499573018944,0.566772664750279,-1.9560470171927,323,True,1000,Higher in AD
WDFY3,11735912_a_at,LOC23001,0.237539563356023,7.5755761589404,2.92094119088762,0.0037545738265915,0.566772664750279,-1.95706062541608,324,True,1000,Higher in AD
KLHL4,11729175_at,LOC56062,-0.0764742986163925,2.75166887417219,-2.92047331932975,0.0037600576310521,0.566772664750279,-1.95826300936147,325,True,1000,Lower in AD
CHURC1,11761522_at,,-0.0648132447842962,2.08523509933775,-2.91951158288858,0.0037713528834218,0.566772664750279,-1.96073400937631,326,True,1000,Lower in AD
DEFB126,11758715_s_at,LOC81623,-0.0467330251597839,2.04412913907285,-2.91950771827586,0.0037713983343756,0.566772664750279,-1.96074393722616,327,True,1000,Lower in AD
BNIP1,11718187_a_at,LOC662,-0.137955589885258,4.88934105960265,-2.91877221322691,0.003780057579347,0.566772664750279,-1.96263316020151,328,True,1000,Lower in AD
PFDN4,11720950_at,LOC5203,-0.165376636262355,2.82431125827815,-2.91857922297782,0.0037823326968704,0.566772664750279,-1.96312880213485,329,True,1000,Lower in AD
LRRC41,11747650_a_at,LOC10489,-0.11069664887829,4.6001357615894,-2.91799766349105,0.0037891961323538,0.566772664750279,-1.96462219022859,330,True,1000,Lower in AD
HMHA1,11747019_a_at,LOC23526,0.100128768794732,4.60950993377483,2.91719540595578,0.0037986828662443,0.566772664750279,-1.96668185056372,331,True,1000,Higher in AD
CARD6,11728617_at,LOC84674,0.140184962390765,7.42791390728477,2.91605086623581,0.0038122546532894,0.56708436237155,-1.96961934146183,332,True,1000,Higher in AD
DMD,11732965_a_at,LOC1756,-0.0825901613995459,3.23225165562914,-2.91483504835249,0.0038267201371567,0.567526728809676,-1.97273858338431,333,True,1000,Lower in AD
PXDNL,11733408_a_at,LOC137902,-0.0731919430415657,2.42799006622517,-2.91357119613288,0.0038418102368702,0.568058803467282,-1.97597976428369,334,True,1000,Lower in AD
RPL36AP33,11760828_at,LOC100191039,0.0555042269190834,1.95779801324503,2.9122748936832,0.0038573442112912,0.568653137966649,-1.97930279258496,335,True,1000,Higher in AD
ARL17B,11759466_x_at,LOC100506084,-0.124746784006245,3.32311258278146,-2.90930376959968,0.0038931646450959,0.570530248309763,-1.98691392815957,336,True,1000,Lower in AD
HIP1R,11722494_s_at,LOC9026,-0.173165071329711,7.10906622516556,-2.90850000541087,0.0039029070264944,0.570530248309763,-1.98897167812953,337,True,1000,Lower in AD
SVIL,11728499_x_at,LOC6840,0.147309000931059,9.43606291390729,2.90834942969024,0.0039047346197039,0.570530248309763,-1.98935711383768,338,True,1000,Higher in AD
CYP4F3 || CYP4F2,11733296_s_at,,0.232611349294542,6.76345033112583,2.90614848818686,0.0039315375721196,0.571562570101075,-1.99498882616816,339,True,1000,Higher in AD
ABCA1,11739503_at,,0.277718341440738,7.26466556291391,2.90538097272329,0.0039409237546636,0.571562570101075,-1.99695178260669,340,True,1000,Higher in AD
MAPK13,11721540_a_at,LOC5603,0.117565849349774,5.34605960264901,2.90363947904377,0.0039622969124485,0.571562570101075,-2.00140392617404,341,True,1000,Higher in AD
PLIN4,11727310_a_at,LOC729359,0.17807876393254,4.28703311258278,2.9023874457579,0.0039777282846164,0.571562570101075,-2.00460320957631,342,True,1000,Higher in AD
MAPK14,11749297_a_at,LOC1432,0.208781685052449,7.85520529801324,2.90218688402731,0.0039802053078212,0.571562570101075,-2.00511557847223,343,True,1000,Higher in AD
MKRN1,11754758_a_at,LOC23608,-0.229559372004443,9.44581125827815,-2.90210313093977,0.0039812401108567,0.571562570101075,-2.0053295300622,344,True,1000,Lower in AD
KDM5D,11755369_a_at,LOC8284,-0.125407494333931,4.56278145695364,-2.90080118393585,0.0039973577911939,0.572200748396136,-2.00865467454219,345,True,1000,Lower in AD
HCAR2 || HCAR3,11724835_s_at,,0.234473517810797,6.40709602649007,2.89987515367662,0.0040088579545835,0.572200748396136,-2.01101888214547,346,True,1000,Higher in AD
COL13A1,11730533_a_at,LOC1305,0.127722718533136,3.19130794701987,2.89828237661873,0.0040287089342553,0.572749079399989,-2.01508367195127,347,True,1000,Higher in AD
FCRL1,11736880_x_at,LOC115350,-0.254307967443597,5.54292052980132,-2.89691470349852,0.0040458259353466,0.572749079399989,-2.01857231776438,348,True,1000,Lower in AD
APAF1,11741241_a_at,LOC317,0.184293174085454,5.26551324503311,2.89678188265666,0.0040474917731866,0.572749079399989,-2.01891103325382,349,True,1000,Higher in AD
RNF24,11729248_a_at,LOC11237,0.171812873830741,7.39166225165563,2.89451745643247,0.0040759886236428,0.575133640477791,-2.02468345433754,350,True,1000,Higher in AD
GNN*,11748305_s_at,LOC253724,-0.0656635851377301,1.99600993377483,-2.89122624614855,0.0041177334957777,0.579368622286264,-2.03306576013729,351,True,1000,Lower in AD
ABCD4,11718612_a_at,LOC5826,-0.096822321926198,6.16580132450331,-2.88982773953872,0.0041355895452367,0.580227912730292,-2.03662486841835,352,True,1000,Lower in AD
,11762439_at,,0.0593553421018877,2.26334768211921,2.8876475948759,0.0041635663761214,0.580948719753316,-2.0421699642471,353,True,1000,Higher in AD
MKRN1,11718558_s_at,LOC23608,-0.211802896149943,10.0595562913907,-2.88749723378716,0.0041655022401735,0.580948719753316,-2.04255225553126,354,True,1000,Lower in AD
CASP4,11760222_x_at,,0.0912472631158155,9.29180132450331,2.88538694900783,0.0041927583909018,0.580948719753316,-2.04791565393228,355,True,1000,Higher in AD
ATP11B,11760465_a_at,LOC23200,0.0964783997074846,7.88157284768212,2.88364242079749,0.0042154131375487,0.580948719753316,-2.05234667787712,356,True,1000,Higher in AD
IL18BP,11726928_s_at,LOC10068,-0.134537800791162,6.77571854304636,-2.8835563313129,0.0042165339944704,0.580948719753316,-2.05256527605787,357,True,1000,Lower in AD
PLD4,11727925_a_at,LOC122618,-0.186393895788771,3.96753642384106,-2.88316217749113,0.004221669218522,0.580948719753316,-2.05356603194435,358,True,1000,Lower in AD
DOK3,11726473_a_at,LOC79930,0.136259226753678,10.2816953642384,2.88305465047799,0.0042230711211971,0.580948719753316,-2.05383902050419,359,True,1000,Higher in AD
TENM2,11739857_at,LOC57451,-0.0546861702740151,2.20304966887417,-2.88204468309583,0.0042362594789762,0.581144196190889,-2.05640264859071,360,True,1000,Lower in AD
FAM101B,11724993_at,LOC359845,0.101194781079129,10.8124039735099,2.88059417984764,0.0042552661257068,0.582134550925648,-2.06008302259726,361,True,1000,Higher in AD
ENTPD1,11724008_a_at,LOC953,0.12534559541837,9.00412582781457,2.87844720644703,0.0042835416492528,0.584383944447515,-2.06552735628192,362,True,1000,Higher in AD
MAFG,11758538_s_at,LOC4097,0.12126295455846,5.20555298013245,2.87753976925353,0.0042955439446831,0.584406978655989,-2.06782730341037,363,True,1000,Higher in AD
SNED1,11739511_a_at,LOC25992,-0.103066008929197,3.54056291390728,-2.86867321279404,0.0044144411515549,0.597362243624339,-2.09026413991687,364,True,1000,Lower in AD
PSMB11,11740519_at,LOC122706,0.0684417370627329,2.64786092715232,2.86863499313387,0.0044149600883425,0.597362243624339,-2.09036071375669,365,True,1000,Higher in AD
RASGRP4,11737425_x_at,LOC115727,0.074391195420309,10.912798013245,2.86532417473489,0.0044601249893507,0.601824406349931,-2.0987219271643,366,True,1000,Higher in AD
ENTPD1,11724007_s_at,LOC953,0.216432542784181,7.02564900662252,2.86210610034664,0.0045044275639176,0.606146211639331,-2.1068402101415,367,True,1000,Higher in AD
ACTR3,11751141_a_at,LOC10096,0.0803186499860109,9.27740066225166,2.86115507881454,0.0045175965747981,0.606266370768973,-2.10923772153514,368,True,1000,Higher in AD
GK,11732433_s_at,LOC2710,0.167249327199978,9.30234437086093,2.86000659176853,0.0045335466572077,0.606758090007754,-2.11213204043148,369,True,1000,Higher in AD
INTS2,11733457_at,LOC57508,-0.112370718293063,2.50074834437086,-2.85440635519917,0.0046120591977194,0.60767232630598,-2.12622959859538,370,True,1000,Lower in AD
SORCS1,11740575_a_at,LOC114815,0.0480871983041709,1.88781456953642,2.85336569135493,0.0046267844117085,0.60767232630598,-2.12884640950806,371,True,1000,Higher in AD
GID4,11726409_a_at,LOC79018,-0.173329378697511,7.18065894039735,-2.85330261774906,0.0046276782660542,0.60767232630598,-2.12900498293822,372,True,1000,Lower in AD
ZSWIM7,11725195_a_at,LOC125150,-0.257120640938041,5.1933178807947,-2.85281221887957,0.0046346333688104,0.60767232630598,-2.13023778269988,373,True,1000,Lower in AD
C17ORF105,11743646_at,LOC284067,-0.0591471508372199,2.08242715231788,-2.85168520426233,0.0046506533668838,0.60767232630598,-2.13307019616522,374,True,1000,Lower in AD
KCNJ15,11732454_at,LOC3772,0.239336510275947,8.06185099337748,2.85118966963252,0.0046577131007631,0.60767232630598,-2.13431524024379,375,True,1000,Higher in AD
HLF,11724271_a_at,LOC3131,0.0931640605428926,2.73688741721854,2.84971696869049,0.0046787518259973,0.60767232630598,-2.13801423785222,376,True,1000,Higher in AD
MKRN1,11745175_a_at,LOC23608,-0.156958754720611,10.6898708609272,-2.84966818109271,0.0046794502736857,0.60767232630598,-2.13813674733596,377,True,1000,Lower in AD
CYP4F3,11749605_x_at,LOC4051,0.24384504168432,7.01781456953642,2.84950777240667,0.0046817473678125,0.60767232630598,-2.13853953219602,378,True,1000,Higher in AD
STX3,11719534_a_at,LOC6809,0.130097539661716,9.00362582781457,2.84931759229527,0.0046844721257545,0.60767232630598,-2.13901704517813,379,True,1000,Higher in AD
GBA,11753440_x_at,LOC2629,0.146556068851395,5.861,2.8493098847899,0.0046845825835245,0.60767232630598,-2.13903639690444,380,True,1000,Higher in AD
PXN,11749054_x_at,LOC5829,0.120256222212989,5.59822516556291,2.84850642259808,0.0046961101655182,0.60767232630598,-2.14105343023641,381,True,1000,Higher in AD
IFITM2,11754061_x_at,LOC10581,0.0371109834248832,12.2759039735099,2.846341214522,0.0047273038424388,0.60767232630598,-2.14648635908418,382,True,1000,Higher in AD
KIAA1671,11720295_x_at,LOC85379,-0.053478222419557,2.11191721854305,-2.84631669116002,0.0047276582221267,0.60767232630598,-2.14654787068278,383,True,1000,Lower in AD
IQCD,11738889_at,LOC115811,0.144341546043051,3.19579470198675,2.84351888678601,0.0047682474619088,0.60767232630598,-2.15356228488214,384,True,1000,Higher in AD
A2ML1,11749650_x_at,LOC144568,-0.0606803721011558,2.19672185430464,-2.84268916630693,0.0047803454515842,0.60767232630598,-2.15564123884008,385,True,1000,Lower in AD
FAM46C,11739338_at,LOC54855,-0.391579964675722,8.56154635761589,-2.84053085338879,0.0048119462580447,0.60767232630598,-2.16104644594524,386,True,1000,Lower in AD
LRRC4,11726060_at,LOC64101,0.214851200634575,7.20790728476821,2.84051741514466,0.0048121436069742,0.60767232630598,-2.16108008811646,387,True,1000,Higher in AD
RNF125,11730477_at,LOC54941,-0.199748826386432,5.94300993377483,-2.83900421772661,0.0048344129828436,0.60767232630598,-2.16486736511903,388,True,1000,Lower in AD
FGFR1OP2,11744747_a_at,LOC26127,-0.273351389113732,7.68932450331126,-2.83789575580492,0.0048507853819678,0.60767232630598,-2.16764045063729,389,True,1000,Lower in AD
RCN3,11744298_at,LOC57333,0.211366044691367,6.07404635761589,2.83789132228762,0.0048508509677908,0.60767232630598,-2.16765154010333,390,True,1000,Higher in AD
SLITRK3,11759696_a_at,LOC22865,0.0565692537758773,2.05220198675497,2.83786105622183,0.0048512987207148,0.60767232630598,-2.16772724355747,391,True,1000,Higher in AD
RTN3,11720303_s_at,LOC10313,0.0782915001416983,11.0241125827815,2.83660746343635,0.0048698772828313,0.60767232630598,-2.17086214287576,392,True,1000,Higher in AD
GYG1,11750078_a_at,LOC2992,0.127306208857485,5.53296357615894,2.8357484103503,0.0048826459950795,0.60767232630598,-2.173009650287,393,True,1000,Higher in AD
TNFSF15,11736958_at,LOC9966,-0.0643822255710905,2.43982781456954,-2.83557220716649,0.0048852687862405,0.60767232630598,-2.17345005676172,394,True,1000,Lower in AD
ITLN1,11723027_at,LOC55600,-0.37502058713475,5.3613178807947,-2.83510487281376,0.0048922312808685,0.60767232630598,-2.17461799853353,395,True,1000,Lower in AD
RTN3,11750387_a_at,LOC10313,0.139573443828616,8.96133112582782,2.83484201327366,0.0048961514080995,0.60767232630598,-2.17527484596681,396,True,1000,Higher in AD
PXN,11736018_x_at,LOC5829,0.130232815345893,5.76903973509934,2.83438784434701,0.0049029313371802,0.60767232630598,-2.17640961219503,397,True,1000,Higher in AD
CASP4,11760221_at,,0.180982369150153,8.44691059602649,2.83386903254117,0.0049106867114991,0.60767232630598,-2.17770568250441,398,True,1000,Higher in AD
FRY,11726384_at,LOC10129,0.17243423321093,8.62977814569537,2.83372550404311,0.0049128341924294,0.60767232630598,-2.17806419888802,399,True,1000,Higher in AD
ACTR8,11742953_at,LOC93973,0.17493296262648,5.26504966887417,2.83263412756248,0.0049291913707918,0.60767232630598,-2.18078976195116,400,True,1000,Higher in AD
TTTY6B || TTTY6,11753642_x_at,,-0.0703005111273389,2.28524834437086,-2.8320272277223,0.004938308782186,0.60767232630598,-2.18230498278225,401,True,1000,Lower in AD
SON,11724655_at,LOC6651,0.14255243805321,5.44749337748344,2.8314876535379,0.0049464276348561,0.60767232630598,-2.1836518574736,402,True,1000,Higher in AD
STAT5B,11720228_at,LOC6777,0.054927999146089,10.3464470198675,2.82964054544271,0.0049743125965544,0.608618844109971,-2.18826074111571,403,True,1000,Higher in AD
RHOBTB2,11720233_a_at,LOC23221,-0.0940441681227441,3.56046357615894,-2.82934551979754,0.0049787796748152,0.608618844109971,-2.18899662318642,404,True,1000,Lower in AD
KDM5D,11726814_x_at,LOC8284,-0.113665348136761,5.65107947019868,-2.827177401986,0.0050117198495075,0.610791648264853,-2.19440233690713,405,True,1000,Lower in AD
UBE2Z,11716650_a_at,LOC65264,-0.0642956943316094,8.27909602649007,-2.82654994847388,0.0050212896204497,0.610791648264853,-2.1959660219002,406,True,1000,Lower in AD
PPFIA1,11717877_a_at,LOC8500,0.119442259149589,7.58562582781457,2.82267575904507,0.0050807465095064,0.614565201747208,-2.20561368921865,407,True,1000,Higher in AD
CARTPT,11729791_at,LOC9607,-0.0434409241957524,1.9419701986755,-2.82211951616113,0.0050893354361652,0.614565201747208,-2.20699784374485,408,True,1000,Lower in AD
MME,11747693_a_at,LOC4311,0.222658585983413,7.42912913907285,2.82190449532334,0.0050926590986233,0.614565201747208,-2.20753283253981,409,True,1000,Higher in AD
EPB41L2,11722358_a_at,LOC2037,-0.101114002830728,2.65329801324503,-2.82062075539605,0.005112543437373,0.614565201747208,-2.21072607864357,410,True,1000,Lower in AD
CYP4F3 || CYP4F2,11749604_s_at,,0.235220990776011,6.72896026490066,2.81953484550324,0.0051294185416692,0.614565201747208,-2.21342616127295,411,True,1000,Higher in AD
NABP1,11726727_a_at,LOC64859,0.194671548256225,7.48203311258278,2.81949478683366,0.0051300420222572,0.614565201747208,-2.21352574720546,412,True,1000,Higher in AD
TMEM159,11734802_x_at,LOC57146,-0.190914684367642,6.09944701986755,-2.8188470824018,0.0051401325734601,0.614565201747208,-2.21513575645782,413,True,1000,Lower in AD
ERGIC1,11749796_a_at,LOC57222,0.162968272764511,5.92381456953642,2.81809545246121,0.0051518647698405,0.614565201747208,-2.21700365758717,414,True,1000,Higher in AD
BACE2,11758486_s_at,LOC25825,-0.239975382076622,5.79283112582781,-2.81652686380495,0.0051764272540434,0.616007316549849,-2.22090029691412,415,True,1000,Lower in AD
LINC00266-1 || LINC01000,11758331_s_at,,0.33657477007796,6.51618874172185,2.81427035303797,0.0052119484499163,0.616751318724443,-2.22650226081189,416,True,1000,Higher in AD
DPCD,11719122_at,LOC25911,-0.246785755882601,5.32781456953642,-2.81284028550397,0.0052345745019378,0.616751318724443,-2.23005032180829,417,True,1000,Lower in AD
TREML4,11735915_a_at,LOC285852,0.190982351280919,4.23287748344371,2.81165254968475,0.0052534342161205,0.616751318724443,-2.23299585350574,418,True,1000,Higher in AD
IFITM2,11757436_x_at,LOC10581,0.0415193432710428,12.1824933774834,2.81086534360808,0.0052659680051545,0.616751318724443,-2.23494744250906,419,True,1000,Higher in AD
CDHR1,11762000_at,LOC92211,0.0772204454379818,2.16831456953642,2.81035404094332,0.0052741234336342,0.616751318724443,-2.236214753852,420,True,1000,Higher in AD
KAZN,11719884_s_at,LOC23254,0.226880707695592,3.51070529801324,2.81024996941328,0.0052757848090314,0.616751318724443,-2.23647267819765,421,True,1000,Higher in AD
CD63,11757417_x_at,LOC967,0.0690549401722627,10.7154834437086,2.80900269962429,0.005295732953857,0.616751318724443,-2.23956313197427,422,True,1000,Higher in AD
BLNK,11728530_a_at,LOC29760,-0.229447519780664,6.89596688741722,-2.80891771751758,0.0052970945989936,0.616751318724443,-2.23977365139241,423,True,1000,Lower in AD
IGF2R,11753961_a_at,LOC3482,0.219719901172441,6.64809602649007,2.80770739731674,0.0053165217545377,0.616751318724443,-2.24277122901536,424,True,1000,Higher in AD
CNOT8,11746336_a_at,LOC9337,0.0847893126693108,6.62627152317881,2.80716271209352,0.0053252857174141,0.616751318724443,-2.24411984299705,425,True,1000,Higher in AD
,11760722_at,,0.0925681831653536,2.42620529801325,2.80645762248676,0.0053366500532982,0.616751318724443,-2.24586524364649,426,True,1000,Higher in AD
PGS1,11724793_s_at,LOC9489,0.132062712380672,8.87617218543046,2.80354169930277,0.0053838817767883,0.616751318724443,-2.25307901550224,427,True,1000,Higher in AD
RGL2,11748487_a_at,LOC5863,0.141753003051558,4.67996026490066,2.80309156827507,0.0053912066417724,0.616751318724443,-2.25419197468394,428,True,1000,Higher in AD
GLT1D1,11722945_a_at,LOC144423,0.15607347110857,9.56372185430464,2.80261362303029,0.0053989940177488,0.616751318724443,-2.25537352049599,429,True,1000,Higher in AD
OGN,11742820_s_at,LOC4969,0.0597928074406182,2.05385430463576,2.80239104533634,0.0054026240581297,0.616751318724443,-2.25592369799405,430,True,1000,Higher in AD
MYBPC3,11725151_at,LOC4607,0.183542182289258,5.31264569536424,2.80100891144887,0.0054252150260963,0.616751318724443,-2.25933919499287,431,True,1000,Higher in AD
FCGR3A || FCGR3B,11733005_at,LOC2215,0.0836826000144468,11.5844304635762,2.79995182646404,0.0054425508781927,0.616751318724443,-2.26195036522016,432,True,1000,Higher in AD
WDR27,11755793_a_at,LOC253769,-0.151984396835351,3.45257284768212,-2.79965889618821,0.0054473637251746,0.616751318724443,-2.26267378554333,433,True,1000,Lower in AD
KCNJ15,11732455_at,LOC3772,0.178671784159179,9.93138741721854,2.79881695880749,0.0054612182690527,0.616751318724443,-2.264752635431,434,True,1000,Higher in AD
BASP1,11757817_s_at,LOC10409,0.0449953388875319,12.2057317880795,2.79855302423393,0.0054655680347181,0.616751318724443,-2.2654042017421,435,True,1000,Higher in AD
SKAP2,11749275_a_at,LOC8935,0.194876483155208,6.21080794701987,2.79854153831638,0.0054657573993751,0.616751318724443,-2.26543255531913,436,True,1000,Higher in AD
RMND5A,11751446_a_at,LOC64795,-0.166873893640893,7.01654966887417,-2.79812906058841,0.0054725617340878,0.616751318724443,-2.26645070494222,437,True,1000,Lower in AD
DNAJC4,11759530_s_at,LOC3338,-0.0653749798232756,2.35380132450331,-2.79688697183564,0.0054930979730582,0.616751318724443,-2.26951578970556,438,True,1000,Lower in AD
ZNF630,11746268_a_at,LOC57232,0.137390609667999,2.45055298013245,2.79678131133175,0.0054948481471425,0.616751318724443,-2.26977646732734,439,True,1000,Higher in AD
RFPL3 || RFPL2,11734460_s_at,,0.205883082772213,3.49074834437086,2.7957111399458,0.005512603129954,0.616751318724443,-2.27241618936783,440,True,1000,Higher in AD
GLRX5,11721675_x_at,LOC51218,-0.272678572450765,9.30701324503311,-2.79533615899859,0.0055188366585093,0.616751318724443,-2.27334090475491,441,True,1000,Lower in AD
CXCR1,11751323_a_at,LOC3577,0.151317416136381,9.51717880794702,2.79527429903278,0.0055198656071802,0.616751318724443,-2.27349344221691,442,True,1000,Higher in AD
ENSA,11758186_s_at,LOC2029,-0.194098381257633,5.47933443708609,-2.79289363850462,0.0055595968042817,0.618936070514303,-2.27936137458482,443,True,1000,Lower in AD
NMI,11718158_a_at,LOC9111,0.134352478215406,8.4731059602649,2.79260185801357,0.0055644841717966,0.618936070514303,-2.28008024018492,444,True,1000,Higher in AD
FCGR2A,11724769_x_at,LOC2212,0.0848969648263695,10.826738410596,2.7911316649301,0.0055891694561521,0.619445946630903,-2.2837013060514,445,True,1000,Higher in AD
TLN2,11724566_a_at,LOC83660,-0.0746929186887947,3.07664569536424,-2.79072375242216,0.0055960360890349,0.619445946630903,-2.28470566994744,446,True,1000,Lower in AD
NCF2,11741153_a_at,LOC4688,0.104117153716785,10.6071589403974,2.78881945477048,0.0056281935806294,0.619445946630903,-2.28939260523579,447,True,1000,Higher in AD
C17ORF82,11738243_at,LOC388407,0.0914707672837157,4.10546026490066,2.7874020246918,0.0056522381032683,0.619445946630903,-2.29287928042854,448,True,1000,Higher in AD
PGM1,11748423_a_at,LOC5236,0.108146634668695,6.53815894039735,2.78712436559037,0.0056569590568441,0.619445946630903,-2.29356208597941,449,True,1000,Higher in AD
PGLYRP1,11732642_at,LOC8993,0.274877468604687,6.7023642384106,2.78690997082186,0.005660606791574,0.619445946630903,-2.29408927104826,450,True,1000,Higher in AD
STEAP4,11720008_a_at,LOC79689,0.223351190015562,7.75793377483444,2.78675347332581,0.00566327080233,0.619445946630903,-2.29447406568801,451,True,1000,Higher in AD
TLR8,11726948_at,LOC51311,0.155225701815149,8.73862251655629,2.78639297796693,0.0056694117336323,0.619445946630903,-2.2953603707805,452,True,1000,Higher in AD
RFWD2,11758554_s_at,LOC64326,0.0758409866489992,9.6376821192053,2.78521586182384,0.0056895056161302,0.620225900211872,-2.29825364556491,453,True,1000,Higher in AD
ABCG1,11750659_a_at,LOC9619,0.190263412759595,6.0007119205298,2.78450522914475,0.0057016676526989,0.620225900211872,-2.29999977533509,454,True,1000,Higher in AD
STAT5B,11720229_a_at,LOC6777,0.193555654955359,6.34767218543046,2.78285222765505,0.0057300489555817,0.621943291693102,-2.30405981652789,455,True,1000,Higher in AD
SMAD4,11750827_a_at,LOC4089,0.103399513388749,2.59309602649007,2.78205732183962,0.0057437426755693,0.622062446876468,-2.30601142380183,456,True,1000,Higher in AD
NAIP,11736898_s_at,LOC4671,0.197129496602544,8.99957947019868,2.78016072300871,0.005776534970896,0.623023340435706,-2.310665716923,457,True,1000,Higher in AD
NXPE2,11742275_at,LOC120406,-0.055617313947262,2.07783774834437,-2.77939098964682,0.0057898920323902,0.623023340435706,-2.31255380310861,458,True,1000,Lower in AD
PROK2,11732808_a_at,LOC60675,0.258894257663302,5.61916225165563,2.77935822988054,0.0057904611278497,0.623023340435706,-2.31263414888699,459,True,1000,Higher in AD
NMI,11718159_at,LOC9111,0.116798881547144,9.48648344370861,2.77704637512247,0.0058307503933006,0.625834314727863,-2.3183018858643,460,True,1000,Higher in AD
MME,11755860_a_at,LOC4311,0.242621609477162,6.98286754966887,2.77640736485796,0.0058419312981319,0.625834314727863,-2.31986769554126,461,True,1000,Higher in AD
UBXN2B,11719878_at,LOC137886,0.133144607945965,8.56127814569536,2.77364892377453,0.0058904195958724,0.629662905112031,-2.32662298075797,462,True,1000,Higher in AD
WDFY3,11743469_a_at,LOC23001,0.234098464072161,7.12158609271523,2.77200947108584,0.0059194105814392,0.629839064111046,-2.33063491214928,463,True,1000,Higher in AD
TXNRD1,11750416_a_at,LOC7296,0.147299647358406,3.87690728476821,2.77189060666776,0.0059215175166627,0.629839064111046,-2.33092570003675,464,True,1000,Higher in AD
LOC101929809 || LILRB3,11729721_s_at,,0.0845374942906335,11.2345761589404,2.77076969983273,0.0059414196180411,0.629839064111046,-2.3336672878067,465,True,1000,Higher in AD
NF1,11763560_a_at,LOC4763,0.114291041406368,4.07896357615894,2.77067627655879,0.0059430811135898,0.629839064111046,-2.33389574128514,466,True,1000,Higher in AD
MYO16,11738618_a_at,LOC23026,0.208056771569126,3.13726490066225,2.76769499458416,0.0059963234952481,0.633869439108681,-2.34118222339889,467,True,1000,Higher in AD
FCGR2A || FCGR2C,11724768_s_at,,0.0896892079413285,10.7240264900662,2.76522769898238,0.0060407128789477,0.633869439108681,-2.34720687505363,468,True,1000,Higher in AD
PGS1,11747580_a_at,LOC9489,0.146671564752343,3.34576158940397,2.76338930877569,0.006073980748983,0.633869439108681,-2.35169256044935,469,True,1000,Higher in AD
ALDH1L1,11761771_a_at,,-0.0895838277382849,3.56719205298013,-2.7632692280615,0.006076159513008,0.633869439108681,-2.35198546012628,470,True,1000,Lower in AD
UBXN4,11751000_a_at,LOC23190,0.0940101831031287,7.51465894039735,2.76305259255283,0.0060800919725474,0.633869439108681,-2.35251384485229,471,True,1000,Higher in AD
LOC100506257,11761432_at,LOC100506257,-0.0664113357465079,3.03879139072848,-2.76264486291351,0.0060874995029766,0.633869439108681,-2.35350821138489,472,True,1000,Lower in AD
DICER1,11757970_s_at,LOC23405,0.116607796625104,9.188,2.76232468326519,0.0060933221724746,0.633869439108681,-2.35428896470841,473,True,1000,Higher in AD
ALOX5AP,11719479_at,LOC241,0.0750487216478655,11.4736953642384,2.76232160719124,0.0060933781372677,0.633869439108681,-2.35429646525414,474,True,1000,Higher in AD
NUMB,11763382_a_at,,0.113277164307287,9.12261920529801,2.76022041389348,0.006131715251937,0.633869439108681,-2.35941806523316,475,True,1000,Higher in AD
MME,11741562_a_at,LOC4311,0.151358622536634,10.6021986754967,2.75884502582368,0.0061569278410349,0.633869439108681,-2.36276853952627,476,True,1000,Higher in AD
DNAJB12,11757760_s_at,LOC54788,0.10335092490179,8.43127483443709,2.75852655825735,0.0061627791122078,0.633869439108681,-2.3635441080602,477,True,1000,Higher in AD
LINC00494,11746308_a_at,LOC284749,-0.314284455468832,5.2252119205298,-2.75807710455124,0.0061710455822355,0.633869439108681,-2.36463852490845,478,True,1000,Lower in AD
KBTBD2,11716604_a_at,LOC25948,0.187306176624803,4.53815231788079,2.75803730797018,0.0061717780147286,0.633869439108681,-2.36473542119672,479,True,1000,Higher in AD
WDFY3,11743470_a_at,LOC23001,0.206392981170444,6.16895364238411,2.75762031143403,0.0061794573211278,0.633869439108681,-2.36575064037276,480,True,1000,Higher in AD
UBE2O,11743992_at,LOC63893,-0.266690470881408,5.63259271523179,-2.7572817304444,0.0061856989055327,0.633869439108681,-2.36657484237894,481,True,1000,Lower in AD
FIGLA,11735959_at,LOC344018,-0.0752443243916971,2.70984105960265,-2.7569495853572,0.0061918273898474,0.633869439108681,-2.36738328457745,482,True,1000,Lower in AD
REM2,11729532_at,LOC161253,0.100208275547021,3.01891721854305,2.75643021859446,0.0062014213572824,0.633869439108681,-2.36864724030941,483,True,1000,Higher in AD
LTBR,11746908_a_at,LOC4055,0.119676200543468,5.42537748344371,2.75585075871549,0.00621214126531,0.633869439108681,-2.37005717570101,484,True,1000,Higher in AD
SIPA1L2,11744184_a_at,LOC57568,0.246149155300281,6.91122847682119,2.75440644377166,0.0062389338627658,0.634676742578094,-2.37357024658687,485,True,1000,Higher in AD
FKBP5,11739565_a_at,LOC2289,0.236766692837584,6.06975165562914,2.75403958739331,0.0062457558193203,0.634676742578094,-2.37446229011035,486,True,1000,Higher in AD
FCGRT,11759399_x_at,,0.0957928481709424,3.07142052980132,2.75148615893452,0.0062934259141653,0.637399673498891,-2.38066806224666,487,True,1000,Higher in AD
LAT2,11724237_a_at,LOC7462,0.105311651738739,8.7095,2.74951635874766,0.006330424840504,0.637399673498891,-2.38545168193324,488,True,1000,Higher in AD
1-Mar,11731778_a_at,LOC64757,0.19188678505175,8.06009271523179,2.74833829033347,0.0063526465082768,0.637399673498891,-2.38831104834232,489,True,1000,Higher in AD
SNX13,11750607_a_at,LOC23161,0.177671674303168,5.02400331125828,2.74821476448161,0.0063549806334428,0.637399673498891,-2.38861079881259,490,True,1000,Higher in AD
CR1,11733587_a_at,LOC1378,0.158867506518324,8.76139735099338,2.7479568376609,0.0063598568791422,0.637399673498891,-2.38923664845022,491,True,1000,Higher in AD
TCF3,11717959_a_at,LOC6929,-0.128310263150864,7.84247682119205,-2.74719244229706,0.0063743280672771,0.637399673498891,-2.39109109837229,492,True,1000,Lower in AD
ZPBP2,11725873_a_at,LOC124626,-0.0737720924999648,2.13904304635762,-2.74697938420156,0.006378366890404,0.637399673498891,-2.39160789778578,493,True,1000,Lower in AD
LOC100093631 || GTF2I || GTF2IP1,11745718_s_at,,0.0736552019989034,10.1668609271523,2.74649515777868,0.0063875547080468,0.637399673498891,-2.39278230930752,494,True,1000,Higher in AD
NBEAL2,11752154_x_at,LOC23218,0.155546370739332,5.12271854304636,2.74643430816361,0.006388710128011,0.637399673498891,-2.39292987618287,495,True,1000,Higher in AD
NMI,11746028_x_at,LOC9111,0.13212104214061,7.37810264900662,2.74319607409791,0.0064504714502029,0.642264078709116,-2.40077847993703,496,True,1000,Higher in AD
NABP1,11726725_a_at,LOC64859,0.185151757013969,8.16321523178808,2.74108377284431,0.0064910487731618,0.64400184793777,-2.40589340512075,497,True,1000,Higher in AD
GMPR,11720202_at,LOC2766,-0.321676719553454,8.77640728476821,-2.74093036104391,0.0064940047842102,0.64400184793777,-2.40626474566607,498,True,1000,Lower in AD
GCA,11736091_s_at,LOC25801,0.119649263292653,10.398678807947,2.73923707182589,0.0065267128196843,0.645948375376615,-2.41036212590881,499,True,1000,Higher in AD
ALDH5A1,11719359_a_at,LOC7915,-0.271310707210413,6.31587417218543,-2.73600049634877,0.006589646030219,0.648535847330337,-2.4181872446522,500,True,1000,Lower in AD
CHRNA3,11759134_a_at,,0.0718634721768432,2.45843046357616,2.73553278050685,0.0065987856881826,0.648535847330337,-2.41931732435876,501,True,1000,Higher in AD
MSL1,11728989_a_at,LOC339287,0.128239412772815,8.78743377483444,2.73540432535241,0.0066012978409928,0.648535847330337,-2.41962766148757,502,True,1000,Higher in AD
TMEM41A,11719341_s_at,LOC90407,-0.152961254702492,5.47745695364238,-2.73519544183221,0.0066053847488591,0.648535847330337,-2.42013227750438,503,True,1000,Lower in AD
GPR3,11728614_at,LOC2827,-0.0930413193789715,3.84796026490066,-2.73350366983012,0.006638569438438,0.649949676430124,-2.42421787737965,504,True,1000,Lower in AD
ZNF713,11738346_at,LOC349075,-0.0964009027027406,1.96352649006623,-2.73256866651545,0.0066569744170311,0.649949676430124,-2.42647486735027,505,True,1000,Lower in AD
SGCG,11731114_a_at,LOC6445,0.0538240757328782,2.31488741721854,2.73245238758911,0.0066592665183178,0.649949676430124,-2.42675550013863,506,True,1000,Higher in AD
MPZL3,11761779_a_at,LOC196264,0.158402462660783,3.97290066225166,2.73079427430943,0.006692029079407,0.651859069261527,-2.43075603520367,507,True,1000,Higher in AD
CKM,11742943_a_at,LOC1158,-0.0707609095455283,2.17530794701987,-2.72855116021425,0.0067365823852846,0.654907200156822,-2.43616434463722,508,True,1000,Lower in AD
MKRN1,11728691_a_at,LOC23608,-0.145653801747092,10.6287516556291,-2.72718641012059,0.006763820330779,0.656263321917203,-2.4394527963166,509,True,1000,Lower in AD
MAN2B2,11752109_a_at,LOC23324,0.0839942877017471,2.71914900662252,2.72568530217432,0.0067938945796387,0.656299030342692,-2.44306801176299,510,True,1000,Higher in AD
ASAP1,11717281_a_at,LOC50807,0.119451712173714,9.53052649006623,2.72560443878626,0.0067955180763341,0.656299030342692,-2.44326270679394,511,True,1000,Higher in AD
SELENBP1,11716401_a_at,LOC8991,-0.361454411367532,9.32878476821192,-2.72517947355382,0.0068040558768772,0.656299030342692,-2.44428580699979,512,True,1000,Lower in AD
STMN4,11744410_a_at,LOC81551,-0.0709489667564661,2.48660264900662,-2.72377958105482,0.0068322490990127,0.657145326935021,-2.44765496786566,513,True,1000,Lower in AD
,11764208_at,,0.0684492696459544,2.44040397350993,2.72342324810418,0.0068394423124893,0.657145326935021,-2.44851230269453,514,True,1000,Higher in AD
MAP3K6,11724099_at,LOC9064,-0.0475323476292358,1.97895364238411,-2.72200983335607,0.0068680420108292,0.657706355456629,-2.45191192330395,515,True,1000,Lower in AD
AK1,11716267_at,LOC203,-0.137789640478995,6.43499337748344,-2.72181875151025,0.006871916725704,0.657706355456629,-2.45237139530692,516,True,1000,Lower in AD
XRCC5,11720311_a_at,LOC7520,0.0578028919277473,9.54215562913907,2.71975502442768,0.0069138904721627,0.660443703787679,-2.45733184996074,517,True,1000,Higher in AD
MSRB1,11716738_at,LOC51734,0.127233204745526,10.7164701986755,2.71862170842317,0.0069370390946884,0.660638623860312,-2.46005441646605,518,True,1000,Higher in AD
C3ORF62,11755179_x_at,LOC375341,0.142103395131912,6.75369867549669,2.71834580840963,0.0069426850885575,0.660638623860312,-2.46071704874669,519,True,1000,Higher in AD
ARG1,11754669_a_at,LOC383,0.359150165450139,5.47259271523179,2.71667563525822,0.0069769520185132,0.662622600742877,-2.4647269630502,520,True,1000,Higher in AD
NCF1B,11746013_s_at,LOC654816,0.184213805941418,5.46647350993377,2.71561917480394,0.0069987061599439,0.663412864520134,-2.46726221075031,521,True,1000,Higher in AD
FRMD4A,11724286_at,LOC55691,-0.095140068620241,3.18787086092715,-2.71371846202726,0.0070379989617008,0.665147681568965,-2.47182110605896,522,True,1000,Lower in AD
IGF2 || INS-IGF2,11739787_a_at,,-0.433006437127336,4.62039735099338,-2.71343169828105,0.0070439443862748,0.665147681568965,-2.47250865175537,523,True,1000,Lower in AD
PCDHB6,11749488_a_at,LOC56130,0.0549593855687628,2.153,2.71251218577355,0.0070630390650992,0.665677952803422,-2.4747128137003,524,True,1000,Higher in AD
ADPRH,11751283_a_at,LOC141,-0.0770988630422959,2.03746357615894,-2.71077410258011,0.0070992598945701,0.666680406051772,-2.47887723665599,525,True,1000,Lower in AD
TRNP1,11728825_at,LOC388610,-0.128937275933542,2.58512913907285,-2.71064646206159,0.0071019264570345,0.666680406051772,-2.47918296186211,526,True,1000,Lower in AD
GLO1,11755293_a_at,LOC2739,-0.157345854320131,4.32762251655629,-2.70960053125321,0.0071238112645416,0.666680406051772,-2.48168766669722,527,True,1000,Lower in AD
KLF5,11744572_a_at,LOC688,0.233827957359812,4.62443377483444,2.70941627427591,0.0071276729112569,0.666680406051772,-2.48212881451262,528,True,1000,Higher in AD
RTN3,11744539_a_at,LOC10313,0.154624252955612,7.6162417218543,2.70791525124464,0.0071592016901942,0.668363581610458,-2.48572150284671,529,True,1000,Higher in AD
B4GALT5,11716879_at,LOC9334,0.194660724361514,6.56554635761589,2.70487960414837,0.0072233498439837,0.67006430178089,-2.49298153718045,530,True,1000,Higher in AD
SNCA,11754090_a_at,LOC6622,-0.318646617780223,9.07473841059603,-2.70481080776948,0.0072248096120243,0.67006430178089,-2.49314598073261,531,True,1000,Lower in AD
TNFRSF12A,11745020_a_at,LOC51330,0.103960476515521,4.55030794701987,2.70456365567454,0.0072300560473923,0.67006430178089,-2.49373671413206,532,True,1000,Higher in AD
C2CD2,11760786_at,,0.0569775886816817,2.23522516556291,2.70349471305544,0.0072527866805989,0.67006430178089,-2.49629107038479,533,True,1000,Higher in AD
LYPD2,11736917_at,LOC137797,-0.29473899448065,4.4107119205298,-2.70332877381228,0.0072563210850296,0.67006430178089,-2.49668751468745,534,True,1000,Lower in AD
TUBAL3,11740334_at,LOC79861,-0.0694416755969785,2.86787086092715,-2.70293110290283,0.0072647975550017,0.67006430178089,-2.49763749365156,535,True,1000,Lower in AD
RPAIN,11744832_x_at,LOC84268,-0.0865059070906096,8.25546688741722,-2.7024150936356,0.0072758097521894,0.67006430178089,-2.4988699685838,536,True,1000,Lower in AD
LRRK2,11735295_a_at,LOC120892,0.151139918967832,8.98598344370861,2.7013770233135,0.0072980089133693,0.67006430178089,-2.50134869732176,537,True,1000,Higher in AD
CBS,11744287_x_at,LOC875,0.245044798594557,2.6947417218543,2.70094837906738,0.0073071932855351,0.67006430178089,-2.50237196081252,538,True,1000,Higher in AD
ADAMTSL3,11728117_a_at,LOC57188,0.0532119121809147,2.06945364238411,2.70053246441825,0.0073161148677434,0.67006430178089,-2.50336468896276,539,True,1000,Higher in AD
MACROD2,11731892_a_at,LOC140733,-0.381523389877884,3.42747682119205,-2.69950697071832,0.0073381542118061,0.67006430178089,-2.50581177503928,540,True,1000,Lower in AD
DCBLD2,11736132_s_at,LOC131566,0.189622198796058,5.06683112582781,2.6983471947919,0.0073631515951572,0.67006430178089,-2.50857823065241,541,True,1000,Higher in AD
GCSH || LOC729080,11756405_s_at,,0.198846214217217,3.49417549668874,2.6975494813733,0.0073803897525137,0.67006430178089,-2.51048039127682,542,True,1000,Higher in AD
ZBTB26,11746167_a_at,LOC57684,-0.075143792973376,2.2385298013245,-2.69532519157929,0.007428647782827,0.67006430178089,-2.51578143035636,543,True,1000,Lower in AD
CD300A,11724683_a_at,LOC11314,0.0758464569840644,10.7383940397351,2.69412877143643,0.0074547227034468,0.67006430178089,-2.51863108414148,544,True,1000,Higher in AD
KIAA0040,11745809_s_at,LOC9674,0.0927066051135224,8.92182781456954,2.69328469698689,0.007473168160156,0.67006430178089,-2.52064079328434,545,True,1000,Higher in AD
KIF1B,11718635_at,LOC23095,0.176395706176029,6.77214238410596,2.69255925030948,0.0074890541170168,0.67006430178089,-2.52236757708945,546,True,1000,Higher in AD
TM6SF1,11728885_x_at,LOC53346,0.186862921156392,7.36787417218543,2.69234486746659,0.0074937545320284,0.67006430178089,-2.52287778904665,547,True,1000,Higher in AD
SNCA,11753730_a_at,LOC6622,-0.306471984909998,9.37806953642384,-2.69138973112824,0.0075147285402776,0.67006430178089,-2.52515045982239,548,True,1000,Lower in AD
PHTF1,11759931_x_at,,0.187232273764419,4.7361059602649,2.69116745578565,0.0075196171057226,0.67006430178089,-2.5256792366016,549,True,1000,Higher in AD
HRH2,11740950_at,LOC3274,0.187892279707867,4.05964900662252,2.69075934945942,0.0075286001673061,0.67006430178089,-2.5266499838775,550,True,1000,Higher in AD
GPC1,11717361_a_at,LOC2817,-0.0854881785711045,3.83463907284768,-2.68970401453099,0.0075518746012,0.67006430178089,-2.52915962236778,551,True,1000,Lower in AD
ST3GAL4,11717813_a_at,LOC6484,0.171531954309636,4.76383443708609,2.68950099604905,0.007556359414523,0.67006430178089,-2.52964230325298,552,True,1000,Higher in AD
C1ORF56,11725726_a_at,LOC54964,0.087147179080585,6.43588741721854,2.68945937891375,0.0075572790610764,0.67006430178089,-2.52974124463594,553,True,1000,Higher in AD
NABP1,11726728_a_at,LOC64859,0.188624036496517,5.19529470198675,2.68913764641148,0.0075643920413148,0.67006430178089,-2.53050608871572,554,True,1000,Higher in AD
RNF8,11720776_a_at,LOC9025,-0.0933756337430197,2.86616556291391,-2.68903869123224,0.0075665809914243,0.67006430178089,-2.53074131415494,555,True,1000,Lower in AD
NUDT4 || NUDT4P2 || NUDT4P1,11754453_s_at,,-0.321137223601231,5.87579801324503,-2.68897941954186,0.0075678923913777,0.67006430178089,-2.53088220440974,556,True,1000,Lower in AD
TMOD1,11732501_a_at,LOC7111,-0.352790428220015,6.25833774834437,-2.68874594891129,0.007573059975762,0.67006430178089,-2.53143714114955,557,True,1000,Lower in AD
PIP4K2A,11746493_a_at,LOC5305,-0.311079018332478,4.70168874172185,-2.68822685943462,0.0075845607753212,0.67006430178089,-2.53267080206817,558,True,1000,Lower in AD
HLA-F,11762112_a_at,LOC3134,0.165737150979656,4.46849337748344,2.68815249097008,0.0075862097501047,0.67006430178089,-2.53284752663953,559,True,1000,Higher in AD
DPYD,11725789_at,LOC1806,0.13408242180895,5.84633112582782,2.68610030647741,0.0076318405425247,0.67006430178089,-2.53772238023731,560,True,1000,Higher in AD
AKIRIN1,11730742_x_at,LOC79647,0.119061214068966,5.85227483443709,2.68549801512101,0.0076452794819358,0.67006430178089,-2.53915242065353,561,True,1000,Higher in AD
GLRX5,11721674_s_at,LOC51218,-0.20348654508504,9.87663245033113,-2.68474571730785,0.0076620954599587,0.67006430178089,-2.54093819916529,562,True,1000,Lower in AD
GH1,11715987_a_at,LOC2688,-0.0841871869187084,2.48745364238411,-2.68420302507603,0.0076742468406137,0.67006430178089,-2.54222612855786,563,True,1000,Lower in AD
EDEM3,11743698_at,LOC80267,0.215323596838985,6.38745033112583,2.6839231691113,0.007680519855658,0.67006430178089,-2.54289019250507,564,True,1000,Higher in AD
NFE4,11738921_at,LOC58160,0.2491081714858,5.05524503311258,2.68364121018707,0.0076868446793538,0.67006430178089,-2.54355918010053,565,True,1000,Higher in AD
CYP4F3,11750945_x_at,LOC4051,0.169123991903557,6.06827814569536,2.68271182155913,0.0077077256957672,0.67006430178089,-2.54576381458362,566,True,1000,Higher in AD
TNFRSF10B,11753075_a_at,LOC8795,0.109983328489179,3.89088079470199,2.68219275545213,0.0077194100223062,0.67006430178089,-2.54699479376016,567,True,1000,Higher in AD
LMNB1,11744888_a_at,LOC4001,0.17789245668565,8.51275827814569,2.68195668965597,0.0077247292062818,0.67006430178089,-2.54755455537115,568,True,1000,Higher in AD
ZNF396,11737112_at,LOC252884,-0.0501820484324033,1.89115562913907,-2.68163221294923,0.0077320459078472,0.67006430178089,-2.54832388156199,569,True,1000,Lower in AD
GLRX5,11721673_at,LOC51218,-0.261240868172341,9.20421523178808,-2.68109204425773,0.0077442401433718,0.67006430178089,-2.54960441222461,570,True,1000,Lower in AD
RDM1,11742640_x_at,LOC201299,-0.0915248731364259,2.4465761589404,-2.68095791342464,0.007747270811908,0.67006430178089,-2.54992234652952,571,True,1000,Lower in AD
PADI4,11729853_at,LOC23569,0.205960410917638,9.30922185430464,2.67951694984628,0.0077798966315855,0.671709746586509,-2.55333695357257,572,True,1000,Higher in AD
CKAP2L,11726724_a_at,LOC150468,-0.0856734308029413,2.85195033112583,-2.67730337340135,0.0078302567484396,0.674877940276514,-2.55857900483131,573,True,1000,Lower in AD
RASSF2,11746639_a_at,LOC9770,0.0580954600090495,11.3899337748344,2.67577405597105,0.0078652208204625,0.676710445016315,-2.56219823644221,574,True,1000,Higher in AD
RTTN,11756882_a_at,LOC25914,-0.14698460495326,4.9274701986755,-2.67470472582864,0.0078897518480142,0.677640495245273,-2.5647277118439,575,True,1000,Lower in AD
CLCN2,11748679_a_at,LOC1181,-0.0616492684499947,2.84452649006623,-2.67312015200526,0.0079262295107727,0.679591615658023,-2.56847421994199,576,True,1000,Lower in AD
NBPF1,11760964_x_at,LOC55672,-0.187730571162157,6.88446688741722,-2.67206034917393,0.007950711334612,0.680509237385009,-2.57097880303291,577,True,1000,Lower in AD
CELF2,11753315_a_at,LOC10659,0.117707701287882,4.3156059602649,2.66983656582417,0.0080023028796419,0.68276212420132,-2.57623110377666,578,True,1000,Higher in AD
SPOCK3,11751621_a_at,LOC50859,0.0592402520099701,2.23387086092715,2.66867769706858,0.0080293077481928,0.68276212420132,-2.57896656328185,579,True,1000,Higher in AD
BCL11A,11723853_a_at,LOC53335,-0.150463198704448,7.39132781456954,-2.66856985721941,0.008031824882749,0.68276212420132,-2.57922105725114,580,True,1000,Lower in AD
ST3GAL3,11753789_a_at,LOC6487,-0.0859033886568784,2.94722185430464,-2.66833104737149,0.008037401569691,0.68276212420132,-2.57978459587026,581,True,1000,Lower in AD
ARHGAP9,11749329_a_at,LOC64333,0.164779708399884,4.84645695364238,2.66701552718733,0.0080681840994494,0.68276212420132,-2.58288807550933,582,True,1000,Higher in AD
CEP63,11724856_a_at,LOC80254,0.129982173354905,7.24727152317881,2.666435365314,0.0080817932777164,0.68276212420132,-2.58425628967667,583,True,1000,Higher in AD
IRAK3,11726895_a_at,LOC11213,0.173059695677144,6.75869205298013,2.6662706385464,0.0080856611274589,0.68276212420132,-2.58464471854427,584,True,1000,Higher in AD
BOD1L2,11763338_a_at,LOC284257,-0.0489661092455546,1.94375165562914,-2.66547551665467,0.0081043543353214,0.68276212420132,-2.58651931084184,585,True,1000,Lower in AD
USP12,11759092_at,LOC219333,-0.229839525729736,7.84508609271523,-2.66519772055301,0.0081108944430448,0.68276212420132,-2.58717412234659,586,True,1000,Lower in AD
RFESD,11735412_a_at,LOC317671,-0.215077386569865,4.03331456953642,-2.66416969355016,0.0081351384302144,0.68276212420132,-2.58959678909475,587,True,1000,Lower in AD
TCL1A,11754073_x_at,LOC8115,-0.289807839471443,5.86912582781457,-2.66373879301669,0.0081453197425944,0.68276212420132,-2.59061199308631,588,True,1000,Lower in AD
ARID3B,11722475_a_at,LOC10620,0.0986693868406943,6.54076490066225,2.66357351544413,0.0081492279593885,0.68276212420132,-2.59100134658075,589,True,1000,Higher in AD
PAGE2 || PAGE2B,11729979_s_at,,-0.387822210938752,4.98400662251656,-2.65985866363886,0.0082375169720402,0.68276212420132,-2.59974657676391,590,True,1000,Lower in AD
LGALS2,11731798_a_at,LOC3957,-0.317830810883239,8.98664900662252,-2.65964921271255,0.0082425204092353,0.68276212420132,-2.6002393056032,591,True,1000,Lower in AD
,11762900_at,,0.0591436822350894,2.20733443708609,2.65896333656331,0.0082589239932654,0.68276212420132,-2.60185255678396,592,True,1000,Higher in AD
H1FX,11715564_s_at,LOC8971,-0.0817304847354466,9.84663907284768,-2.65879776207494,0.0082628883099694,0.68276212420132,-2.60224194579952,593,True,1000,Lower in AD
FGFR1OP2,11744748_x_at,LOC26127,-0.253399301945877,7.53075165562914,-2.65875844286639,0.0082638299732679,0.68276212420132,-2.60233441117846,594,True,1000,Lower in AD
ZNF326,11746311_a_at,LOC284695,-0.196927932090944,5.83782119205298,-2.65751809478048,0.0082935848905016,0.68276212420132,-2.60525062069298,595,True,1000,Lower in AD
GID8,11717043_at,LOC54994,-0.125511091820114,6.72163907284768,-2.65745181920542,0.0082951774941875,0.68276212420132,-2.60540640628362,596,True,1000,Lower in AD
CDKN2AIPNL,11762335_a_at,,-0.131259719269456,3.07306953642384,-2.6570561129434,0.0083046920489644,0.68276212420132,-2.60633646605181,597,True,1000,Lower in AD
DOCK4,11726190_a_at,LOC9732,0.239149931206508,4.76070198675497,2.6567330962953,0.0083124660921837,0.68276212420132,-2.60709558017122,598,True,1000,Higher in AD
SIPA1L2,11744185_a_at,LOC57568,0.213481359903971,6.51830132450331,2.65602033968895,0.0083296431615315,0.68276212420132,-2.60877030332432,599,True,1000,Higher in AD
DDB1,11715416_s_at,LOC1642,-0.0904543513964327,7.83790397350993,-2.65595376997465,0.0083312490859258,0.68276212420132,-2.60892669656138,600,True,1000,Lower in AD
KIAA1644,11724369_at,LOC85352,-0.0700575545733675,2.60745033112583,-2.65555837323548,0.0083407933549473,0.68276212420132,-2.60985553139248,601,True,1000,Lower in AD
NAA50,11751697_a_at,LOC80218,0.14976628090156,6.14155298013245,2.65403119586658,0.0083777494422226,0.68276212420132,-2.61344182289078,602,True,1000,Higher in AD
SLC38A2,11747515_a_at,LOC54407,0.164211329314281,3.81794370860927,2.65320079291554,0.0083979060416067,0.68276212420132,-2.6153910472356,603,True,1000,Higher in AD
DYRK4,11731512_a_at,LOC8798,-0.120668925171753,6.83170860927152,-2.65236286849728,0.008418289388889,0.68276212420132,-2.61735733972294,604,True,1000,Lower in AD
CKLF-CMTM1 || CKLF,11720679_a_at,,0.0987331708976019,9.80942052980132,2.65183495221036,0.0084311543030679,0.68276212420132,-2.61859585720662,605,True,1000,Higher in AD
TCAIM,11747648_a_at,LOC285343,0.175113642422975,3.6782880794702,2.65178802808271,0.0084322986627204,0.68276212420132,-2.61870593217927,606,True,1000,Higher in AD
MEGF9,11743338_at,LOC1955,0.0971433781776437,9.91830794701987,2.65118032394556,0.00844713163178,0.68276212420132,-2.62013132201741,607,True,1000,Higher in AD
CLK4,11726516_s_at,LOC57396,0.179471291779441,6.89890728476821,2.65074523091406,0.008457765874355,0.68276212420132,-2.62115165629239,608,True,1000,Higher in AD
SNCA,11753731_x_at,LOC6622,-0.307466727120071,9.19315894039735,-2.64889080311715,0.0085032255702987,0.68276212420132,-2.62549868107122,609,True,1000,Lower in AD
NCF4,11723106_a_at,LOC4689,0.104382553390136,10.8924933774834,2.64842533191145,0.0085146706151274,0.68276212420132,-2.62658935366097,610,True,1000,Higher in AD
PLXNC1,11759184_at,LOC10154,0.16257600359142,8.8368940397351,2.64655529096676,0.0085607909879772,0.68276212420132,-2.63096932006002,611,True,1000,Higher in AD
SESN3,11752913_a_at,LOC143686,-0.285515265401688,6.90162582781457,-2.64634613826813,0.0085659632022366,0.68276212420132,-2.63145900992262,612,True,1000,Lower in AD
TRNP1,11728826_s_at,LOC388610,-0.164366673078142,3.51226490066225,-2.64629026468626,0.0085673453957949,0.68276212420132,-2.63158982069107,613,True,1000,Lower in AD
NRBF2,11718371_s_at,LOC29982,0.180952544474271,7.78290066225166,2.64624894727184,0.0085683676296133,0.68276212420132,-2.63168655099311,614,True,1000,Higher in AD
GTSE1,11759176_at,LOC51512,-0.0894200003324402,2.44500662251656,-2.64585760679137,0.0085780552172864,0.68276212420132,-2.63260266696468,615,True,1000,Lower in AD
ASAP1,11717282_at,LOC50807,0.110055060589673,9.84299337748344,2.64570470129092,0.0085818430479319,0.68276212420132,-2.63296057904725,616,True,1000,Higher in AD
PALMD,11718869_x_at,LOC54873,-0.0581266481101192,2.46755629139073,-2.6455845724769,0.008584819976602,0.68276212420132,-2.63324175563298,617,True,1000,Lower in AD
FARP1,11719701_s_at,LOC10160,0.194288701855105,4.61965231788079,2.64502892424402,0.008598601646009,0.68276212420132,-2.63454216235985,618,True,1000,Higher in AD
PSMD6,11731415_a_at,LOC9861,0.0550208379336748,9.07194039735099,2.64494947162786,0.0086005739221842,0.68276212420132,-2.63472808742545,619,True,1000,Higher in AD
UCP2,11754461_s_at,LOC7351,-0.0631717846794423,11.3560529801324,-2.6444695149054,0.0086124966776281,0.68276212420132,-2.6358511092313,620,True,1000,Lower in AD
ODF3L2,11731952_s_at,LOC284451,0.0755002392242971,3.26284437086093,2.64392514435084,0.0086260375271695,0.68276212420132,-2.63712461474687,621,True,1000,Higher in AD
F5,11758395_s_at,LOC2153,0.210210079935541,6.00410927152318,2.64224821692588,0.0086678702467275,0.68276212420132,-2.64104606882084,622,True,1000,Higher in AD
MNDA,11729251_at,LOC4332,0.0553634258021909,11.5912417218543,2.64190994168155,0.008676330933385,0.68276212420132,-2.64183683076143,623,True,1000,Higher in AD
PICALM,11755507_x_at,LOC8301,0.121986544532958,7.27772185430464,2.640635499148,0.0087082729919274,0.68276212420132,-2.64481514040738,624,True,1000,Higher in AD
PDPR,11723504_x_at,LOC55066,-0.179257448548872,5.90915894039735,-2.63818604455947,0.0087699617505657,0.68276212420132,-2.6505355613601,625,True,1000,Lower in AD
MKNK1,11718812_a_at,LOC8569,0.128525753563643,7.45654635761589,2.63779647696334,0.0087798089782187,0.68276212420132,-2.65144488697541,626,True,1000,Higher in AD
PPP3CA,11722848_a_at,LOC5530,0.084312046859674,10.5929238410596,2.63717749111368,0.0087954757083735,0.68276212420132,-2.65288945641973,627,True,1000,Higher in AD
MT1X,11757581_x_at,LOC4501,-0.106240742581451,7.1344701986755,-2.63695835290926,0.0088010281802728,0.68276212420132,-2.65340079695984,628,True,1000,Lower in AD
PICALM,11755506_a_at,LOC8301,0.131800797770066,7.43956291390728,2.63678195971146,0.0088054998754886,0.68276212420132,-2.65381236629503,629,True,1000,Higher in AD
ABI1,11733048_a_at,LOC10006,0.186824106519466,6.0372582781457,2.63637823469855,0.0088157422757276,0.68276212420132,-2.65475425899874,630,True,1000,Higher in AD
MICAL3,11745597_a_at,LOC57553,-0.180296000221454,3.2467417218543,-2.63607909129205,0.0088233383656277,0.68276212420132,-2.65545207383141,631,True,1000,Lower in AD
MANSC1,11754973_x_at,LOC54682,0.147276038248118,9.51753973509934,2.63461572691052,0.0088605820457219,0.68276212420132,-2.65886459420331,632,True,1000,Higher in AD
FPR1,11762622_at,,0.210351799090542,6.72228476821192,2.63427066521241,0.0088693846530688,0.68276212420132,-2.65966900500282,633,True,1000,Higher in AD
DENND5A,11742766_a_at,LOC23258,0.0964098432126756,9.37632781456954,2.63366407293517,0.0088848780019633,0.68276212420132,-2.66108285540239,634,True,1000,Higher in AD
SOD2,11725024_a_at,LOC6648,0.100032045553683,11.3479701986755,2.63338947402611,0.0088918996881641,0.68276212420132,-2.66172279110645,635,True,1000,Higher in AD
DNTT,11733889_a_at,LOC1791,0.093570442490112,2.91568543046358,2.63285244292827,0.0089056463484145,0.68276212420132,-2.66297412543884,636,True,1000,Higher in AD
TMEM127,11724248_s_at,LOC55654,0.0575748140745802,10.9931854304636,2.63193775238236,0.0089291040748294,0.68276212420132,-2.66510488435591,637,True,1000,Higher in AD
SMCHD1,11720585_a_at,LOC23347,0.138239659007948,7.7412417218543,2.63192815946299,0.0089293503839651,0.68276212420132,-2.66512722719952,638,True,1000,Higher in AD
ZC3H12D,11750601_a_at,LOC340152,-0.08415816806428,2.72667880794702,-2.63104405227217,0.0089520770427386,0.68276212420132,-2.66718606667359,639,True,1000,Lower in AD
LYSMD1,11728631_a_at,LOC388695,0.094742144467299,7.87054635761589,2.63097607999138,0.0089538264701233,0.68276212420132,-2.66734432797246,640,True,1000,Higher in AD
F5,11751042_a_at,LOC2153,0.136445973866715,2.90975496688742,2.63093424821995,0.0089549032622092,0.68276212420132,-2.66744172383874,641,True,1000,Higher in AD
LOC100509445 || OVOS2* || LOC728715,11756504_s_at,,0.328282773564088,5.68530794701987,2.63030611979174,0.0089710859044501,0.68276212420132,-2.66890400254743,642,True,1000,Higher in AD
ITCH,11731494_a_at,LOC83737,0.111344236499104,6.50440397350993,2.63016776897347,0.0089746537992388,0.68276212420132,-2.66922603771144,643,True,1000,Higher in AD
ZNF214,11750670_a_at,LOC7761,-0.0457316137554196,1.92202317880795,-2.63007240921358,0.0089771137497035,0.68276212420132,-2.66944799446945,644,True,1000,Lower in AD
MAEA,11746328_a_at,LOC10296,0.120539111364001,4.04227483443709,2.63003828335735,0.0089779942252416,0.68276212420132,-2.6695274230166,645,True,1000,Higher in AD
,11764030_x_at,,0.144153715160864,9.10393377483444,2.62994927629328,0.0089802910464003,0.68276212420132,-2.66973458395734,646,True,1000,Higher in AD
TRAPPC4,11749400_a_at,LOC51399,-0.0653155073783769,9.17373178807947,-2.62939616402579,0.0089945758951839,0.68276212420132,-2.67102178472976,647,True,1000,Lower in AD
LACTB,11734305_a_at,LOC114294,0.146641895271848,6.02657947019868,2.62771453598728,0.0090381314755496,0.68276212420132,-2.67493368244401,648,True,1000,Higher in AD
,11763687_x_at,,0.079480129142117,2.62540066225166,2.62769047659601,0.009038756004958,0.68276212420132,-2.67498963349104,649,True,1000,Higher in AD
,11762411_at,,0.221785880983132,4.28982119205298,2.62763666140432,0.009040153070336,0.68276212420132,-2.67511478104249,650,True,1000,Higher in AD
FAM104B,11754221_s_at,LOC90736,-0.146487461960851,6.38574503311258,-2.62712826706057,0.0090533607698099,0.68276212420132,-2.6762969349089,651,True,1000,Lower in AD
SNCA,11739782_a_at,LOC6622,-0.278579587241702,10.0234039735099,-2.62690254059276,0.0090592305209196,0.68276212420132,-2.676821740074,652,True,1000,Lower in AD
FAM19A5,11758614_s_at,LOC25817,0.0510543156692414,1.95170529801324,2.62643923005119,0.0090712890650804,0.68276212420132,-2.67789878457765,653,True,1000,Higher in AD
MMP9,11719657_a_at,LOC4318,0.295414493738698,9.25516556291391,2.62609492649424,0.0090802595506249,0.68276212420132,-2.67869906003899,654,True,1000,Higher in AD
PPIH,11719382_a_at,LOC10465,-0.094148681682225,8.11827483443709,-2.62571929518147,0.0090900553275248,0.68276212420132,-2.67957203781017,655,True,1000,Lower in AD
CREBRF,11752557_a_at,LOC153222,0.142039644347228,5.43661258278146,2.62536141244117,0.0090993970733018,0.68276212420132,-2.68040365695988,656,True,1000,Higher in AD
SLC36A3,11738084_a_at,LOC285641,-0.0479460354764601,1.90983774834437,-2.62527108429733,0.0091017562527952,0.68276212420132,-2.68061353720841,657,True,1000,Lower in AD
NIT2,11721514_a_at,LOC56954,-0.0888746375163646,7.32934437086093,-2.62357647473216,0.0091461177000426,0.68276212420132,-2.68454974259413,658,True,1000,Lower in AD
IRS2,11718013_at,LOC8660,0.175412538389289,8.7459701986755,2.62260686871317,0.0091715871735955,0.68276212420132,-2.68680083728387,659,True,1000,Higher in AD
FOSL2,11763169_at,,0.17284434715617,6.89955298013245,2.62206665953802,0.0091858048932483,0.68276212420132,-2.68805467567403,660,True,1000,Higher in AD
ICAM3,11762233_x_at,,0.0919881197154724,3.65684437086093,2.62157693380544,0.0091987110252918,0.68276212420132,-2.68919112855074,661,True,1000,Higher in AD
SNCA,11731447_x_at,LOC6622,-0.286387154277132,9.77585761589404,-2.62126828219862,0.009206853520426,0.68276212420132,-2.68990727884069,662,True,1000,Lower in AD
RANBP10,11730832_at,LOC57610,-0.194503593776121,6.77460927152318,-2.62126262525955,0.0092070028156599,0.68276212420132,-2.68992040363102,663,True,1000,Lower in AD
VEGFA,11741964_s_at,LOC7422,0.207566726983828,5.08918874172185,2.62090062210023,0.0092165611469433,0.68276212420132,-2.69076023921622,664,True,1000,Higher in AD
RASGRP4,11737426_a_at,LOC115727,0.151187565061847,5.19387417218543,2.62080329692022,0.0092191324386037,0.68276212420132,-2.69098601166424,665,True,1000,Higher in AD
UCP2,11729159_a_at,LOC7351,-0.101744315421668,9.70559271523179,-2.61992076438988,0.0092424779752302,0.68276212420132,-2.69303292400784,666,True,1000,Lower in AD
NMI,11757938_s_at,LOC9111,0.0991707227243561,9.93543708609272,2.61987157573916,0.0092437807158162,0.68276212420132,-2.69314699100447,667,True,1000,Higher in AD
FAM53C,11719058_a_at,LOC51307,0.10794347689197,3.57684437086093,2.61978504232808,0.0092460729162704,0.68276212420132,-2.6933476544308,668,True,1000,Higher in AD
STK4,11760475_at,,0.124886385545378,9.14466556291391,2.61851884024182,0.0092796719445645,0.68276212420132,-2.69628314568729,669,True,1000,Higher in AD
BNC1,11735400_a_at,LOC646,0.0478987495020818,2.01661589403973,2.61805176162313,0.0092920936249216,0.68276212420132,-2.69736565359928,670,True,1000,Higher in AD
FRZB,11720326_a_at,LOC2487,0.0432353850000288,1.94234105960265,2.61677677301827,0.0093260771334442,0.68276212420132,-2.7003196501031,671,True,1000,Higher in AD
SNORA71D,11757170_at,LOC677840,-0.0513977440941338,2.02988079470199,-2.61665557386741,0.0093293133653628,0.68276212420132,-2.70060038285366,672,True,1000,Lower in AD
BASP1,11744441_a_at,LOC10409,0.0992427739679435,11.0182185430464,2.61658650764929,0.0093311580060516,0.68276212420132,-2.70076035492333,673,True,1000,Higher in AD
PDE6B,11738198_at,LOC5158,-0.17080203350474,2.82422847682119,-2.61617203162401,0.0093422348245065,0.68276212420132,-2.70172028530605,674,True,1000,Lower in AD
MXD3,11725748_a_at,LOC83463,0.136457885995412,4.09521523178808,2.6158397242789,0.0093511242096783,0.68276212420132,-2.70248980779266,675,True,1000,Higher in AD
WDFY3,11735911_a_at,LOC23001,0.183088435554529,4.88983443708609,2.61498711827197,0.0093739665419833,0.68276212420132,-2.70446375807323,676,True,1000,Higher in AD
ZNF117,11739974_at,LOC51351,0.244532359067246,5.569,2.61494338566692,0.0093751395383275,0.68276212420132,-2.70456499113812,677,True,1000,Higher in AD
BTN3A2 || BTN3A1,11746286_s_at,,-0.16502971680078,6.70822516556291,-2.61465024469159,0.0093830055663683,0.68276212420132,-2.70524351786573,678,True,1000,Lower in AD
IFIT1B,11737280_at,LOC439996,-0.403077065509998,5.57700993377483,-2.61413267598968,0.0093969082459623,0.68276212420132,-2.70644134569487,679,True,1000,Lower in AD
,11762324_at,,0.0852963287559902,2.84119867549669,2.61398013377311,0.0094010092831348,0.68276212420132,-2.70679433659136,680,True,1000,Higher in AD
NCF1B,11747444_s_at,LOC654816,0.157979214504588,5.63359933774834,2.61232348903823,0.0094456509686277,0.683705591045879,-2.71062663984865,681,True,1000,Higher in AD
,11764023_at,,0.213569563692947,4.21219205298013,2.61213887426845,0.0094506375412518,0.683705591045879,-2.71105356463495,682,True,1000,Higher in AD
VPS39,11750666_a_at,LOC23339,0.105257898938815,3.82896688741722,2.61195774318152,0.0094555323104591,0.683705591045879,-2.71147240545358,683,True,1000,Higher in AD
GPN1,11741212_a_at,LOC11321,-0.0992337465284243,6.32162913907285,-2.61108021600878,0.0094792782245463,0.684420518124919,-2.71350117565264,684,True,1000,Lower in AD
WDR41,11749354_x_at,LOC55255,0.124081871808227,4.50065562913907,2.60868461865961,0.009544375532932,0.687476568952939,-2.71903629687058,685,True,1000,Higher in AD
PLBD1,11744282_at,LOC79887,0.09666104712124,10.6117649006623,2.60849864976381,0.0095494457194694,0.687476568952939,-2.71946578310402,686,True,1000,Higher in AD
OR1J1,11738755_at,LOC347168,-0.0987081523862292,2.7918940397351,-2.60629010296107,0.0096098435223036,0.688515517697222,-2.72456408877659,687,True,1000,Lower in AD
DCAF6,11743649_a_at,LOC55827,-0.184307353862274,7.84795364238411,-2.60625508830387,0.0096108038289443,0.688515517697222,-2.72464488505256,688,True,1000,Lower in AD
TCF3,11745937_a_at,LOC6929,-0.116736623025643,5.03368874172185,-2.60521562069665,0.0096393513025584,0.688515517697222,-2.7270429847989,689,True,1000,Lower in AD
ATG14,11725487_at,LOC22863,-0.224208238684215,3.75424503311258,-2.6051317362892,0.0096416583759865,0.688515517697222,-2.72723647030961,690,True,1000,Lower in AD
PPP1R21,11744882_a_at,LOC129285,0.12097478018708,5.75310927152318,2.6039680510708,0.0096737142923801,0.688515517697222,-2.72991998374131,691,True,1000,Higher in AD
CCDC40,11762027_at,,0.0694401581554385,2.99633774834437,2.60374173395269,0.0096799597055875,0.688515517697222,-2.73044174926791,692,True,1000,Higher in AD
METTL20,11741765_a_at,LOC254013,0.128941193288454,5.9057880794702,2.60343028410301,0.0096885603347833,0.688515517697222,-2.73115971452581,693,True,1000,Higher in AD
FBXL2,11755039_s_at,LOC25827,-0.0673712670292471,2.44128476821192,-2.60212470116023,0.0097246883067599,0.688515517697222,-2.73416850139148,694,True,1000,Lower in AD
CA4,11730973_a_at,LOC762,0.227717833000208,5.6379701986755,2.60149442177775,0.0097421724929201,0.688515517697222,-2.73562050049704,695,True,1000,Higher in AD
F5,11723553_at,LOC2153,0.180179816123758,7.73906291390728,2.6001077845679,0.0097807374805973,0.688515517697222,-2.73881377229325,696,True,1000,Higher in AD
CDYL,11741967_a_at,LOC9425,-0.173416915039549,5.03505298013245,-2.59953903619168,0.0097965949443777,0.688515517697222,-2.74012306821621,697,True,1000,Lower in AD
PPP1R3B,11721034_at,LOC79660,0.166899186852223,8.71075165562914,2.59923501572446,0.0098050808810274,0.688515517697222,-2.7408228314014,698,True,1000,Higher in AD
RECQL5,11737189_at,LOC9400,-0.116457654717574,4.2172417218543,-2.5991877467235,0.0098064008628041,0.688515517697222,-2.740931623352,699,True,1000,Lower in AD
NBN,11720396_x_at,LOC4683,0.113528269879257,6.7601357615894,2.59834458565543,0.0098299727974105,0.688515517697222,-2.74287188404336,700,True,1000,Higher in AD
APOBEC3D,11740503_x_at,LOC140564,-0.103651473071495,9.30077483443709,-2.59786707664134,0.0098433448296436,0.688515517697222,-2.74397044985809,701,True,1000,Lower in AD
CPD,11727130_a_at,LOC1362,0.204991251477425,7.37739072847682,2.59759717743896,0.0098509102168363,0.688515517697222,-2.74459129981086,702,True,1000,Higher in AD
FCGR2A || FCGR2C,11749587_x_at,,0.0787595731177506,10.6542450331126,2.59664938846079,0.0098775184008409,0.688515517697222,-2.7467710153485,703,True,1000,Higher in AD
PUS1,11718028_x_at,LOC80324,-0.0901607639252861,6.4119701986755,-2.59654342147268,0.0098804973093879,0.688515517697222,-2.74701467010564,704,True,1000,Lower in AD
RAB11FIP3,11741472_a_at,LOC9727,-0.12071383281225,6.34837086092715,-2.59595617959134,0.0098970202428881,0.688515517697222,-2.74836477075834,705,True,1000,Lower in AD
TNS1,11716559_x_at,LOC7145,-0.396758698194989,7.83741721854305,-2.59541505420702,0.0099122675168617,0.688515517697222,-2.74960858979514,706,True,1000,Lower in AD
NUDT4 || NUDT4P2 || NUDT4P1,11758559_s_at,,-0.349919511187021,7.6946523178808,-2.59522700332032,0.0099175711434498,0.688515517697222,-2.75004078168583,707,True,1000,Lower in AD
NRBF2,11718372_x_at,LOC29982,0.154777101325596,7.80562582781457,2.59427942675469,0.0099443344593959,0.688515517697222,-2.7522181158765,708,True,1000,Higher in AD
TCL1A,11723206_at,LOC8115,-0.323526319260996,7.97293377483444,-2.59351511944377,0.0099659686158272,0.688515517697222,-2.75397378394329,709,True,1000,Lower in AD
TNS1,11716558_at,LOC7145,-0.392506407039449,7.52487417218543,-2.59193523535677,0.0100108217519154,0.688515517697222,-2.75760132870357,710,True,1000,Lower in AD
AMN1,11723262_at,LOC196394,0.184873745662646,5.63381456953642,2.59188700656765,0.0100121938118886,0.688515517697222,-2.75771203290242,711,True,1000,Higher in AD
EPB41L5,11718953_a_at,LOC57669,0.077808222257339,2.27396026490066,2.59134342013823,0.0100276699370765,0.688515517697222,-2.75895964374468,712,True,1000,Higher in AD
DCAF6,11756205_x_at,LOC55827,-0.188794837494427,7.97112913907285,-2.59120980662225,0.0100314772447064,0.688515517697222,-2.75926626828407,713,True,1000,Lower in AD
CKLF,11760623_at,LOC51192,0.203303169858804,7.60005298013245,2.59053999977969,0.0100505828507974,0.688515517697222,-2.7608031555066,714,True,1000,Higher in AD
NAIP,11736899_x_at,LOC4671,0.17294902943879,5.55488741721854,2.59034256320323,0.0100562207537661,0.688515517697222,-2.76125610609887,715,True,1000,Higher in AD
ATP10B,11763564_a_at,,0.0565507416622606,2.27039735099338,2.59015411116101,0.0100616047388687,0.688515517697222,-2.76168841409934,716,True,1000,Higher in AD
NAF1,11742281_at,LOC92345,0.0532975214735351,3.04545033112583,2.58968450295775,0.0100750324478024,0.688515517697222,-2.76276556259129,717,True,1000,Higher in AD
PHF23,11723229_s_at,LOC79142,0.0754583474420095,8.14868543046358,2.58752753035716,0.0101369139214616,0.688515517697222,-2.76771065967568,718,True,1000,Higher in AD
CXCR1,11733003_a_at,LOC3577,0.100359570126052,11.2135430463576,2.5873043374018,0.0101433364907413,0.688515517697222,-2.76822213012127,719,True,1000,Higher in AD
CRB2,11733528_at,LOC286204,-0.0566018919320647,2.2566357615894,-2.58690810589987,0.0101547473636537,0.688515517697222,-2.76913003335813,720,True,1000,Lower in AD
MSL1,11745752_a_at,LOC339287,0.124682873771659,7.86290397350993,2.58539106761468,0.0101985420405747,0.688515517697222,-2.77260486827383,721,True,1000,Higher in AD
PCNX,11722108_at,LOC22990,0.215092038623246,6.9779238410596,2.58508396222128,0.0102074282641342,0.688515517697222,-2.77330806885115,722,True,1000,Higher in AD
CCND1,11721257_at,LOC595,0.0713564890799183,2.52177483443709,2.58427592052675,0.0102308423912325,0.688515517697222,-2.77515791814766,723,True,1000,Higher in AD
BAG1,11754751_x_at,LOC573,-0.179696968577235,10.3275132450331,-2.58368697771873,0.010247938085287,0.688515517697222,-2.77650583756961,724,True,1000,Lower in AD
PTCH1,11751322_a_at,LOC5727,-0.146551936235178,2.46208278145695,-2.5829889567518,0.0102682331652193,0.688515517697222,-2.77810302645626,725,True,1000,Lower in AD
GPER1,11732412_a_at,LOC2852,0.100141343452942,3.4732119205298,2.58293729811631,0.0102697365768845,0.688515517697222,-2.77822121373467,726,True,1000,Higher in AD
PTRF,11730730_s_at,LOC284119,0.0782809003072862,4.86347350993378,2.5820448258799,0.0102957411355221,0.688515517697222,-2.78026270218089,727,True,1000,Higher in AD
PIP4K2A,11739347_a_at,LOC5305,-0.244968380622621,7.55857947019868,-2.58193040085104,0.01029907947028,0.688515517697222,-2.7805243954854,728,True,1000,Lower in AD
SSBP3,11740116_s_at,LOC23648,-0.157805670782873,8.19669205298013,-2.58187892184182,0.0103005816791771,0.688515517697222,-2.78064212584571,729,True,1000,Lower in AD
POMT1,11741111_a_at,LOC10585,-0.129336996397642,4.29583443708609,-2.58046539913779,0.0103419063316282,0.688515517697222,-2.78387392029213,730,True,1000,Lower in AD
PSMB2,11760100_x_at,LOC5690,0.121849985735678,2.97395364238411,2.57910688671455,0.0103817624179482,0.688515517697222,-2.78697835412492,731,True,1000,Higher in AD
TRMT10B,11732493_x_at,LOC158234,-0.121189874853304,6.23372185430464,-2.57909625986392,0.0103820747295897,0.688515517697222,-2.78700263216369,732,True,1000,Lower in AD
OR4C13,11742361_at,LOC283092,-0.0698719594589528,2.72752649006623,-2.57784021926789,0.0104190476421728,0.688515517697222,-2.78987150380333,733,True,1000,Lower in AD
TSC22D4,11754280_a_at,LOC81628,0.109815030763928,6.52948344370861,2.5778201719689,0.0104196387094908,0.688515517697222,-2.78991728223848,734,True,1000,Higher in AD
SAMSN1,11753348_a_at,LOC64092,0.138611389865954,6.13828476821192,2.5775617736221,0.010427259917377,0.688515517697222,-2.79050731002707,735,True,1000,Higher in AD
C5ORF58,11731876_at,,0.160937189134878,3.3064238410596,2.57747234713898,0.0104298986253197,0.688515517697222,-2.79071149368436,736,True,1000,Higher in AD
OSBPL2,11721465_a_at,LOC9885,0.115627048606539,8.96204966887417,2.57746398125151,0.0104301455081668,0.688515517697222,-2.79073059481161,737,True,1000,Higher in AD
KPNA1,11734669_at,LOC3836,0.0956997878337977,7.94620198675497,2.57698090490113,0.010444410275073,0.688515517697222,-2.79183346226403,738,True,1000,Higher in AD
PISD,11716201_x_at,LOC23761,0.168968752248431,6.4790761589404,2.57582537987455,0.010478602580173,0.688515517697222,-2.79447073702132,739,True,1000,Higher in AD
CD46,11751550_x_at,LOC4179,0.160567437643301,4.64884437086093,2.57516641597082,0.0104981462834931,0.688515517697222,-2.79597419729081,740,True,1000,Higher in AD
DCAF6,11726428_a_at,LOC55827,-0.179596902891719,7.84965562913907,-2.57468377119618,0.0105124813425757,0.688515517697222,-2.79707514386882,741,True,1000,Lower in AD
SLC38A4,11725512_a_at,LOC55089,-0.0430128130631208,2.07676158940397,-2.57444841904236,0.0105194778951187,0.688515517697222,-2.7976119273396,742,True,1000,Lower in AD
EXOSC7,11731563_a_at,LOC23016,-0.0976543446476722,6.94267549668874,-2.57358880464331,0.0105450679092942,0.688515517697222,-2.7995721105147,743,True,1000,Lower in AD
ZNF169,11759751_at,,-0.13441251164194,4.54497682119205,-2.573264319629,0.0105547420200479,0.688515517697222,-2.80031187325656,744,True,1000,Lower in AD
MACROD2,11737208_a_at,LOC140733,-0.286394908343293,4.2263642384106,-2.57294773307557,0.0105641882937281,0.688515517697222,-2.80103354340557,745,True,1000,Lower in AD
CDCA7L,11717436_a_at,LOC55536,-0.160417005207959,8.81840728476821,-2.57265634843177,0.0105728892737522,0.688515517697222,-2.80169769016569,746,True,1000,Lower in AD
CBS,11744285_a_at,LOC875,0.219865559250219,2.56818543046358,2.57220066269798,0.0105865092593801,0.688515517697222,-2.80273618122001,747,True,1000,Higher in AD
SLC6A6,11721991_a_at,LOC6533,0.150904160447658,6.66260264900662,2.57209022582024,0.0105898124660103,0.688515517697222,-2.8029878364267,748,True,1000,Higher in AD
ATL3,11721843_a_at,LOC25923,0.108022972795909,5.88665231788079,2.57201841019232,0.0105919609915045,0.688515517697222,-2.80315147892635,749,True,1000,Higher in AD
NR5A2,11738122_a_at,LOC2494,0.0546780729702309,2.19308278145695,2.57144345385985,0.0106091761504769,0.688515517697222,-2.80446144480169,750,True,1000,Higher in AD
MT1JP || MT1M,11753736_s_at,,0.120472456031604,2.52457947019868,2.57057182553152,0.0106353218637811,0.688515517697222,-2.80644680850771,751,True,1000,Higher in AD
AKIRIN1,11730741_a_at,LOC79647,0.10564377247271,6.90596026490066,2.57018922684708,0.0106468166234981,0.688515517697222,-2.80731807554124,752,True,1000,Higher in AD
TBX15,11729001_a_at,LOC6913,-0.0586221063093939,2.28521523178808,-2.57000165938041,0.0106524559381822,0.688515517697222,-2.80774516556767,753,True,1000,Lower in AD
GSTM2P1,11745705_at,LOC442245,-0.0617115128299863,2.37526821192053,-2.56969642235472,0.0106616387571823,0.688515517697222,-2.80844012500969,754,True,1000,Lower in AD
PRPF4,11729594_s_at,LOC9128,-0.0607729882853732,8.33733774834437,-2.56882111252284,0.0106880110178085,0.688515517697222,-2.81043258222157,755,True,1000,Lower in AD
LGALS3,11725937_a_at,LOC3958,-0.1544375174205,10.1455529801325,-2.56802618652608,0.0107120118837662,0.688515517697222,-2.81224150230384,756,True,1000,Lower in AD
RTN3,11741316_x_at,LOC10313,0.0906097283639067,9.80567549668874,2.56795394275294,0.0107141954951341,0.688515517697222,-2.81240587256372,757,True,1000,Higher in AD
HPD,11727840_at,LOC3242,0.188811251314085,3.09441059602649,2.56779945813377,0.0107188662201154,0.688515517697222,-2.81275734380965,758,True,1000,Higher in AD
CD79A,11719716_a_at,LOC973,-0.257188503768595,7.91798013245033,-2.56777049127785,0.0107197422135117,0.688515517697222,-2.81282324467726,759,True,1000,Lower in AD
USB1,11761191_a_at,LOC79650,0.0854136220152943,2.63601986754967,2.56769893983577,0.0107219062914094,0.688515517697222,-2.81298602431035,760,True,1000,Higher in AD
UCP2,11729160_x_at,LOC7351,-0.103154186356077,9.66409602649007,-2.56739707643495,0.0107310404672784,0.688515517697222,-2.81367271640083,761,True,1000,Lower in AD
SV2B,11746334_a_at,LOC9899,-0.0658706755454592,2.76830794701987,-2.56658407130354,0.0107556760267656,0.688515517697222,-2.81552179350822,762,True,1000,Lower in AD
PPM1F,11716962_a_at,LOC9647,0.110537322729228,9.56912251655629,2.56650621454205,0.0107580378799633,0.688515517697222,-2.81569883956516,763,True,1000,Higher in AD
NBN,11755809_a_at,LOC4683,0.247610372825322,5.49133112582781,2.56587227297814,0.0107772863082873,0.688515517697222,-2.81714023042365,764,True,1000,Higher in AD
FXYD6,11747156_x_at,LOC53826,0.125940001159981,4.56782119205298,2.56570337865716,0.0107824196508599,0.688515517697222,-2.81752418765021,765,True,1000,Higher in AD
NPL,11759566_a_at,LOC80896,0.127946711437383,8.42068874172185,2.56546367199612,0.0107897090008964,0.688515517697222,-2.81806908531855,766,True,1000,Higher in AD
FCGR2A || FCGR2C,11751242_s_at,,0.0756905713698412,11.3308311258278,2.56540400861362,0.0107915240162774,0.688515517697222,-2.81820470370513,767,True,1000,Higher in AD
RBCK1,11752690_a_at,LOC10616,0.124100754995044,5.08567218543046,2.56500332311793,0.0108037203091872,0.688515517697222,-2.81911540759712,768,True,1000,Higher in AD
HDGF2*,11739812_a_at,LOC50810,0.173354468867474,4.70519205298013,2.56498622572783,0.0108042410031005,0.688515517697222,-2.81915426463499,769,True,1000,Higher in AD
IGLL1,11728026_x_at,LOC3543,0.0657688173254258,2.41594370860927,2.56442755851501,0.0108212673207845,0.688515517697222,-2.82042380526323,770,True,1000,Higher in AD
APC,11731561_a_at,LOC324,0.162497432641275,3.83008278145695,2.56433152200531,0.0108241966072717,0.688515517697222,-2.82064201642547,771,True,1000,Higher in AD
TMEM132A,11723445_a_at,LOC54972,0.0991393583535761,3.37281125827815,2.56368626247845,0.0108438965606766,0.688515517697222,-2.82210795306201,772,True,1000,Higher in AD
LOC100294341 || ARL17B || LOC100996709 || ARL17A,11739780_s_at,,-0.129494019395007,3.44690066225166,-2.56333083407342,0.0108547615636012,0.688515517697222,-2.82291528500824,773,True,1000,Lower in AD
UCP2,11757654_x_at,LOC7351,-0.0873779605221023,10.3426887417219,-2.5627309148152,0.0108731224072681,0.688515517697222,-2.82427771966922,774,True,1000,Lower in AD
OARD1,11735714_a_at,LOC221443,-0.0754854356867951,9.36020529801324,-2.56197978542035,0.0108961502252469,0.688515517697222,-2.82598312863352,775,True,1000,Lower in AD
PPA2,11760715_at,LOC27068,0.112678067615762,3.07535430463576,2.56153343745142,0.0109098548034836,0.688515517697222,-2.82699631800232,776,True,1000,Higher in AD
ZNF467,11764041_at,,0.177949736401755,6.16199668874172,2.56074317652572,0.010934156578794,0.688515517697222,-2.82878976134385,777,True,1000,Higher in AD
SREBF2,11723664_a_at,LOC6721,-0.099243569537118,4.52015894039735,-2.5606649484924,0.0109365648425613,0.688515517697222,-2.82896726584935,778,True,1000,Lower in AD
TMEM144,11741275_a_at,LOC55314,0.284818701387073,4.16435761589404,2.56062302042774,0.010937855800393,0.688515517697222,-2.82906240123317,779,True,1000,Higher in AD
METTL4,11734916_a_at,LOC64863,0.131404448404665,4.38775165562914,2.56058669543118,0.0109389743507596,0.688515517697222,-2.82914482197428,780,True,1000,Higher in AD
AGO4,11739597_at,LOC192670,0.117185002437319,7.83086092715232,2.5603920316149,0.0109449703463533,0.688515517697222,-2.8295864915635,781,True,1000,Higher in AD
RAB8B,11751370_a_at,LOC51762,0.0899297304920514,5.11819205298013,2.55873457275642,0.0109961420693306,0.688515517697222,-2.83334577690349,782,True,1000,Higher in AD
SLC6A6,11721993_at,LOC6533,0.0831120823232746,10.9945231788079,2.55856771737743,0.0110013053134234,0.688515517697222,-2.83372409333773,783,True,1000,Higher in AD
ADAT2,11732564_at,LOC134637,-0.161703318034093,3.85472185430464,-2.55802620581809,0.0110180769957348,0.688515517697222,-2.83495171748859,784,True,1000,Lower in AD
RPIA,11744116_s_at,LOC22934,-0.165931559351317,9.76882119205298,-2.55764307357533,0.0110299571454421,0.688515517697222,-2.83582014101646,785,True,1000,Lower in AD
CD58,11737835_at,LOC965,0.132771784281151,3.63246688741722,2.55701668478446,0.0110494048226746,0.688515517697222,-2.83723967292629,786,True,1000,Higher in AD
PRIMA1,11724340_at,LOC145270,-0.0496649591328555,2.31915894039735,-2.55678980572596,0.0110564563529156,0.688515517697222,-2.83775374797765,787,True,1000,Lower in AD
ATXN7,11731023_a_at,LOC6314,0.138317185094073,8.37760927152318,2.5567046795685,0.0110591031587654,0.688515517697222,-2.83794662029062,788,True,1000,Higher in AD
DHRS7,11744861_a_at,LOC51635,0.0550424818165248,10.5924238410596,2.55649554955347,0.0110656079871171,0.688515517697222,-2.83842042503465,789,True,1000,Higher in AD
ABL1,11740485_a_at,LOC25,-0.115510973477311,4.49859602649007,-2.55608408096824,0.0110784163745747,0.688515517697222,-2.83935253998129,790,True,1000,Lower in AD
KCNJ2,11730465_at,LOC3759,0.150275469103417,9.84264238410596,2.5559266583676,0.0110833201989785,0.688515517697222,-2.83970911737366,791,True,1000,Higher in AD
PFKFB3,11717732_s_at,LOC5209,0.122706385552119,9.0726523178808,2.55588086807346,0.0110847469625428,0.688515517697222,-2.83981283288156,792,True,1000,Higher in AD
KRT33B,11735568_at,LOC3884,0.0648772457412177,2.58696026490066,2.55539981035006,0.0110997459832143,0.688515517697222,-2.84090232674299,793,True,1000,Higher in AD
CKAP4,11726583_s_at,LOC10970,0.0948145951055148,10.4129072847682,2.55488983998912,0.0111156662612512,0.688515517697222,-2.84205708813684,794,True,1000,Higher in AD
VNN2,11746356_a_at,LOC8875,0.180909946383691,9.14871523178808,2.55486985411136,0.0111162905961886,0.688515517697222,-2.84210233907753,795,True,1000,Higher in AD
ICAM3,11755072_a_at,LOC3385,0.0552583840239935,11.8107715231788,2.55464127768448,0.0111234332773631,0.688515517697222,-2.84261984543055,796,True,1000,Higher in AD
TMEM97,11721632_a_at,LOC27346,-0.134504117341801,4.698,-2.55458616686167,0.0111251560233709,0.688515517697222,-2.84274461197727,797,True,1000,Lower in AD
CCP110,11745800_a_at,LOC9738,-0.0611622348375228,2.3506357615894,-2.55447515422347,0.0111286269646963,0.688515517697222,-2.84299592802562,798,True,1000,Lower in AD
FCAR,11761102_x_at,,0.19426526510638,7.19328476821192,2.55410045980225,0.0111403493676314,0.688515517697222,-2.84384410341207,799,True,1000,Higher in AD
TMEM144,11741276_s_at,LOC55314,0.314205787688246,4.11862582781457,2.55368979735465,0.0111532096982501,0.688515517697222,-2.84477356142994,800,True,1000,Higher in AD
SSBP3,11722640_s_at,LOC23648,-0.15505457002754,8.14521523178808,-2.55293020990692,0.0111770319158055,0.688557219392369,-2.84649237074994,801,True,1000,Lower in AD
FCHSD2,11718185_a_at,LOC9873,0.142137590448522,6.13098344370861,2.55277930732445,0.0111817699338412,0.688557219392369,-2.84683377802221,802,True,1000,Higher in AD
ENSG00000229766,11762141_a_at,,-0.052234331317899,2.28095364238411,-2.5518996749051,0.0112094242085801,0.689400527976258,-2.84882350618101,803,True,1000,Lower in AD
MIR600HG,11744420_at,LOC81571,-0.229723726560145,6.06703311258278,-2.55004268296203,0.0112680056945765,0.691858317846418,-2.85302187422581,804,True,1000,Lower in AD
KAZN,11719885_a_at,LOC23254,0.196656341410652,2.96301986754967,2.5486867364707,0.0113109534052181,0.691858317846418,-2.85608561629251,805,True,1000,Higher in AD
VAV2,11744302_a_at,LOC7410,-0.0990544140692134,4.15264569536424,-2.54805214302191,0.011331103397213,0.691858317846418,-2.85751893754874,806,True,1000,Lower in AD
USF2,11718357_x_at,LOC7392,-0.0741850474699,9.18196688741722,-2.54765027327231,0.011343880364999,0.691858317846418,-2.85842644260683,807,True,1000,Lower in AD
EIF4G3,11751928_x_at,,0.106650027089148,6.71767880794702,2.54745903508676,0.0113499650672457,0.691858317846418,-2.85885825007606,808,True,1000,Higher in AD
CFLAR,11756996_x_at,LOC8837,0.116309934130634,8.46714900662252,2.54721042492035,0.0113578795503559,0.691858317846418,-2.85941955476401,809,True,1000,Higher in AD
RXRG,11727086_at,LOC6258,-0.0596163900978899,2.27832450331126,-2.54668289063631,0.0113746898705234,0.691858317846418,-2.86061043306322,810,True,1000,Lower in AD
CRISPLD2,11723030_at,LOC83716,0.127027992280191,10.767417218543,2.54634039166188,0.0113856157671072,0.691858317846418,-2.86138347887176,811,True,1000,Higher in AD
USB1,11717149_a_at,LOC79650,0.116099661454034,6.23477152317881,2.54629461671391,0.0113870767210055,0.691858317846418,-2.86148678884312,812,True,1000,Higher in AD
BIN3,11720802_s_at,LOC55909,0.0795357369918131,8.8907417218543,2.54621935774335,0.0113894790509281,0.691858317846418,-2.86165663777205,813,True,1000,Higher in AD
FBXO7,11739400_s_at,LOC25793,-0.12047323079678,11.0240231788079,-2.54564919094187,0.0114076939509869,0.691929936812986,-2.86294326866567,814,True,1000,Lower in AD
SLC22A15,11753095_a_at,LOC55356,0.0800125272097126,2.31047682119205,2.54530571599492,0.0114186793525004,0.691929936812986,-2.86371821708688,815,True,1000,Higher in AD
ACOX1,11750711_a_at,LOC51,0.173846647286315,7.51330132450331,2.54320546943187,0.0114860573131007,0.695159836353912,-2.86845462576896,816,True,1000,Higher in AD
OLFML1,11751274_a_at,LOC283298,-0.0746212813836467,2.79592715231788,-2.54131590185772,0.0115469792963299,0.697918890394477,-2.87271273147433,817,True,1000,Lower in AD
SKAP2,11758114_x_at,LOC8935,0.0637621079768023,11.0910860927152,2.54091602431864,0.011559908726009,0.697918890394477,-2.87361346115926,818,True,1000,Higher in AD
PODN,11747940_a_at,LOC127435,0.0532776641965048,2.33863907284768,2.54015561491618,0.0115845310277121,0.698551464388997,-2.8753259208851,819,True,1000,Higher in AD
ZNF438,11737606_s_at,LOC220929,0.172961788436393,6.11519205298013,2.53901190932724,0.0116216526584715,0.699935290477163,-2.8779006519478,820,True,1000,Higher in AD
PNOC,11725242_at,LOC5368,-0.206664631502327,5.74109271523179,-2.53731545548932,0.0116769103809578,0.70142457503199,-2.88171770305112,821,True,1000,Lower in AD
IL27,11735577_at,LOC246778,0.071904062881805,3.21782450331126,2.53658404771209,0.0117008063335779,0.70142457503199,-2.88336263268523,822,True,1000,Higher in AD
TLDC1,11730348_at,LOC57707,-0.116694467228514,3.84570198675497,-2.53644654194594,0.011705303674212,0.70142457503199,-2.88367183142094,823,True,1000,Lower in AD
SLC11A1,11748920_x_at,LOC6556,0.188484297885074,7.84492052980132,2.53633665948772,0.0117088986591903,0.70142457503199,-2.88391890423564,824,True,1000,Higher in AD
CA14,11723099_a_at,LOC23632,0.0402390016590074,1.83999337748344,2.53502686925168,0.0117518264532241,0.70142457503199,-2.88686320644665,825,True,1000,Higher in AD
RFWD2,11718171_a_at,LOC64326,0.0860031723869235,8.16391059602649,2.53478247600708,0.0117598518467082,0.70142457503199,-2.88741242202531,826,True,1000,Higher in AD
CCNB1IP1,11718422_s_at,LOC57820,-0.133457052606036,7.38265231788079,-2.53294304872211,0.0118204119463213,0.70142457503199,-2.89154447561357,827,True,1000,Lower in AD
CHID1,11739520_a_at,LOC66005,-0.132834001779293,6.21675165562914,-2.53207827950229,0.0118489789797089,0.70142457503199,-2.89348608737439,828,True,1000,Lower in AD
LPCAT2,11725417_a_at,LOC54947,0.203374167105898,7.6186059602649,2.53165462465613,0.011862996557707,0.70142457503199,-2.89443706201518,829,True,1000,Higher in AD
TBC1D10A,11754712_a_at,LOC83874,-0.0914724877571209,4.56084437086093,-2.5312750102435,0.0118755695106198,0.70142457503199,-2.8952890504801,830,True,1000,Lower in AD
ZNF621,11738141_a_at,LOC285268,0.0536739084920631,2.28550993377483,2.53102470792193,0.011883866100073,0.70142457503199,-2.89585075037556,831,True,1000,Higher in AD
DOCK5,11736564_at,LOC80005,0.153550362513476,7.87106622516556,2.53095377719284,0.0118862181285748,0.70142457503199,-2.8960099153833,832,True,1000,Higher in AD
PROSER2,11728843_a_at,LOC254427,-0.112724699054324,3.37376158940397,-2.53080171643485,0.0118912617873818,0.70142457503199,-2.89635111777549,833,True,1000,Lower in AD
CFLAR,11746342_a_at,LOC8837,0.132500867344354,8.6550298013245,2.53074963494794,0.0118929897014137,0.70142457503199,-2.89646797661775,834,True,1000,Higher in AD
BTN3A2 || BTN3A1,11726647_s_at,,-0.160003529584427,6.94229801324503,-2.53011435297527,0.011914084548444,0.70142457503199,-2.89789321811928,835,True,1000,Lower in AD
BAG1,11716127_a_at,LOC573,-0.190265599974924,9.50529139072848,-2.5297852939395,0.0119250242162165,0.70142457503199,-2.89863132080001,836,True,1000,Lower in AD
TNFRSF9,11740393_at,LOC3604,0.215393260592773,6.76188741721854,2.529391038876,0.0119381431317011,0.70142457503199,-2.89951554215832,837,True,1000,Higher in AD
CDKL2,11758518_s_at,LOC8999,0.0671210602756083,2.12100331125828,2.52925810061465,0.0119425695770137,0.70142457503199,-2.89981366175981,838,True,1000,Higher in AD
POLA1,11726156_at,LOC5422,-0.101925990739957,5.99671854304636,-2.52920059733348,0.0119444847168349,0.70142457503199,-2.89994261063647,839,True,1000,Lower in AD
TM6SF1,11728884_a_at,LOC53346,0.181827358282036,7.23544370860927,2.52912255420428,0.0119470843715363,0.70142457503199,-2.9001176148507,840,True,1000,Higher in AD
TCL1A,11754072_a_at,LOC8115,-0.287619355075513,5.01295033112583,-2.52783985698097,0.0119898839374527,0.70142457503199,-2.90299320173358,841,True,1000,Lower in AD
TAF1C,11747885_x_at,LOC9013,0.0695451601955329,2.49772516556291,2.52774797719309,0.0119929549131045,0.70142457503199,-2.90319912701306,842,True,1000,Higher in AD
SF3B3,11722175_a_at,LOC23450,-0.153124161879542,5.24740397350993,-2.52771537459692,0.0119940447856165,0.70142457503199,-2.9032721957602,843,True,1000,Lower in AD
COL13A1,11730534_x_at,LOC1305,0.112980565129711,2.63709933774834,2.5275755660874,0.0119987194462817,0.70142457503199,-2.903585523574,844,True,1000,Higher in AD
MDM2,11731566_a_at,LOC4193,0.125693014844618,2.64579139072848,2.52728709991993,0.0120083697792791,0.70142457503199,-2.90423195895281,845,True,1000,Higher in AD
EIF1AY,11720807_x_at,LOC9086,-0.172103963891673,5.45428476821192,-2.52677622986881,0.0120254773689038,0.70142457503199,-2.90537661534287,846,True,1000,Lower in AD
MRPL44,11721453_at,LOC65080,0.0750516034654352,6.77295364238411,2.52664548985318,0.0120298589691835,0.70142457503199,-2.90566951617884,847,True,1000,Higher in AD
LTB4R,11731134_a_at,LOC1241,0.172247453831687,6.71830794701987,2.52544349179452,0.0120702092363443,0.702918214433536,-2.90836171128585,848,True,1000,Higher in AD
ST3GAL4,11717814_x_at,LOC6484,0.162500802998123,5.0020761589404,2.52475852190387,0.0120932571025662,0.702918214433536,-2.90989533713361,849,True,1000,Higher in AD
KAT6A,11761134_at,,0.114723706304909,3.30942715231788,2.52408565534249,0.0121159358756878,0.702918214433536,-2.91140147744999,850,True,1000,Higher in AD
GABRR1,11750955_a_at,LOC2569,-0.0500576868127547,2.0938178807947,-2.52359924272097,0.0121323538547083,0.702918214433536,-2.91249002184118,851,True,1000,Lower in AD
FAM153A || FAM153B || FAM153C,11738032_x_at,,-0.0678360313505982,4.02708940397351,-2.52309759375701,0.0121493068618092,0.702918214433536,-2.91361245396605,852,True,1000,Lower in AD
SEMA4B,11718295_a_at,LOC10509,0.108511355524212,3.26219536423841,2.52275713212718,0.0121608246288475,0.702918214433536,-2.91437411050287,853,True,1000,Higher in AD
ORC6,11727837_at,LOC23594,-0.128443232914185,3.16542715231788,-2.52258359210457,0.012166699203233,0.702918214433536,-2.91476230415088,854,True,1000,Lower in AD
MBOAT7,11730612_a_at,LOC79143,0.149238832756748,6.89498344370861,2.52208790795525,0.012183492732028,0.702918214433536,-2.91587096528574,855,True,1000,Higher in AD
SPAG11B || SPAG11A,11733514_s_at,,-0.0559867534547071,2.88536092715232,-2.52193135574264,0.0121888009297157,0.702918214433536,-2.91622107116717,856,True,1000,Lower in AD
BANF1,11716885_x_at,LOC8815,-0.0851007421117341,8.69084105960265,-2.52166587481187,0.0121978072686498,0.702918214433536,-2.91681473261233,857,True,1000,Lower in AD
MAGI1,11733553_a_at,LOC9223,0.05134515146015,2.222,2.52086096134237,0.0122251498832887,0.703672788037406,-2.91861429425499,858,True,1000,Higher in AD
PSMF1,11756241_s_at,LOC9491,-0.103850555880228,10.0187350993377,-2.52037514708021,0.0122416792144969,0.703803922802265,-2.91970017385792,859,True,1000,Lower in AD
APOA5,11756672_a_at,LOC116519,-0.0629406863863836,2.94270529801324,-2.51974610308316,0.0122631113548475,0.704216299268022,-2.92110590010807,860,True,1000,Lower in AD
TACC3,11760424_x_at,,0.096745503664047,4.17186754966887,2.51816970131529,0.0123169677372197,0.706418264283,-2.92462721781554,861,True,1000,Higher in AD
RAB7L1,11736550_x_at,LOC8934,-0.131935132551732,6.63082781456954,-2.5172361267879,0.012348961678922,0.706418264283,-2.92671161606011,862,True,1000,Lower in AD
QRSL1,11730226_x_at,LOC55278,-0.144460302572138,5.8896357615894,-2.51696131630505,0.0123583936188778,0.706418264283,-2.92732504675026,863,True,1000,Lower in AD
FAM160A1,11735480_a_at,LOC729830,0.104923205239531,2.82885430463576,2.5169532052676,0.0123586721002007,0.706418264283,-2.92734315119925,864,True,1000,Higher in AD
BANF1,11757065_x_at,LOC8815,-0.0554465750004094,9.76668543046358,-2.51606901375253,0.0123890631174884,0.707336729618823,-2.92931639956787,865,True,1000,Lower in AD
COMMD3,11754783_x_at,LOC23412,-0.102057078679283,6.8071059602649,-2.51496027213349,0.0124272662671974,0.708014440466937,-2.93178984058535,866,True,1000,Lower in AD
PACSIN1,11739858_a_at,LOC29993,-0.09089526180745,4.2374238410596,-2.51480193142053,0.0124327306524633,0.708014440466937,-2.93214299071595,867,True,1000,Lower in AD
EIF3B,11745972_x_at,LOC8662,-0.114577407999425,6.71260927152318,-2.51444317043694,0.0124451195139719,0.708014440466937,-2.9329430632339,868,True,1000,Lower in AD
ATP11B,11751658_a_at,LOC23200,0.12347420244541,6.41822847682119,2.51310225208851,0.0124915219204609,0.708014440466937,-2.93593247906456,869,True,1000,Higher in AD
MLPH,11719265_a_at,LOC79083,0.0564892191198284,2.51300662251656,2.51305806894674,0.0124930534925413,0.708014440466937,-2.93603095414463,870,True,1000,Higher in AD
CASP4,11748529_x_at,LOC837,0.0761211444061303,10.4813079470199,2.51221600619747,0.0125222748621511,0.708014440466937,-2.93790742180604,871,True,1000,Higher in AD
AGPAT9,11725496_a_at,LOC84803,0.169091627382573,8.83731125827815,2.5119433811125,0.0125317485580717,0.708014440466937,-2.93851481574785,872,True,1000,Higher in AD
TAS2R3,11738194_at,LOC50831,-0.0669834384942995,2.4375298013245,-2.51168510660782,0.0125407294553617,0.708014440466937,-2.93909017931764,873,True,1000,Lower in AD
LSM5,11723958_s_at,LOC23658,-0.102417819029181,7.88033443708609,-2.51165453411579,0.012541792921922,0.708014440466937,-2.93915828256498,874,True,1000,Lower in AD
ARMC8,11733929_a_at,LOC25852,-0.112520589812735,6.18909271523179,-2.51151273995682,0.0125467262922716,0.708014440466937,-2.93947413271863,875,True,1000,Lower in AD
SBNO2,11718692_x_at,LOC22904,0.157178587066797,6.62328476821192,2.5111707231837,0.0125586330103478,0.708014440466937,-2.94023591385773,876,True,1000,Higher in AD
DYX1C1-CCPG1 || CCPG1,11750355_a_at,,0.154041224447748,6.60738741721854,2.51010109059886,0.012595935323448,0.709231062026287,-2.942617689626,877,True,1000,Higher in AD
NR2C2AP,11744801_a_at,LOC126382,-0.0827097415506678,5.80738410596026,-2.50972898603496,0.0126089351731074,0.709231062026287,-2.9434460363543,878,True,1000,Lower in AD
PKD2,11751369_a_at,LOC5311,-0.056904510283852,2.14544701986755,-2.50921289642821,0.0126269850451241,0.709438320180315,-2.94459471592323,879,True,1000,Lower in AD
PLEKHH1,11748183_a_at,LOC57475,0.0587727988378315,2.61679801324503,2.50839484824444,0.0126556428074357,0.709480370280376,-2.94641501360968,880,True,1000,Higher in AD
KRTAP23-1,11738977_at,LOC337963,-0.0768961927746764,3.09538079470199,-2.50837138787656,0.0126564655209373,0.709480370280376,-2.94646720859665,881,True,1000,Lower in AD
CD46,11755715_x_at,LOC4179,0.111491561991747,3.71995364238411,2.50756759351437,0.0126846819206162,0.709860741678682,-2.9482552210496,882,True,1000,Higher in AD
RNF24,11740117_a_at,LOC11237,0.160038495320122,8.65353311258278,2.50709506986356,0.0127012954975753,0.709860741678682,-2.94930607798128,883,True,1000,Higher in AD
TLDC1,11730349_a_at,LOC57707,0.11251492550605,4.29579801324503,2.50685048612261,0.0127099024784125,0.709860741678682,-2.94984993947867,884,True,1000,Higher in AD
RNF220,11754961_a_at,LOC55182,-0.0835581450024352,9.05729801324503,-2.50654255966668,0.0127207458872076,0.709860741678682,-2.95053457910153,885,True,1000,Lower in AD
IGF2 || INS-IGF2,11756003_x_at,,-0.272086773972838,4.34803642384106,-2.50468728386366,0.0127862524099175,0.711170707041486,-2.9546578750738,886,True,1000,Lower in AD
DYSF,11747936_a_at,LOC8291,0.179911536014636,9.82577152317881,2.50466060548042,0.0127871965607386,0.711170707041486,-2.95471714573134,887,True,1000,Higher in AD
ACP1,11717157_a_at,LOC52,-0.141262516681884,8.07687086092715,-2.5045290715324,0.0127918524676826,0.711170707041486,-2.95500936240581,888,True,1000,Lower in AD
ITGB2,11717337_a_at,LOC3689,0.0621641458853391,11.3041357615894,2.50397543564816,0.0128114660487623,0.711170707041486,-2.95623916281094,889,True,1000,Higher in AD
JAZF1,11720529_at,LOC221895,-0.246461859110787,8.08523178807947,-2.50384130811396,0.0128162217889062,0.711170707041486,-2.95653706341237,890,True,1000,Lower in AD
RERE,11716257_s_at,LOC473,0.157152853879468,6.71404635761589,2.50296109793886,0.0128474702476421,0.711353705655788,-2.95849165398648,891,True,1000,Higher in AD
FNIP1,11731054_s_at,LOC96459,0.178948323188292,7.31977483443709,2.50293697558704,0.012848327571477,0.711353705655788,-2.95854521072678,892,True,1000,Higher in AD
IRAK3,11726896_a_at,LOC11213,0.233885326131636,7.51048013245033,2.50180232868191,0.0128887111693419,0.712790470110996,-2.96106381068359,893,True,1000,Higher in AD
BEST1,11740094_a_at,LOC7439,0.172729701331094,5.35041059602649,2.50107306713684,0.0129147261050158,0.713430272284463,-2.96268199227161,894,True,1000,Higher in AD
ATP5SL,11760106_at,,0.110303431993588,3.12551986754967,2.50028889286849,0.0129427520250401,0.713698444144023,-2.96442151865621,895,True,1000,Higher in AD
CCL24,11743230_at,LOC6369,-0.0639977894604025,2.9612880794702,-2.49974287502255,0.0129622982968623,0.713698444144023,-2.96563243718183,896,True,1000,Lower in AD
RPP40,11724083_a_at,LOC10799,-0.139921693270259,2.85328476821192,-2.49972510325606,0.0129629349288703,0.713698444144023,-2.96567184586336,897,True,1000,Lower in AD
PIK3CB,11748466_a_at,LOC5291,0.0983122240100818,4.3450298013245,2.49889904734441,0.0129925571438928,0.713999110751065,-2.96750331972443,898,True,1000,Higher in AD
TLR1,11758377_s_at,LOC7096,0.111574211143626,9.11336092715232,2.49876663578584,0.0129973109902646,0.713999110751065,-2.9677968396741,899,True,1000,Higher in AD
TMOD1,11754381_a_at,LOC7111,-0.263780019819469,8.14918874172185,-2.497632384646,0.0130380963262942,0.71544380574485,-2.97031055324426,900,True,1000,Lower in AD
STRN,11730500_at,LOC6801,0.167732836818575,3.77568543046358,2.49685974540219,0.0130659439457368,0.716176146175538,-2.97202224263779,901,True,1000,Higher in AD
IQGAP1,11752003_a_at,LOC8826,0.198465100246557,5.71878145695364,2.49627594610113,0.0130870204094324,0.716536130754132,-2.97331524427185,902,True,1000,Higher in AD
MEGF6,11727947_at,LOC1953,0.160307360453343,6.32567218543046,2.49535201660532,0.0131204380931388,0.71695651828583,-2.9753609776566,903,True,1000,Higher in AD
PMEPA1,11716149_a_at,LOC56937,-0.22212792811443,5.39077483443709,-2.49473913145022,0.0131426474058313,0.71695651828583,-2.97671760804576,904,True,1000,Lower in AD
LIFR,11758145_s_at,LOC3977,0.0418252107843885,1.7633178807947,2.494067232096,0.013167033619328,0.71695651828583,-2.97820450139901,905,True,1000,Higher in AD
WLS,11718761_a_at,LOC79971,0.246976516766335,6.70561258278146,2.49386564591311,0.0131743579153812,0.71695651828583,-2.97865053102051,906,True,1000,Higher in AD
ACSL3,11743606_a_at,LOC2181,0.102092851055325,6.60986754966887,2.4937147498203,0.0131798428411137,0.71695651828583,-2.97898438119828,907,True,1000,Higher in AD
LDOC1L,11719153_at,LOC84247,0.0531985051117934,2.13922185430464,2.49366083974101,0.0131818029118279,0.71695651828583,-2.97910364991561,908,True,1000,Higher in AD
BCL2L1,11739958_x_at,LOC598,-0.24663712349368,6.21912251655629,-2.49212786258032,0.0132376476413529,0.718290334498993,-2.98249412231746,909,True,1000,Lower in AD
DCTN2,11758722_at,,0.0874966274575941,10.0439139072848,2.49211228824123,0.0132382160750183,0.718290334498993,-2.98252855772712,910,True,1000,Higher in AD
GLT8D2,11743776_a_at,LOC83468,-0.0712285247053,2.37071523178808,-2.49170774878402,0.0132529885933337,0.718290334498993,-2.9834229366106,911,True,1000,Lower in AD
ADA,11718788_a_at,LOC100,-0.136519994028374,6.6119238410596,-2.49086882174907,0.0132836702790369,0.718290334498993,-2.98527724213062,912,True,1000,Lower in AD
FPR2,11734034_a_at,LOC2358,0.17463227133946,6.56116225165563,2.49079493228121,0.0132863756253984,0.718290334498993,-2.98544053364191,913,True,1000,Higher in AD
SAMD7,11715109_at,LOC344658,-0.063576861200818,2.80909933774834,-2.49057472942464,0.0132944409091023,0.718290334498993,-2.98592714194947,914,True,1000,Lower in AD
C9ORF3,11762293_a_at,LOC84909,-0.100402418799904,2.92814900662252,-2.49020106168259,0.0133081370442348,0.718290334498993,-2.9867527857065,915,True,1000,Lower in AD
DICER1,11740190_s_at,LOC23405,0.138538452512988,8.42332781456954,2.48775065084878,0.0133982635883187,0.72019612190178,-2.99216419802677,916,True,1000,Higher in AD
ETV1,11733181_at,LOC2115,0.0413835666446978,1.7607582781457,2.48769047994384,0.0134004834881129,0.72019612190178,-2.99229701357026,917,True,1000,Higher in AD
MPP6,11723860_a_at,LOC51678,-0.0928122115899721,2.89770529801324,-2.48748083782018,0.0134082204180093,0.72019612190178,-2.99275973371164,918,True,1000,Lower in AD
ATXN7,11731024_s_at,LOC6314,0.111232408490815,8.99550331125828,2.48709248205926,0.0134225633323092,0.72019612190178,-2.99361681046719,919,True,1000,Higher in AD
NEUROD2,11730016_s_at,LOC4761,-0.0700434237914898,3.06697350993377,-2.48667638357785,0.0134379459725519,0.72019612190178,-2.99453497174531,920,True,1000,Lower in AD
,11763745_a_at,,0.058404691253518,2.75304966887417,2.4866397653371,0.0134393004523702,0.72019612190178,-2.99461576638318,921,True,1000,Higher in AD
ILF3,11718549_a_at,LOC3609,-0.0780810886832954,7.751,-2.48573154934073,0.0134729334661502,0.72019612190178,-2.99661929408235,922,True,1000,Lower in AD
ZNF470,11730575_at,LOC388566,-0.106772244169881,2.88457947019868,-2.48370399595114,0.0135482875691794,0.72019612190178,-3.00108956011435,923,True,1000,Lower in AD
TRPC3,11756921_a_at,LOC7222,-0.0593253172932842,2.60543377483444,-2.48367082430129,0.0135495235000001,0.72019612190178,-3.00116266661271,924,True,1000,Lower in AD
ASPH,11721775_s_at,LOC444,0.263093280218167,5.80766556291391,2.48288754220545,0.0135787366381366,0.72019612190178,-3.00288865900819,925,True,1000,Higher in AD
IFNGR2,11715532_a_at,LOC3460,0.100927276569432,9.51704966887417,2.48275385947107,0.0135837280263981,0.72019612190178,-3.00318318210118,926,True,1000,Higher in AD
KIF3C,11717812_a_at,LOC3797,0.16289471581132,5.89770529801325,2.48206609932931,0.0136094330758572,0.72019612190178,-3.0046981811524,927,True,1000,Higher in AD
OR6C3,11742610_at,LOC254786,0.0592388838758876,2.29923509933775,2.48124101459904,0.0136403276091253,0.72019612190178,-3.00651514964786,928,True,1000,Higher in AD
TMEM144,11741277_x_at,LOC55314,0.262980451617276,4.38124834437086,2.48111619275003,0.0136450068656952,0.72019612190178,-3.006789977031,929,True,1000,Higher in AD
PRL,11715754_at,LOC5617,0.0973051368769886,2.51635430463576,2.48077901784077,0.0136576538278084,0.72019612190178,-3.00753228819107,930,True,1000,Higher in AD
TRPM2,11746072_a_at,LOC7226,0.0820631409310953,2.87897682119205,2.48045853909991,0.0136696841844857,0.72019612190178,-3.00823775232729,931,True,1000,Higher in AD
FAM129C,11740777_a_at,LOC199786,-0.168307756065596,10.0674072847682,-2.48007768221195,0.013683993290229,0.72019612190178,-3.00907601251376,932,True,1000,Lower in AD
GUCD1,11717000_s_at,LOC83606,-0.119688881954761,10.5657052980132,-2.48003219503747,0.0136857031692155,0.72019612190178,-3.00917612086394,933,True,1000,Lower in AD
CBL,11724809_at,LOC867,0.0835650585784509,10.0072516556291,2.47949123436637,0.0137060526168865,0.72019612190178,-3.01036653465206,934,True,1000,Higher in AD
PA2G4,11757850_s_at,LOC5036,-0.112833198804102,9.33023509933775,-2.47939234469935,0.0137097754755556,0.72019612190178,-3.01058411997999,935,True,1000,Lower in AD
ECHDC3,11728810_a_at,LOC79746,0.204626627925036,5.62878476821192,2.47887513752926,0.0137292611888123,0.72019612190178,-3.01172198735761,936,True,1000,Higher in AD
PRR5,11756718_a_at,LOC55615,-0.154122143487001,5.0591821192053,-2.47882537696867,0.01373113720717,0.72019612190178,-3.01183144974063,937,True,1000,Lower in AD
SPATA7,11724625_a_at,LOC55812,-0.149313838272121,4.07991390728477,-2.47870188848223,0.0137357938183369,0.72019612190178,-3.01210308840942,938,True,1000,Lower in AD
VMO1,11727698_a_at,LOC284013,-0.200207090845023,3.66885099337748,-2.47828568868921,0.0137514985665031,0.72019612190178,-3.01301851134044,939,True,1000,Lower in AD
DENND3,11745545_a_at,LOC22898,0.125071059998365,7.60156953642384,2.47801791211986,0.0137616111841674,0.72019612190178,-3.01360740273808,940,True,1000,Higher in AD
RRAGD,11728241_at,LOC58528,0.130155282689027,7.81139735099338,2.47747289044393,0.0137822143907433,0.72019612190178,-3.01480582072925,941,True,1000,Higher in AD
RAB30,11735765_a_at,LOC27314,-0.218598398997288,5.43928145695364,-2.47739815482539,0.0137850417206256,0.72019612190178,-3.01497013309585,942,True,1000,Lower in AD
ENC1,11746928_a_at,LOC8507,-0.22536365581332,4.32810927152318,-2.4766290014999,0.0138141695522458,0.72019612190178,-3.01666090421439,943,True,1000,Lower in AD
MSL1,11745751_a_at,LOC339287,0.200514364610105,5.79536754966887,2.47639631084872,0.0138229923007021,0.72019612190178,-3.01717231144153,944,True,1000,Higher in AD
CHID1,11752736_x_at,LOC66005,-0.126294162278998,6.39487417218543,-2.47583150005208,0.0138444285906811,0.72019612190178,-3.01841346083027,945,True,1000,Lower in AD
,11763437_at,,-0.174192558084777,5.56764900662252,-2.47539579534911,0.0138609850611999,0.72019612190178,-3.01937071974858,946,True,1000,Lower in AD
KLF7,11715270_s_at,LOC8609,0.192834401616508,4.87676158940397,2.47536169487309,0.0138622815962118,0.72019612190178,-3.01944563292549,947,True,1000,Higher in AD
TNFRSF1A,11754297_s_at,LOC7132,0.0813383447277365,9.80708940397351,2.47497728689458,0.0138769046269987,0.72019612190178,-3.02029004622493,948,True,1000,Higher in AD
,11762030_at,,0.16856352196505,3.66212251655629,2.47481934341047,0.0138829168254699,0.72019612190178,-3.02063695788111,949,True,1000,Higher in AD
DYX1C1-CCPG1 || CCPG1,11748068_x_at,,0.178840283633525,6.73929139072848,2.47469231217918,0.0138877540103193,0.72019612190178,-3.02091595760893,950,True,1000,Higher in AD
RPAIN,11744627_x_at,LOC84268,-0.0745478639063054,5.96187417218543,-2.47424205007522,0.0139049114550678,0.72019612190178,-3.02190476165493,951,True,1000,Lower in AD
PRR5,11763538_x_at,LOC55615,-0.158330717088299,5.4642880794702,-2.47418202516872,0.0139072001519315,0.72019612190178,-3.02203656714913,952,True,1000,Lower in AD
FCRL2,11735360_a_at,LOC79368,-0.231468717135899,3.70255960264901,-2.47379636634748,0.013921912957653,0.72019612190178,-3.02288334188263,953,True,1000,Lower in AD
ADAP1,11751432_a_at,LOC11033,0.0935164951331718,3.00774503311258,2.47324736462648,0.0139428810840066,0.72019612190178,-3.02408854398871,954,True,1000,Higher in AD
CCDC125,11749428_a_at,LOC202243,0.126489802465253,2.36315562913907,2.47263826193496,0.0139661774410789,0.72019612190178,-3.02542538411714,955,True,1000,Higher in AD
C5ORF20,11732813_at,LOC140947,-0.14726499026729,3.49994039735099,-2.47220332380872,0.0139828336506466,0.72019612190178,-3.02637978046153,956,True,1000,Lower in AD
RNF166,11723494_a_at,LOC115992,0.100095901523633,8.66911258278146,2.47195753182584,0.0139922541894122,0.72019612190178,-3.02691905737722,957,True,1000,Higher in AD
SMIM6,11754501_s_at,LOC100130933,0.0616351723314943,2.78471523178808,2.47123756660172,0.0140198809082992,0.72019612190178,-3.02849839329665,958,True,1000,Higher in AD
DEPDC1B,11742239_a_at,LOC55789,-0.0555538788140686,2.44949337748344,-2.47064426424062,0.0140426836375641,0.72019612190178,-3.02979954737598,959,True,1000,Lower in AD
CYP4F3,11733297_at,LOC4051,0.276064174801688,6.0810761589404,2.47030794777529,0.0140556240850237,0.72019612190178,-3.03053698052156,960,True,1000,Higher in AD
ABRA,11734151_at,LOC137735,0.173396453910513,3.93564900662252,2.47016396693989,0.014061167267766,0.72019612190178,-3.03085265454222,961,True,1000,Higher in AD
TSTD2,11733863_a_at,LOC158427,-0.166920474691402,7.16749668874172,-2.47000511158808,0.0140672853609715,0.72019612190178,-3.03120092011597,962,True,1000,Lower in AD
RNF169,11721938_at,LOC254225,0.0953120983151853,8.62322847682119,2.4699473506839,0.0140695105272383,0.72019612190178,-3.03132754657671,963,True,1000,Higher in AD
BMX,11729289_a_at,LOC660,0.267731103094494,4.74087748344371,2.46989759328318,0.014071427618887,0.72019612190178,-3.03143662507027,964,True,1000,Higher in AD
ADM,11753618_a_at,LOC133,0.130336989330875,4.17180132450331,2.46986725474067,0.0140725966394366,0.72019612190178,-3.03150313238686,965,True,1000,Higher in AD
PICALM,11719909_s_at,LOC8301,0.129865257177765,7.46750662251656,2.46883823238972,0.0141122985106361,0.721480304602767,-3.03375846420197,966,True,1000,Higher in AD
ZNF573,11754898_a_at,LOC126231,-0.107607735669806,7.68791059602649,-2.46809839496227,0.0141409043667778,0.722195142769069,-3.03537942741959,967,True,1000,Lower in AD
BCAS4,11726968_a_at,LOC55653,-0.165813985527573,7.3713178807947,-2.46683662338492,0.014189809487232,0.722730856900648,-3.03814286194545,968,True,1000,Lower in AD
8-Sep,11757722_s_at,LOC23176,-0.159932840692415,4.51241390728477,-2.46575462058374,0.0142318663221529,0.722730856900648,-3.0405115044367,969,True,1000,Lower in AD
LDLRAD1,11740868_a_at,LOC388633,-0.070392811374127,2.9045761589404,-2.46548399482918,0.0142424026555451,0.722730856900648,-3.04110378344361,970,True,1000,Lower in AD
NUMB,11741062_s_at,LOC8650,0.14890617852649,5.24008609271523,2.46543125360087,0.0142444568467549,0.722730856900648,-3.04121920321676,971,True,1000,Higher in AD
CTBS,11758281_s_at,LOC1486,0.121759415859388,8.58512913907285,2.46519614127292,0.0142536173130062,0.722730856900648,-3.04173369818225,972,True,1000,Higher in AD
C16ORF72,11743153_at,LOC29035,0.139682234914857,8.11635430463576,2.46513048516431,0.0142561763446026,0.722730856900648,-3.04187736468774,973,True,1000,Higher in AD
TOR1AIP2,11743231_at,LOC163590,0.0753073412927017,2.03064238410596,2.46445400539487,0.0142825667470554,0.722730856900648,-3.04335740203316,974,True,1000,Higher in AD
IRAK3,11742017_a_at,LOC11213,0.188772393971176,6.10756622516556,2.46364726533336,0.0143140954001846,0.722730856900648,-3.04512192162697,975,True,1000,Higher in AD
IRF5,11752974_a_at,LOC3663,-0.107939291419059,3.62424503311258,-2.46317754266536,0.0143324812988267,0.722730856900648,-3.04614905484086,976,True,1000,Lower in AD
USP40,11740135_s_at,LOC55230,-0.112097314627689,5.08141390728477,-2.46287519728077,0.0143443267825988,0.722730856900648,-3.04681008838196,977,True,1000,Lower in AD
ALG1,11728198_at,,-0.118874500054134,4.52695695364238,-2.46275929234476,0.0143488700821124,0.722730856900648,-3.04706347683076,978,True,1000,Lower in AD
TMEM156,11739809_at,LOC80008,-0.152913338421447,5.74584437086093,-2.46263040231711,0.014353923875689,0.722730856900648,-3.04734523956485,979,True,1000,Lower in AD
ZNF513,11729347_x_at,LOC130557,0.0842845085764182,3.77583774834437,2.46245596780575,0.0143607659866907,0.722730856900648,-3.04772654330534,980,True,1000,Higher in AD
NADK,11734870_a_at,LOC65220,0.0597536501141314,11.2876357615894,2.46215500779391,0.014372577797862,0.722730856900648,-3.04838436372182,981,True,1000,Higher in AD
CD22,11754830_a_at,LOC933,-0.251536114985128,6.03526821192053,-2.46184217760126,0.0143848646066052,0.722730856900648,-3.04906804775219,982,True,1000,Lower in AD
ALS2CR11,11735719_a_at,LOC151254,-0.259704107681158,4.40477483443709,-2.46182490920639,0.0143855431161329,0.722730856900648,-3.04910578505829,983,True,1000,Lower in AD
NXF5,11752998_a_at,LOC55998,-0.051582197029428,2.16422185430464,-2.46117150570921,0.0144112374905862,0.723285949908629,-3.05053350750554,984,True,1000,Lower in AD
DNASE1L1,11741203_a_at,LOC1774,0.0778676853210529,3.61179470198676,2.4599833648567,0.0144580640755807,0.724591730708053,-3.0531287314038,985,True,1000,Higher in AD
TMEM134,11747375_a_at,LOC80194,-0.105238839414299,5.37346688741722,-2.45885697481307,0.0145025814274056,0.724591730708053,-3.05558796773155,986,True,1000,Lower in AD
CASP4,11716760_x_at,LOC837,0.0720550126288155,10.5809801324503,2.45882656089921,0.0145037851329376,0.724591730708053,-3.055654355192,987,True,1000,Higher in AD
AKAP2 || PALM2-AKAP2,11723298_s_at,,-0.176113770987684,6.76370198675497,-2.45856122136055,0.0145142903546997,0.724591730708053,-3.05623350474664,988,True,1000,Lower in AD
CFLAR,11720275_a_at,LOC8837,0.130995316792267,8.05014238410596,2.45813594731702,0.014531141706925,0.724591730708053,-3.05716161437764,989,True,1000,Higher in AD
SIGLEC9,11760693_at,LOC27180,0.143903465066587,6.0122417218543,2.4580806540418,0.0145333339589423,0.724591730708053,-3.05728227404041,990,True,1000,Higher in AD
WDR49,11733675_x_at,LOC151790,-0.0861095547594343,2.33938410596026,-2.4578392332007,0.014542909177377,0.724591730708053,-3.05780906640768,991,True,1000,Lower in AD
CLEC4E,11745144_a_at,LOC26253,0.120992581129967,10.4007350993377,2.45754388646741,0.0145546308035149,0.724591730708053,-3.05845346045238,992,True,1000,Higher in AD
SPATA5L1,11743494_at,LOC79029,0.107007809498613,7.33755298013245,2.45704230576414,0.014574556558995,0.724830821069371,-3.05954765059671,993,True,1000,Higher in AD
STAG3,11732168_x_at,LOC10734,0.113552056777286,4.81040728476821,2.4562460935559,0.0146062364625813,0.724830821069371,-3.06128413576024,994,True,1000,Higher in AD
ITGAX,11761777_x_at,,0.10706030121808,3.34924503311258,2.45620181689104,0.0146079999436921,0.724830821069371,-3.06138068437823,995,True,1000,Higher in AD
TP73-AS1,11753533_a_at,LOC57212,0.067124123566185,2.56101986754967,2.45486473089971,0.0146613432537448,0.724830821069371,-3.06429551714658,996,True,1000,Higher in AD
PPIH,11719383_x_at,LOC10465,-0.0856692525481787,8.13576821192053,-2.45486062842466,0.0146615071879974,0.724830821069371,-3.06430445816029,997,True,1000,Lower in AD
WDFY3,11758068_s_at,LOC23001,0.195564493296985,7.53901324503311,2.45467567644623,0.0146688995267979,0.724830821069371,-3.06470753124022,998,True,1000,Higher in AD
DECR1,11717060_a_at,LOC1666,0.0491173710402855,10.4253874172185,2.45413236101585,0.0146906343815238,0.724830821069371,-3.06589143175321,999,True,1000,Higher in AD
KDM8,11742090_a_at,LOC79831,-0.0656322232224904,2.93797350993377,-2.45412852275244,0.0146907880292946,0.724830821069371,-3.06589979455157,1000,True,1000,Lower in AD
